mode,analysis_type,policy_or_allocation,observations,wins,win_rate,allocation_share,sample_status
Legacy,bot_policy,BluffDefenseBot,25120,15256,0.6073,,observed_only
Legacy,bot_policy,BalancedBot,25162,14278,0.5674,,observed_only
Legacy,bot_policy,FortressBot,25167,13399,0.5324,,observed_only
Legacy,bot_policy,Top3AwareDefenseBot,24618,14817,0.6019,,observed_only
Legacy,bot_policy,WeaknessHunterBot,24898,8846,0.3553,,observed_only
Legacy,bot_policy,RandomBot,25011,4280,0.1711,,observed_only
Legacy,bot_policy,GreedyAttackBot,25240,15197,0.6021,,observed_only
Legacy,bot_policy,AdaptiveBot,24784,11213,0.4524,,observed_only
Candidate,bot_policy,BluffDefenseBot,25120,16877,0.6719,,observed_only
Candidate,bot_policy,BalancedBot,25162,10767,0.4279,,observed_only
Candidate,bot_policy,FortressBot,25167,12935,0.5140,,observed_only
Candidate,bot_policy,Top3AwareDefenseBot,24618,13796,0.5604,,observed_only
Candidate,bot_policy,WeaknessHunterBot,24898,7393,0.2969,,observed_only
Candidate,bot_policy,RandomBot,25011,3900,0.1559,,observed_only
Candidate,bot_policy,GreedyAttackBot,25240,14151,0.5607,,observed_only
Candidate,bot_policy,AdaptiveBot,24784,9023,0.3641,,observed_only
Candidate V3,bot_policy,BluffDefenseBot,25120,16189,0.6445,,observed_only
Candidate V3,bot_policy,BalancedBot,25162,11621,0.4618,,observed_only
Candidate V3,bot_policy,FortressBot,25167,12351,0.4908,,observed_only
Candidate V3,bot_policy,Top3AwareDefenseBot,24618,16467,0.6689,,observed_only
Candidate V3,bot_policy,WeaknessHunterBot,24898,7141,0.2868,,observed_only
Candidate V3,bot_policy,RandomBot,25011,3587,0.1434,,observed_only
Candidate V3,bot_policy,GreedyAttackBot,25240,13659,0.5412,,observed_only
Candidate V3,bot_policy,AdaptiveBot,24784,8741,0.3527,,observed_only
Candidate V3,Fortress_defense_pattern,FortressBot:service:4/2/1/1/0,43552,,,0.1675,observed_only
Candidate V3,Fortress_defense_pattern,FortressBot:service:4/4/0/0/0,43433,,,0.1670,observed_only
Candidate V3,Fortress_defense_pattern,FortressBot:service:8/0/0/0/0,43392,,,0.1669,observed_only
Candidate V3,Fortress_defense_pattern,FortressBot:service:6/2/0/0/0,43336,,,0.1667,observed_only
Candidate V3,Fortress_defense_pattern,FortressBot:service:2/2/2/1/1,43185,,,0.1661,observed_only
Candidate V3,Fortress_defense_pattern,FortressBot:service:5/3/0/0/0,43133,,,0.1659,observed_only
Candidate V3,Fortress_defense_pattern,FortressBot:receive:6/2/0/0/0,14297,,,0.1699,observed_only
Candidate V3,Fortress_defense_pattern,FortressBot:receive:4/4/0/0/0,14089,,,0.1674,observed_only
Candidate V3,Fortress_defense_pattern,FortressBot:receive:8/0/0/0/0,14043,,,0.1669,observed_only
Candidate V3,Fortress_defense_pattern,FortressBot:receive:4/2/1/1/0,13997,,,0.1663,observed_only
Candidate V3,Fortress_defense_pattern,FortressBot:receive:5/3/0/0/0,13895,,,0.1651,observed_only
Candidate V3,Fortress_defense_pattern,FortressBot:receive:2/2/2/1/1,13830,,,0.1643,observed_only
Candidate V3,Fortress_defense_pattern,FortressBot:rally:6/2/0/0/0,8503,,,0.1681,observed_only
Candidate V3,Fortress_defense_pattern,FortressBot:rally:4/4/0/0/0,8462,,,0.1673,observed_only
Candidate V3,Fortress_defense_pattern,FortressBot:rally:8/0/0/0/0,8455,,,0.1672,observed_only
Candidate V3,Fortress_defense_pattern,FortressBot:rally:4/2/1/1/0,8391,,,0.1659,observed_only
Candidate V3,Fortress_defense_pattern,FortressBot:rally:2/2/2/1/1,8388,,,0.1659,observed_only
Candidate V3,Fortress_defense_pattern,FortressBot:rally:5/3/0/0/0,8374,,,0.1656,observed_only
Candidate V4,bot_policy,SaveForRallyBot,15319,2181,0.1424,,observed_only
Candidate V4,bot_policy,WeaknessHunterBot,15461,8665,0.5604,,observed_only
Candidate V4,bot_policy,BalancedReserveBot,15415,5451,0.3536,,observed_only
Candidate V4,bot_policy,AllInEarlyBot,15419,11508,0.7464,,observed_only
Candidate V4,bot_policy,RandomBot,15226,7512,0.4934,,observed_only
Candidate V4,bot_policy,FortressBot,15414,6649,0.4314,,observed_only
Candidate V4,bot_policy,Top3AwareDefenseBot,15315,7874,0.5141,,observed_only
Candidate V4,bot_policy,MinimumNeededBot,15658,5578,0.3562,,observed_only
Candidate V4,bot_policy,SpendAllBot,15342,11474,0.7479,,observed_only
Candidate V4,bot_policy,BalancedBot,15360,7317,0.4764,,observed_only
Candidate V4,bot_policy,AdaptiveBot,15326,7847,0.5120,,observed_only
Candidate V4,bot_policy,BluffDefenseBot,15447,9267,0.5999,,observed_only
Candidate V4,bot_policy,GreedyAttackBot,15298,7717,0.5044,,observed_only
Candidate V4,Fortress_defense_pattern,FortressBot:service:5/4/1/0/0,18232,,,0.1399,observed_only
Candidate V4,Fortress_defense_pattern,FortressBot:service:6/3/1/0/0,12310,,,0.0945,observed_only
Candidate V4,Fortress_defense_pattern,FortressBot:service:5/3/1/1/0,11261,,,0.0864,observed_only
Candidate V4,Fortress_defense_pattern,FortressBot:service:4/3/2/1/0,9926,,,0.0762,observed_only
Candidate V4,Fortress_defense_pattern,FortressBot:receive:6/5/1/0/0,8076,,,0.0978,observed_only
Candidate V4,Fortress_defense_pattern,FortressBot:service:6/2/1/1/0,7229,,,0.0555,observed_only
Candidate V4,Fortress_defense_pattern,FortressBot:service:4/4/1/1/0,6860,,,0.0527,observed_only
Candidate V4,Fortress_defense_pattern,FortressBot:service:6/4/0/0/0,6686,,,0.0513,observed_only
Candidate V4,Fortress_defense_pattern,FortressBot:service:5/3/2/0/0,6352,,,0.0488,observed_only
Candidate V4,Fortress_defense_pattern,FortressBot:service:7/2/1/0/0,6089,,,0.0467,observed_only
Candidate V4,Fortress_defense_pattern,FortressBot:receive:6/4/1/1/0,6006,,,0.0727,observed_only
Candidate V4,Fortress_defense_pattern,FortressBot:receive:7/4/1/0/0,5844,,,0.0708,observed_only
Candidate V4,Fortress_defense_pattern,FortressBot:receive:5/4/2/1/0,5591,,,0.0677,observed_only
Candidate V4,Fortress_defense_pattern,FortressBot:service:5/2/2/1/0,5275,,,0.0405,observed_only
Candidate V4,Fortress_defense_pattern,FortressBot:receive:6/3/2/1/0,4273,,,0.0518,observed_only
Candidate V4,Fortress_defense_pattern,FortressBot:service:5/5/0/0/0,4038,,,0.0310,observed_only
Candidate V4,Fortress_defense_pattern,FortressBot:service:7/3/0/0/0,3911,,,0.0300,observed_only
Candidate V4,Fortress_defense_pattern,FortressBot:receive:5/5/1/1/0,3690,,,0.0447,observed_only
Candidate V4,Fortress_defense_pattern,FortressBot:receive:7/3/1/1/0,3685,,,0.0446,observed_only
Candidate V4,Fortress_defense_pattern,FortressBot:service:4/4/2/0/0,3520,,,0.0270,observed_only
Candidate V4,Fortress_defense_pattern,FortressBot:receive:8/3/1/0/0,3069,,,0.0372,observed_only
Candidate V4,Fortress_defense_pattern,FortressBot:receive:6/4/2/0/0,3003,,,0.0364,observed_only
Candidate V4,Fortress_defense_pattern,FortressBot:service:4/3/1/1/1,2869,,,0.0220,observed_only
Candidate V4,Fortress_defense_pattern,FortressBot:service:6/2/2/0/0,2826,,,0.0217,observed_only
Candidate V4,Fortress_defense_pattern,FortressBot:receive:7/5/0/0/0,2507,,,0.0304,observed_only
Candidate V4,Fortress_defense_pattern,FortressBot:service:5/2/1/1/1,2310,,,0.0177,observed_only
Candidate V4,Fortress_defense_pattern,FortressBot:service:4/2/2/1/1,2269,,,0.0174,observed_only
Candidate V4,Fortress_defense_pattern,FortressBot:receive:5/3/2/1/1,1998,,,0.0242,observed_only
Candidate V4,Fortress_defense_pattern,FortressBot:receive:7/3/2/0/0,1996,,,0.0242,observed_only
Candidate V4,Fortress_defense_pattern,FortressBot:receive:5/4/1/1/1,1834,,,0.0222,observed_only
Candidate V4,Fortress_defense_pattern,FortressBot:service:3/3/2/1/1,1816,,,0.0139,observed_only
Candidate V4,Fortress_defense_pattern,FortressBot:receive:5/5/2/0/0,1785,,,0.0216,observed_only
Candidate V4,Fortress_defense_pattern,FortressBot:receive:8/2/1/1/0,1700,,,0.0206,observed_only
Candidate V4,Fortress_defense_pattern,FortressBot:receive:7/2/2/1/0,1692,,,0.0205,observed_only
Candidate V4,Fortress_defense_pattern,FortressBot:service:7/1/1/1/0,1624,,,0.0125,observed_only
Candidate V4,Fortress_defense_pattern,FortressBot:receive:8/4/0/0/0,1540,,,0.0187,observed_only
Candidate V4,Fortress_defense_pattern,FortressBot:service:8/2/0/0/0,1525,,,0.0117,observed_only
Candidate V4,Fortress_defense_pattern,FortressBot:service:8/1/1/0/0,1484,,,0.0114,observed_only
Candidate V4,Fortress_defense_pattern,FortressBot:service:4/3/3/0/0,1484,,,0.0114,observed_only
Candidate V4,Fortress_defense_pattern,FortressBot:receive:6/6/0/0/0,1482,,,0.0179,observed_only
Candidate V4,Fortress_defense_pattern,FortressBot:rally:7/4/3/2/2/1/1/1/1/0,1339,,,0.0190,observed_only
Candidate V4,Fortress_defense_pattern,FortressBot:rally:6/4/3/2/2/2/1/1/1/0,1324,,,0.0188,observed_only
Candidate V4,Fortress_defense_pattern,FortressBot:receive:6/3/1/1/1,1313,,,0.0159,observed_only
Candidate V4,Fortress_defense_pattern,FortressBot:rally:8/4/3/2/2/1/1/1/0/0,1276,,,0.0181,observed_only
Candidate V4,Fortress_defense_pattern,FortressBot:rally:6/5/3/2/2/1/1/1/1/0,1256,,,0.0178,observed_only
Candidate V4,Fortress_defense_pattern,FortressBot:rally:7/4/3/2/2/2/1/1/0/0,1238,,,0.0176,observed_only
Candidate V4,Fortress_defense_pattern,FortressBot:rally:7/5/3/2/2/1/1/1/0/0,1233,,,0.0175,observed_only
Candidate V4,Fortress_defense_pattern,FortressBot:receive:5/3/3/1/0,1150,,,0.0139,observed_only
Candidate V4,Fortress_defense_pattern,FortressBot:receive:9/2/1/0/0,1139,,,0.0138,observed_only
Candidate V4,Fortress_defense_pattern,FortressBot:receive:4/4/2/1/1,1122,,,0.0136,observed_only
Candidate V4,Fortress_defense_pattern,FortressBot:rally:7/4/3/3/2/1/1/1/0/0,1078,,,0.0153,observed_only
Candidate V4,Fortress_defense_pattern,FortressBot:rally:6/5/4/2/2/1/1/1/0/0,1053,,,0.0149,observed_only
Candidate V4,Fortress_defense_pattern,FortressBot:receive:5/3/2/2/0,1048,,,0.0127,observed_only
Candidate V4,Fortress_defense_pattern,FortressBot:receive:5/4/3/0/0,1045,,,0.0127,observed_only
Candidate V4,Fortress_defense_pattern,FortressBot:rally:6/5/3/2/2/2/1/1/0/0,1035,,,0.0147,observed_only
Candidate V4,Fortress_defense_pattern,FortressBot:rally:6/4/3/3/2/2/1/1/0/0,1025,,,0.0145,observed_only
Candidate V4,Fortress_defense_pattern,FortressBot:service:3/3/2/2/0,988,,,0.0076,observed_only
Candidate V4,Fortress_defense_pattern,FortressBot:receive:6/2/2/1/1,939,,,0.0114,observed_only
Candidate V4,Fortress_defense_pattern,FortressBot:rally:6/5/3/3/2/1/1/1/0/0,937,,,0.0133,observed_only
Candidate V4,Fortress_defense_pattern,FortressBot:service:4/2/2/2/0,932,,,0.0072,observed_only
Candidate V4,Fortress_defense_pattern,FortressBot:receive:4/4/3/1/0,869,,,0.0105,observed_only
Candidate V4,Fortress_defense_pattern,FortressBot:receive:4/3/2/2/1,857,,,0.0104,observed_only
Candidate V4,Fortress_defense_pattern,FortressBot:rally:7/4/4/2/2/1/1/1/0/0,841,,,0.0119,observed_only
Candidate V4,Fortress_defense_pattern,FortressBot:service:3/3/3/1/0,836,,,0.0064,observed_only
Candidate V4,Fortress_defense_pattern,FortressBot:rally:7/3/3/2/2/2/1/1/1/0,836,,,0.0119,observed_only
Candidate V4,Fortress_defense_pattern,FortressBot:service:3/2/2/2/1,824,,,0.0063,observed_only
Candidate V4,Fortress_defense_pattern,FortressBot:rally:7/5/3/3/2/1/1/0/0/0,824,,,0.0117,observed_only
Candidate V4,Fortress_defense_pattern,FortressBot:rally:7/5/4/2/2/1/1/0/0/0,796,,,0.0113,observed_only
Candidate V4,Fortress_defense_pattern,FortressBot:rally:5/4/3/3/2/2/1/1/1/0,784,,,0.0111,observed_only
Candidate V4,Fortress_defense_pattern,FortressBot:receive:7/2/1/1/1,748,,,0.0091,observed_only
Candidate V4,Fortress_defense_pattern,FortressBot:receive:9/3/0/0/0,720,,,0.0087,observed_only
Candidate V4,Fortress_defense_pattern,FortressBot:rally:6/6/3/2/2/1/1/1/0/0,695,,,0.0099,observed_only
Candidate V4,Fortress_defense_pattern,FortressBot:receive:8/2/2/0/0,687,,,0.0083,observed_only
Candidate V4,Fortress_defense_pattern,FortressBot:rally:8/4/3/3/2/1/1/0/0/0,679,,,0.0096,observed_only
Candidate V4,Fortress_defense_pattern,FortressBot:rally:6/4/3/3/2/1/1/1/1/0,644,,,0.0091,observed_only
Candidate V4,Fortress_defense_pattern,FortressBot:rally:5/5/3/2/2/2/1/1/1/0,635,,,0.0090,observed_only
Candidate V4,Fortress_defense_pattern,FortressBot:receive:6/3/3/0/0,629,,,0.0076,observed_only
Candidate V4,Fortress_defense_pattern,FortressBot:rally:6/4/4/2/2/2/1/1/0/0,608,,,0.0086,observed_only
Candidate V4,Fortress_defense_pattern,FortressBot:rally:6/4/4/2/2/1/1/1/1/0,605,,,0.0086,observed_only
Candidate V4,Fortress_defense_pattern,FortressBot:rally:6/4/4/3/2/1/1/1/0/0,598,,,0.0085,observed_only
Candidate V4,Fortress_defense_pattern,FortressBot:rally:5/4/3/2/2/2/2/1/1/0,589,,,0.0084,observed_only
Candidate V4,Fortress_defense_pattern,FortressBot:service:0/0/0/0/0,584,,,0.0045,observed_only
Candidate V4,Fortress_defense_pattern,FortressBot:service:1/0/0/0/0,576,,,0.0044,observed_only
Candidate V4,Fortress_defense_pattern,FortressBot:rally:8/3/3/2/2/1/1/1/1/0,574,,,0.0081,observed_only
Candidate V4,Fortress_defense_pattern,FortressBot:rally:8/3/3/2/2/2/1/1/0/0,569,,,0.0081,observed_only
Candidate V4,Fortress_defense_pattern,FortressBot:rally:6/5/4/3/1/1/1/1/0/0,568,,,0.0081,observed_only
Candidate V4,Fortress_defense_pattern,FortressBot:receive:4/4/2/2/0,564,,,0.0068,observed_only
Candidate V4,Fortress_defense_pattern,FortressBot:rally:6/5/4/2/1/1/1/1/1/0,543,,,0.0077,observed_only
Candidate V4,Fortress_defense_pattern,FortressBot:service:6/1/1/1/1,542,,,0.0042,observed_only
Candidate V4,Fortress_defense_pattern,FortressBot:rally:6/5/4/3/2/1/1/0/0/0,541,,,0.0077,observed_only
Candidate V4,Fortress_defense_pattern,FortressBot:receive:4/3/3/2/0,527,,,0.0064,observed_only
Candidate V4,Fortress_defense_pattern,FortressBot:rally:7/5/4/2/1/1/1/1/0/0,513,,,0.0073,observed_only
Candidate V4,Fortress_defense_pattern,FortressBot:rally:6/6/4/2/2/1/1/0/0/0,498,,,0.0071,observed_only
Candidate V4,Fortress_defense_pattern,FortressBot:rally:5/4/3/2/2/2/1/1/1/1,490,,,0.0070,observed_only
Candidate V4,Fortress_defense_pattern,FortressBot:rally:7/4/3/3/2/2/1/0/0/0,487,,,0.0069,observed_only
Candidate V4,Fortress_defense_pattern,FortressBot:receive:4/3/3/1/1,486,,,0.0059,observed_only
Candidate V4,Fortress_defense_pattern,FortressBot:rally:7/5/4/3/1/1/1/0/0/0,483,,,0.0069,observed_only
Candidate V4,Fortress_defense_pattern,FortressBot:rally:6/4/3/2/2/1/1/1/1/1,482,,,0.0068,observed_only
Candidate V4,Fortress_defense_pattern,FortressBot:rally:7/3/3/3/2/2/1/1/0/0,480,,,0.0068,observed_only
Candidate V4,Fortress_defense_pattern,FortressBot:rally:8/4/4/2/2/1/1/0/0/0,480,,,0.0068,observed_only
Candidate V4,Fortress_defense_pattern,FortressBot:rally:5/4/4/3/2/2/1/1/0/0,479,,,0.0068,observed_only
Candidate V4,Fortress_defense_pattern,FortressBot:rally:6/4/3/2/2/2/2/1/0/0,476,,,0.0068,observed_only
Candidate V4,Fortress_defense_pattern,FortressBot:service:1/1/0/0/0,475,,,0.0036,observed_only
Candidate V4,Fortress_defense_pattern,FortressBot:rally:9/4/3/2/2/1/1/0/0/0,474,,,0.0067,observed_only
Candidate V4,Fortress_defense_pattern,FortressBot:rally:9/3/3/2/2/1/1/1/0/0,470,,,0.0067,observed_only
Candidate V4,Fortress_defense_pattern,FortressBot:service:9/1/0/0/0,463,,,0.0036,observed_only
Candidate V4,Fortress_defense_pattern,FortressBot:rally:8/4/3/2/2/2/1/0/0/0,458,,,0.0065,observed_only
Candidate V4,Fortress_defense_pattern,FortressBot:rally:7/4/4/3/2/1/1/0/0/0,456,,,0.0065,observed_only
Candidate V4,Fortress_defense_pattern,FortressBot:rally:6/6/3/3/2/1/1/0/0/0,448,,,0.0064,observed_only
Candidate V4,Fortress_defense_pattern,FortressBot:rally:5/5/3/3/2/2/1/1/0/0,447,,,0.0063,observed_only
Candidate V4,Fortress_defense_pattern,FortressBot:rally:7/4/4/3/1/1/1/1/0/0,440,,,0.0062,observed_only
Candidate V4,Fortress_defense_pattern,FortressBot:rally:7/6/3/2/2/1/1/0/0/0,420,,,0.0060,observed_only
Candidate V4,Fortress_defense_pattern,FortressBot:rally:6/3/3/3/2/2/1/1/1/0,418,,,0.0059,observed_only
Candidate V4,Fortress_defense_pattern,FortressBot:receive:6/2/2/2/0,410,,,0.0050,observed_only
Candidate V4,Fortress_defense_pattern,FortressBot:rally:7/5/3/2/2/2/1/0/0/0,403,,,0.0057,observed_only
Candidate V4,Fortress_defense_pattern,FortressBot:rally:7/4/4/2/1/1/1/1/1/0,402,,,0.0057,observed_only
Candidate V4,Fortress_defense_pattern,FortressBot:rally:6/5/4/2/2/2/1/0/0/0,387,,,0.0055,observed_only
Candidate V4,Fortress_defense_pattern,FortressBot:rally:6/5/3/3/2/2/1/0/0/0,386,,,0.0055,observed_only
Candidate V4,Fortress_defense_pattern,FortressBot:receive:5/2/2/2/1,386,,,0.0047,observed_only
Candidate V4,Fortress_defense_pattern,FortressBot:rally:6/3/3/2/2/2/2/1/1/0,377,,,0.0053,observed_only
Candidate V4,Fortress_defense_pattern,FortressBot:rally:8/3/2/2/2/2/1/1/1/0,376,,,0.0053,observed_only
Candidate V4,Fortress_defense_pattern,FortressBot:rally:5/4/4/2/2/2/1/1/1/0,376,,,0.0053,observed_only
Candidate V4,Fortress_defense_pattern,FortressBot:rally:8/3/3/3/2/1/1/1/0/0,374,,,0.0053,observed_only
Candidate V4,Fortress_defense_pattern,FortressBot:rally:8/4/4/3/1/1/1/0/0/0,373,,,0.0053,observed_only
Candidate V4,Fortress_defense_pattern,FortressBot:rally:7/4/2/2/2/2/1/1/1/0,359,,,0.0051,observed_only
Candidate V4,Fortress_defense_pattern,FortressBot:rally:6/3/3/2/2/2/1/1/1/1,358,,,0.0051,observed_only
Candidate V4,Fortress_defense_pattern,FortressBot:rally:5/5/4/2/2/2/1/1/0/0,352,,,0.0050,observed_only
Candidate V4,Fortress_defense_pattern,FortressBot:rally:5/4/3/3/2/2/2/1/0/0,352,,,0.0050,observed_only
Candidate V4,Fortress_defense_pattern,FortressBot:rally:5/5/4/2/2/1/1/1/1/0,348,,,0.0049,observed_only
Candidate V4,Fortress_defense_pattern,FortressBot:service:2/1/1/0/0,347,,,0.0027,observed_only
Candidate V4,Fortress_defense_pattern,FortressBot:rally:8/4/3/3/1/1/1/1/0/0,347,,,0.0049,observed_only
Candidate V4,Fortress_defense_pattern,FortressBot:rally:6/4/4/3/2/2/1/0/0/0,340,,,0.0048,observed_only
Candidate V4,Fortress_defense_pattern,FortressBot:rally:8/4/4/2/1/1/1/1/0/0,336,,,0.0048,observed_only
Candidate V4,Fortress_defense_pattern,FortressBot:rally:6/5/2/2/2/2/1/1/1/0,334,,,0.0047,observed_only
Candidate V4,Fortress_defense_pattern,FortressBot:rally:8/4/2/2/2/2/1/1/0/0,330,,,0.0047,observed_only
Candidate V4,Fortress_defense_pattern,FortressBot:receive:0/0/0/0/0,330,,,0.0040,observed_only
Candidate V4,Fortress_defense_pattern,FortressBot:receive:9/1/1/1/0,328,,,0.0040,observed_only
Candidate V4,Fortress_defense_pattern,FortressBot:rally:6/6/4/3/1/1/1/0/0/0,327,,,0.0046,observed_only
Candidate V4,Fortress_defense_pattern,FortressBot:receive:1/0/0/0/0,326,,,0.0039,observed_only
Candidate V4,Fortress_defense_pattern,FortressBot:rally:8/5/3/2/2/1/1/0/0/0,324,,,0.0046,observed_only
Candidate V4,Fortress_defense_pattern,FortressBot:rally:6/6/4/2/1/1/1/1/0/0,316,,,0.0045,observed_only
Candidate V4,Fortress_defense_pattern,FortressBot:rally:5/4/4/3/2/1/1/1/1/0,313,,,0.0044,observed_only
Candidate V4,Fortress_defense_pattern,FortressBot:rally:7/4/4/2/2/2/1/0/0/0,313,,,0.0044,observed_only
Candidate V4,Fortress_defense_pattern,FortressBot:rally:5/5/4/3/2/1/1/1/0/0,307,,,0.0044,observed_only
Candidate V4,Fortress_defense_pattern,FortressBot:rally:7/4/3/3/1/1/1/1/1/0,298,,,0.0042,observed_only
Candidate V4,Fortress_defense_pattern,FortressBot:rally:7/5/2/2/2/2/1/1/0/0,298,,,0.0042,observed_only
Candidate V4,Fortress_defense_pattern,FortressBot:rally:5/4/3/3/3/2/1/1/0/0,293,,,0.0042,observed_only
Candidate V4,Fortress_defense_pattern,FortressBot:service:1/1/1/0/0,293,,,0.0022,observed_only
Candidate V4,Fortress_defense_pattern,FortressBot:rally:7/6/4/2/2/1/0/0/0/0,291,,,0.0041,observed_only
Candidate V4,Fortress_defense_pattern,FortressBot:rally:7/5/3/3/1/1/1/1/0/0,279,,,0.0040,observed_only
Candidate V4,Fortress_defense_pattern,FortressBot:rally:7/3/3/2/2/2/2/1/0/0,279,,,0.0040,observed_only
Candidate V4,Fortress_defense_pattern,FortressBot:rally:6/4/2/2/2/2/2/1/1/0,278,,,0.0039,observed_only
Candidate V4,Fortress_defense_pattern,FortressBot:rally:7/6/3/3/2/1/0/0/0/0,273,,,0.0039,observed_only
Candidate V4,Fortress_defense_pattern,FortressBot:service:2/1/0/0/0,271,,,0.0021,observed_only
Candidate V4,Fortress_defense_pattern,FortressBot:rally:9/3/3/3/2/1/1/0/0/0,268,,,0.0038,observed_only
Candidate V4,Fortress_defense_pattern,FortressBot:rally:6/5/3/3/1/1/1/1/1/0,267,,,0.0038,observed_only
Candidate V4,Fortress_defense_pattern,FortressBot:rally:7/5/4/3/2/1/0/0/0/0,267,,,0.0038,observed_only
Candidate V4,Fortress_defense_pattern,FortressBot:rally:8/4/3/2/1/1/1/1/1/0,255,,,0.0036,observed_only
Candidate V4,Fortress_defense_pattern,FortressBot:rally:7/3/2/2/2/2/2/1/1/0,247,,,0.0035,observed_only
Candidate V4,Fortress_defense_pattern,FortressBot:rally:9/3/2/2/2/2/1/1/0/0,245,,,0.0035,observed_only
Candidate V4,Fortress_defense_pattern,FortressBot:rally:5/3/3/3/2/2/2/1/1/0,243,,,0.0034,observed_only
Candidate V4,Fortress_defense_pattern,FortressBot:receive:1/1/0/0/0,238,,,0.0029,observed_only
Candidate V4,Fortress_defense_pattern,FortressBot:rally:7/3/3/3/2/1/1/1/1/0,230,,,0.0033,observed_only
Candidate V4,Fortress_defense_pattern,FortressBot:rally:5/5/3/3/2/1/1/1/1/0,230,,,0.0033,observed_only
Candidate V4,Fortress_defense_pattern,FortressBot:receive:10/2/0/0/0,227,,,0.0027,observed_only
Candidate V4,Fortress_defense_pattern,FortressBot:rally:6/6/3/2/2/2/1/0/0/0,224,,,0.0032,observed_only
Candidate V4,Fortress_defense_pattern,FortressBot:rally:8/5/3/3/2/1/0/0/0/0,224,,,0.0032,observed_only
Candidate V4,Fortress_defense_pattern,FortressBot:service:2/1/1/1/0,224,,,0.0017,observed_only
Candidate V4,Fortress_defense_pattern,FortressBot:rally:6/5/3/2/2/2/2/0/0/0,222,,,0.0031,observed_only
Candidate V4,Fortress_defense_pattern,FortressBot:rally:7/3/3/2/2/1/1/1/1/1,222,,,0.0031,observed_only
Candidate V4,Fortress_defense_pattern,FortressBot:rally:4/4/3/3/2/2/2/1/1/0,220,,,0.0031,observed_only
Candidate V4,Fortress_defense_pattern,FortressBot:rally:9/3/2/2/2/1/1/1/1/0,220,,,0.0031,observed_only
Candidate V4,Fortress_defense_pattern,FortressBot:rally:9/4/3/2/1/1/1/1/0/0,219,,,0.0031,observed_only
Candidate V4,Fortress_defense_pattern,FortressBot:receive:10/1/1/0/0,215,,,0.0026,observed_only
Candidate V4,Fortress_defense_pattern,FortressBot:rally:6/3/3/3/2/2/2/1/0/0,215,,,0.0031,observed_only
Candidate V4,Fortress_defense_pattern,FortressBot:rally:5/3/3/2/2/2/2/1/1/1,214,,,0.0030,observed_only
Candidate V4,Fortress_defense_pattern,FortressBot:rally:5/5/3/2/2/1/1/1/1/1,213,,,0.0030,observed_only
Candidate V4,Fortress_defense_pattern,FortressBot:rally:5/5/3/2/2/2/2/1/0/0,212,,,0.0030,observed_only
Candidate V4,Fortress_defense_pattern,FortressBot:rally:5/5/4/3/2/2/1/0/0/0,206,,,0.0029,observed_only
Candidate V4,Fortress_defense_pattern,FortressBot:rally:9/4/3/3/1/1/1/0/0/0,205,,,0.0029,observed_only
Candidate V4,Fortress_defense_pattern,FortressBot:rally:7/3/2/2/2/2/1/1/1/1,202,,,0.0029,observed_only
Candidate V4,Fortress_defense_pattern,FortressBot:receive:2/1/1/0/0,202,,,0.0024,observed_only
Candidate V4,Fortress_defense_pattern,FortressBot:rally:6/4/3/3/3/2/1/0/0/0,198,,,0.0028,observed_only
Candidate V4,Fortress_defense_pattern,FortressBot:rally:9/4/3/3/2/1/0/0/0/0,195,,,0.0028,observed_only
Candidate V4,Fortress_defense_pattern,FortressBot:rally:7/6/4/3/1/1/0/0/0/0,195,,,0.0028,observed_only
Candidate V4,Fortress_defense_pattern,FortressBot:service:2/2/1/1/0,193,,,0.0015,observed_only
Candidate V4,Fortress_defense_pattern,FortressBot:rally:8/4/4/3/2/1/0/0/0/0,192,,,0.0027,observed_only
Candidate V4,Fortress_defense_pattern,FortressBot:rally:8/5/4/2/2/1/0/0/0/0,192,,,0.0027,observed_only
Candidate V4,Fortress_defense_pattern,FortressBot:service:3/2/1/1/0,191,,,0.0015,observed_only
Candidate V4,Fortress_defense_pattern,FortressBot:rally:7/6/4/2/1/1/1/0/0/0,189,,,0.0027,observed_only
Candidate V4,Fortress_defense_pattern,FortressBot:rally:5/4/4/2/2/2/2/1/0/0,183,,,0.0026,observed_only
Candidate V4,Fortress_defense_pattern,FortressBot:rally:6/6/2/2/2/2/1/1/0/0,182,,,0.0026,observed_only
Candidate V4,Fortress_defense_pattern,FortressBot:receive:3/3/3/2/1,182,,,0.0022,observed_only
Candidate V4,Fortress_defense_pattern,FortressBot:rally:8/3/3/3/2/2/1/0/0/0,182,,,0.0026,observed_only
Candidate V4,Fortress_defense_pattern,FortressBot:rally:5/4/4/2/2/1/1/1/1/1,181,,,0.0026,observed_only
Candidate V4,Fortress_defense_pattern,FortressBot:receive:2/1/0/0/0,174,,,0.0021,observed_only
Candidate V4,Fortress_defense_pattern,FortressBot:rally:1/0/0/0/0/0/0/0/0/0,173,,,0.0025,observed_only
Candidate V4,Fortress_defense_pattern,FortressBot:receive:1/1/1/0/0,165,,,0.0020,observed_only
Candidate V4,Fortress_defense_pattern,FortressBot:rally:7/4/2/2/2/2/2/1/0/0,159,,,0.0023,observed_only
Candidate V4,Fortress_defense_pattern,FortressBot:rally:6/6/3/3/1/1/1/1/0/0,156,,,0.0022,observed_only
Candidate V4,Fortress_defense_pattern,FortressBot:service:3/2/1/0/0,155,,,0.0012,observed_only
Candidate V4,Fortress_defense_pattern,FortressBot:rally:0/0/0/0/0/0/0/0/0/0,155,,,0.0022,observed_only
Candidate V4,Fortress_defense_pattern,FortressBot:rally:8/4/2/2/2/1/1/1/1/0,154,,,0.0022,observed_only
Candidate V4,Fortress_defense_pattern,FortressBot:rally:7/4/3/2/2/2/2/0/0/0,154,,,0.0022,observed_only
Candidate V4,Fortress_defense_pattern,FortressBot:rally:6/6/4/3/2/1/0/0/0/0,153,,,0.0022,observed_only
Candidate V4,Fortress_defense_pattern,FortressBot:rally:6/4/4/2/1/1/1/1/1/1,150,,,0.0021,observed_only
Candidate V4,Fortress_defense_pattern,FortressBot:service:2/2/1/0/0,150,,,0.0012,observed_only
Candidate V4,Fortress_defense_pattern,FortressBot:rally:6/3/2/2/2/2/2/1/1/1,149,,,0.0021,observed_only
Candidate V4,Fortress_defense_pattern,FortressBot:rally:9/4/2/2/2/1/1/1/0/0,148,,,0.0021,observed_only
Candidate V4,Fortress_defense_pattern,FortressBot:rally:5/4/4/3/3/1/1/1/0/0,147,,,0.0021,observed_only
Candidate V4,Fortress_defense_pattern,FortressBot:rally:10/3/2/2/2/1/1/1/0/0,147,,,0.0021,observed_only
Candidate V4,Fortress_defense_pattern,FortressBot:rally:9/3/3/2/2/2/1/0/0/0,143,,,0.0020,observed_only
Candidate V4,Fortress_defense_pattern,FortressBot:rally:5/5/2/2/2/2/2/1/1/0,143,,,0.0020,observed_only
Candidate V4,Fortress_defense_pattern,FortressBot:rally:6/5/4/3/2/2/0/0/0/0,142,,,0.0020,observed_only
Candidate V4,Fortress_defense_pattern,FortressBot:rally:6/3/3/3/3/2/1/1/0/0,141,,,0.0020,observed_only
Candidate V4,Fortress_defense_pattern,FortressBot:rally:8/3/2/2/2/2/2/1/0/0,141,,,0.0020,observed_only
Candidate V4,Fortress_defense_pattern,FortressBot:rally:10/3/3/2/2/1/1/0/0/0,140,,,0.0020,observed_only
Candidate V4,Fortress_defense_pattern,FortressBot:rally:7/6/2/2/2/2/1/0/0/0,139,,,0.0020,observed_only
Candidate V4,Fortress_defense_pattern,FortressBot:rally:4/4/4/3/2/2/1/1/1/0,137,,,0.0019,observed_only
Candidate V4,Fortress_defense_pattern,FortressBot:rally:8/5/4/2/1/1/1/0/0/0,136,,,0.0019,observed_only
Candidate V4,Fortress_defense_pattern,FortressBot:rally:6/5/2/2/2/2/2/1/0/0,136,,,0.0019,observed_only
Candidate V4,Fortress_defense_pattern,FortressBot:service:3/2/2/1/0,134,,,0.0010,observed_only
Candidate V4,Fortress_defense_pattern,FortressBot:rally:7/6/3/2/2/2/0/0/0/0,133,,,0.0019,observed_only
Candidate V4,Fortress_defense_pattern,FortressBot:service:3/2/2/1/1,132,,,0.0010,observed_only
Candidate V4,Fortress_defense_pattern,FortressBot:rally:6/4/3/3/3/1/1/1/0/0,131,,,0.0019,observed_only
Candidate V4,Fortress_defense_pattern,FortressBot:rally:4/4/3/3/2/2/1/1/1/1,131,,,0.0019,observed_only
Candidate V4,Fortress_defense_pattern,FortressBot:rally:8/5/4/3/1/1/0/0/0/0,130,,,0.0018,observed_only
Candidate V4,Fortress_defense_pattern,FortressBot:rally:1/1/0/0/0/0/0/0/0/0,130,,,0.0018,observed_only
Candidate V4,Fortress_defense_pattern,FortressBot:rally:5/4/3/3/2/1/1/1/1/1,130,,,0.0018,observed_only
Candidate V4,Fortress_defense_pattern,FortressBot:rally:5/4/3/3/3/1/1/1/1/0,127,,,0.0018,observed_only
Candidate V4,Fortress_defense_pattern,FortressBot:receive:2/1/1/1/0,126,,,0.0015,observed_only
Candidate V4,Fortress_defense_pattern,FortressBot:rally:6/4/4/3/1/1/1/1/1/0,125,,,0.0018,observed_only
Candidate V4,Fortress_defense_pattern,FortressBot:receive:8/1/1/1/1,125,,,0.0015,observed_only
Candidate V4,Fortress_defense_pattern,FortressBot:rally:4/4/3/3/3/2/1/1/1/0,117,,,0.0017,observed_only
Candidate V4,Fortress_defense_pattern,FortressBot:rally:9/4/4/2/2/1/0/0/0/0,115,,,0.0016,observed_only
Candidate V4,Fortress_defense_pattern,FortressBot:rally:8/5/3/2/2/2/0/0/0/0,114,,,0.0016,observed_only
Candidate V4,Fortress_defense_pattern,FortressBot:rally:1/1/1/0/0/0/0/0/0/0,114,,,0.0016,observed_only
Candidate V4,Fortress_defense_pattern,FortressBot:service:2/0/0/0/0,113,,,0.0009,observed_only
Candidate V4,Fortress_defense_pattern,FortressBot:service:1/1/1/1/0,112,,,0.0009,observed_only
Candidate V4,Fortress_defense_pattern,FortressBot:rally:5/3/3/3/2/2/1/1/1/1,112,,,0.0016,observed_only
Candidate V4,Fortress_defense_pattern,FortressBot:rally:4/4/3/2/2/2/2/1/1/1,111,,,0.0016,observed_only
Candidate V4,Fortress_defense_pattern,FortressBot:rally:5/4/4/3/3/2/1/0/0/0,110,,,0.0016,observed_only
Candidate V4,Fortress_defense_pattern,FortressBot:rally:9/4/4/2/1/1/1/0/0/0,108,,,0.0015,observed_only
Candidate V4,Fortress_defense_pattern,FortressBot:service:3/1/1/0/0,107,,,0.0008,observed_only
Candidate V4,Fortress_defense_pattern,FortressBot:rally:5/4/2/2/2/2/2/1/1/1,106,,,0.0015,observed_only
Candidate V4,Fortress_defense_pattern,FortressBot:rally:6/4/2/2/2/2/1/1/1/1,106,,,0.0015,observed_only
Candidate V4,Fortress_defense_pattern,FortressBot:service:2/2/2/1/0,106,,,0.0008,observed_only
Candidate V4,Fortress_defense_pattern,FortressBot:rally:9/4/2/2/2/2/1/0/0/0,103,,,0.0015,observed_only
Candidate V4,Fortress_defense_pattern,FortressBot:rally:5/3/3/2/2/2/2/2/1/0,100,,,0.0014,observed_only
Candidate V4,Fortress_defense_pattern,FortressBot:receive:2/2/1/0/0,100,,,0.0012,observed_only
Candidate V4,Fortress_defense_pattern,FortressBot:rally:8/3/2/2/2/1/1/1/1/1,99,,,0.0014,INSUFFICIENT_SAMPLE
Candidate V4,Fortress_defense_pattern,FortressBot:rally:7/6/4/3/2/0/0/0/0/0,99,,,0.0014,INSUFFICIENT_SAMPLE
Candidate V4,Fortress_defense_pattern,FortressBot:rally:9/4/4/3/1/1/0/0/0/0,97,,,0.0014,INSUFFICIENT_SAMPLE
Candidate V4,Fortress_defense_pattern,FortressBot:rally:10/4/3/2/1/1/1/0/0/0,95,,,0.0013,INSUFFICIENT_SAMPLE
Candidate V4,Fortress_defense_pattern,FortressBot:service:3/2/1/1/1,94,,,0.0007,INSUFFICIENT_SAMPLE
Candidate V4,Fortress_defense_pattern,FortressBot:receive:2/2/1/1/0,93,,,0.0011,INSUFFICIENT_SAMPLE
Candidate V4,Fortress_defense_pattern,FortressBot:rally:6/4/3/3/2/2/2/0/0/0,91,,,0.0013,INSUFFICIENT_SAMPLE
Candidate V4,Fortress_defense_pattern,FortressBot:receive:6/5/1/1/0,90,,,0.0011,INSUFFICIENT_SAMPLE
Candidate V4,Fortress_defense_pattern,FortressBot:rally:6/5/4/4/1/1/1/0/0/0,90,,,0.0013,INSUFFICIENT_SAMPLE
Candidate V4,Fortress_defense_pattern,FortressBot:receive:3/3/2/2/2,90,,,0.0011,INSUFFICIENT_SAMPLE
Candidate V4,Fortress_defense_pattern,FortressBot:receive:3/2/1/1/0,89,,,0.0011,INSUFFICIENT_SAMPLE
Candidate V4,Fortress_defense_pattern,FortressBot:rally:4/3/3/3/2/2/2/1/1/1,88,,,0.0012,INSUFFICIENT_SAMPLE
Candidate V4,Fortress_defense_pattern,FortressBot:receive:4/4/4/0/0,88,,,0.0011,INSUFFICIENT_SAMPLE
Candidate V4,Fortress_defense_pattern,FortressBot:receive:6/5/2/1/0,87,,,0.0011,INSUFFICIENT_SAMPLE
Candidate V4,Fortress_defense_pattern,FortressBot:rally:4/4/3/3/3/2/2/1/0/0,86,,,0.0012,INSUFFICIENT_SAMPLE
Candidate V4,Fortress_defense_pattern,FortressBot:service:3/1/1/1/0,86,,,0.0007,INSUFFICIENT_SAMPLE
Candidate V4,Fortress_defense_pattern,FortressBot:rally:5/3/3/3/3/2/1/1/1/0,86,,,0.0012,INSUFFICIENT_SAMPLE
Candidate V4,Fortress_defense_pattern,FortressBot:rally:7/3/3/3/3/2/1/0/0/0,86,,,0.0012,INSUFFICIENT_SAMPLE
Candidate V4,Fortress_defense_pattern,FortressBot:rally:7/4/4/3/2/2/0/0/0/0,86,,,0.0012,INSUFFICIENT_SAMPLE
Candidate V4,Fortress_defense_pattern,FortressBot:rally:9/4/2/2/1/1/1/1/1/0,85,,,0.0012,INSUFFICIENT_SAMPLE
Candidate V4,Fortress_defense_pattern,FortressBot:rally:5/5/4/2/1/1/1/1/1/1,85,,,0.0012,INSUFFICIENT_SAMPLE
Candidate V4,Fortress_defense_pattern,FortressBot:rally:7/6/3/3/1/1/1/0/0/0,84,,,0.0012,INSUFFICIENT_SAMPLE
Candidate V4,Fortress_defense_pattern,FortressBot:rally:1/1/1/1/0/0/0/0/0/0,82,,,0.0012,INSUFFICIENT_SAMPLE
Candidate V4,Fortress_defense_pattern,FortressBot:rally:9/4/3/2/2/2/0/0/0/0,82,,,0.0012,INSUFFICIENT_SAMPLE
Candidate V4,Fortress_defense_pattern,FortressBot:rally:10/4/2/2/1/1/1/1/0/0,82,,,0.0012,INSUFFICIENT_SAMPLE
Candidate V4,Fortress_defense_pattern,FortressBot:rally:8/3/3/3/1/1/1/1/1/0,81,,,0.0011,INSUFFICIENT_SAMPLE
Candidate V4,Fortress_defense_pattern,FortressBot:rally:7/4/3/2/1/1/1/1/1/1,81,,,0.0011,INSUFFICIENT_SAMPLE
Candidate V4,Fortress_defense_pattern,FortressBot:rally:6/4/4/3/3/1/1/0/0/0,80,,,0.0011,INSUFFICIENT_SAMPLE
Candidate V4,Fortress_defense_pattern,FortressBot:rally:8/3/3/2/2/2/2/0/0/0,80,,,0.0011,INSUFFICIENT_SAMPLE
Candidate V4,Fortress_defense_pattern,FortressBot:rally:10/4/2/2/2/1/1/0/0/0,79,,,0.0011,INSUFFICIENT_SAMPLE
Candidate V4,Fortress_defense_pattern,FortressBot:rally:2/1/1/0/0/0/0/0/0/0,79,,,0.0011,INSUFFICIENT_SAMPLE
Candidate V4,Fortress_defense_pattern,FortressBot:rally:4/3/3/3/3/2/2/1/1/0,79,,,0.0011,INSUFFICIENT_SAMPLE
Candidate V4,Fortress_defense_pattern,FortressBot:rally:7/5/4/4/1/1/0/0/0/0,78,,,0.0011,INSUFFICIENT_SAMPLE
Candidate V4,Fortress_defense_pattern,FortressBot:rally:6/4/4/4/2/1/1/0/0/0,78,,,0.0011,INSUFFICIENT_SAMPLE
Candidate V4,Fortress_defense_pattern,FortressBot:receive:3/2/2/1/0,78,,,0.0009,INSUFFICIENT_SAMPLE
Candidate V4,Fortress_defense_pattern,FortressBot:service:2/2/2/1/1,77,,,0.0006,INSUFFICIENT_SAMPLE
Candidate V4,Fortress_defense_pattern,FortressBot:rally:5/5/4/3/1/1/1/1/1/0,77,,,0.0011,INSUFFICIENT_SAMPLE
Candidate V4,Fortress_defense_pattern,FortressBot:receive:7/5/1/0/0,77,,,0.0009,INSUFFICIENT_SAMPLE
Candidate V4,Fortress_defense_pattern,FortressBot:rally:5/3/3/3/3/2/2/1/0/0,77,,,0.0011,INSUFFICIENT_SAMPLE
Candidate V4,Fortress_defense_pattern,FortressBot:service:2/2/1/1/1,76,,,0.0006,INSUFFICIENT_SAMPLE
Candidate V4,Fortress_defense_pattern,FortressBot:service:3/3/2/1/0,76,,,0.0006,INSUFFICIENT_SAMPLE
Candidate V4,Fortress_defense_pattern,FortressBot:rally:10/4/3/2/2/1/0/0/0/0,76,,,0.0011,INSUFFICIENT_SAMPLE
Candidate V4,Fortress_defense_pattern,FortressBot:rally:5/5/3/3/3/2/1/0/0/0,76,,,0.0011,INSUFFICIENT_SAMPLE
Candidate V4,Fortress_defense_pattern,FortressBot:rally:4/4/4/3/2/2/2/1/0/0,75,,,0.0011,INSUFFICIENT_SAMPLE
Candidate V4,Fortress_defense_pattern,FortressBot:receive:3/2/1/0/0,75,,,0.0009,INSUFFICIENT_SAMPLE
Candidate V4,Fortress_defense_pattern,FortressBot:rally:5/4/3/2/2/2/2/2/0/0,75,,,0.0011,INSUFFICIENT_SAMPLE
Candidate V4,Fortress_defense_pattern,FortressBot:receive:7/5/1/1/0,75,,,0.0009,INSUFFICIENT_SAMPLE
Candidate V4,Fortress_defense_pattern,FortressBot:receive:7/6/1/0/0,74,,,0.0009,INSUFFICIENT_SAMPLE
Candidate V4,Fortress_defense_pattern,FortressBot:receive:4/3/2/1/0,74,,,0.0009,INSUFFICIENT_SAMPLE
Candidate V4,Fortress_defense_pattern,FortressBot:rally:2/1/1/1/0/0/0/0/0/0,73,,,0.0010,INSUFFICIENT_SAMPLE
Candidate V4,Fortress_defense_pattern,FortressBot:rally:8/5/2/2/2/2/1/0/0/0,73,,,0.0010,INSUFFICIENT_SAMPLE
Candidate V4,Fortress_defense_pattern,FortressBot:rally:7/4/3/3/3/1/1/0/0/0,73,,,0.0010,INSUFFICIENT_SAMPLE
Candidate V4,Fortress_defense_pattern,FortressBot:rally:6/3/2/2/2/2/2/2/1/0,73,,,0.0010,INSUFFICIENT_SAMPLE
Candidate V4,Fortress_defense_pattern,FortressBot:receive:1/1/1/1/0,72,,,0.0009,INSUFFICIENT_SAMPLE
Candidate V4,Fortress_defense_pattern,FortressBot:rally:8/5/4/3/2/0/0/0/0/0,72,,,0.0010,INSUFFICIENT_SAMPLE
Candidate V4,Fortress_defense_pattern,FortressBot:rally:6/3/3/3/2/1/1/1/1/1,72,,,0.0010,INSUFFICIENT_SAMPLE
Candidate V4,Fortress_defense_pattern,FortressBot:rally:4/4/3/2/2/2/2/2/1/0,72,,,0.0010,INSUFFICIENT_SAMPLE
Candidate V4,Fortress_defense_pattern,FortressBot:service:3/1/0/0/0,72,,,0.0006,INSUFFICIENT_SAMPLE
Candidate V4,Fortress_defense_pattern,FortressBot:rally:2/1/1/1/1/0/0/0/0/0,71,,,0.0010,INSUFFICIENT_SAMPLE
Candidate V4,Fortress_defense_pattern,FortressBot:rally:8/5/3/3/1/1/1/0/0/0,71,,,0.0010,INSUFFICIENT_SAMPLE
Candidate V4,Fortress_defense_pattern,FortressBot:receive:4/3/2/1/1,71,,,0.0009,INSUFFICIENT_SAMPLE
Candidate V4,Fortress_defense_pattern,FortressBot:rally:10/3/2/2/2/2/1/0/0/0,70,,,0.0010,INSUFFICIENT_SAMPLE
Candidate V4,Fortress_defense_pattern,FortressBot:receive:3/3/2/1/1,70,,,0.0008,INSUFFICIENT_SAMPLE
Candidate V4,Fortress_defense_pattern,FortressBot:rally:9/3/3/3/1/1/1/1/0/0,70,,,0.0010,INSUFFICIENT_SAMPLE
Candidate V4,Fortress_defense_pattern,FortressBot:rally:4/4/4/3/3/2/1/1/0/0,69,,,0.0010,INSUFFICIENT_SAMPLE
Candidate V4,Fortress_defense_pattern,FortressBot:service:4/2/1/1/0,67,,,0.0005,INSUFFICIENT_SAMPLE
Candidate V4,Fortress_defense_pattern,FortressBot:receive:3/3/2/2/1,67,,,0.0008,INSUFFICIENT_SAMPLE
Candidate V4,Fortress_defense_pattern,FortressBot:receive:3/2/2/1/1,66,,,0.0008,INSUFFICIENT_SAMPLE
Candidate V4,Fortress_defense_pattern,FortressBot:rally:5/4/4/3/2/2/2/0/0/0,66,,,0.0009,INSUFFICIENT_SAMPLE
Candidate V4,Fortress_defense_pattern,FortressBot:receive:7/4/1/1/0,65,,,0.0008,INSUFFICIENT_SAMPLE
Candidate V4,Fortress_defense_pattern,FortressBot:rally:6/3/3/2/2/2/2/2/0/0,64,,,0.0009,INSUFFICIENT_SAMPLE
Candidate V4,Fortress_defense_pattern,FortressBot:receive:6/4/2/1/0,64,,,0.0008,INSUFFICIENT_SAMPLE
Candidate V4,Fortress_defense_pattern,FortressBot:rally:6/4/3/3/1/1/1/1/1/1,62,,,0.0009,INSUFFICIENT_SAMPLE
Candidate V4,Fortress_defense_pattern,FortressBot:rally:1/1/1/1/1/0/0/0/0/0,61,,,0.0009,INSUFFICIENT_SAMPLE
Candidate V4,Fortress_defense_pattern,FortressBot:receive:2/0/0/0/0,61,,,0.0007,INSUFFICIENT_SAMPLE
Candidate V4,Fortress_defense_pattern,FortressBot:receive:8/5/1/0/0,60,,,0.0007,INSUFFICIENT_SAMPLE
Candidate V4,Fortress_defense_pattern,FortressBot:rally:8/4/4/4/1/1/0/0/0/0,60,,,0.0009,INSUFFICIENT_SAMPLE
Candidate V4,Fortress_defense_pattern,FortressBot:service:2/1/1/1/1,60,,,0.0005,INSUFFICIENT_SAMPLE
Candidate V4,Fortress_defense_pattern,FortressBot:receive:5/4/1/1/0,60,,,0.0007,INSUFFICIENT_SAMPLE
Candidate V4,Fortress_defense_pattern,FortressBot:service:2/2/0/0/0,60,,,0.0005,INSUFFICIENT_SAMPLE
Candidate V4,Fortress_defense_pattern,FortressBot:rally:2/1/1/1/1/1/0/0/0/0,59,,,0.0008,INSUFFICIENT_SAMPLE
Candidate V4,Fortress_defense_pattern,FortressBot:service:4/2/2/1/0,59,,,0.0005,INSUFFICIENT_SAMPLE
Candidate V4,Fortress_defense_pattern,FortressBot:rally:4/3/3/3/2/2/2/2/1/0,59,,,0.0008,INSUFFICIENT_SAMPLE
Candidate V4,Fortress_defense_pattern,FortressBot:rally:7/4/2/2/2/1/1/1/1/1,59,,,0.0008,INSUFFICIENT_SAMPLE
Candidate V4,Fortress_defense_pattern,FortressBot:receive:5/4/1/0/0,57,,,0.0007,INSUFFICIENT_SAMPLE
Candidate V4,Fortress_defense_pattern,FortressBot:rally:2/2/1/1/1/1/0/0/0/0,57,,,0.0008,INSUFFICIENT_SAMPLE
Candidate V4,Fortress_defense_pattern,FortressBot:receive:6/4/1/0/0,57,,,0.0007,INSUFFICIENT_SAMPLE
Candidate V4,Fortress_defense_pattern,FortressBot:rally:8/2/2/2/2/2/2/1/1/0,55,,,0.0008,INSUFFICIENT_SAMPLE
Candidate V4,Fortress_defense_pattern,FortressBot:receive:2/2/2/1/1,54,,,0.0007,INSUFFICIENT_SAMPLE
Candidate V4,Fortress_defense_pattern,FortressBot:receive:5/3/2/1/0,54,,,0.0007,INSUFFICIENT_SAMPLE
Candidate V4,Fortress_defense_pattern,FortressBot:rally:4/4/4/2/2/2/2/1/1/0,54,,,0.0008,INSUFFICIENT_SAMPLE
Candidate V4,Fortress_defense_pattern,FortressBot:service:3/3/1/1/0,54,,,0.0004,INSUFFICIENT_SAMPLE
Candidate V4,Fortress_defense_pattern,FortressBot:rally:10/3/3/3/2/1/0/0/0/0,53,,,0.0008,INSUFFICIENT_SAMPLE
Candidate V4,Fortress_defense_pattern,FortressBot:receive:4/2/2/2/2,53,,,0.0006,INSUFFICIENT_SAMPLE
Candidate V4,Fortress_defense_pattern,FortressBot:rally:5/3/2/2/2/2/2/2/1/1,53,,,0.0008,INSUFFICIENT_SAMPLE
Candidate V4,Fortress_defense_pattern,FortressBot:rally:5/4/4/4/2/1/1/1/0/0,52,,,0.0007,INSUFFICIENT_SAMPLE
Candidate V4,Fortress_defense_pattern,FortressBot:receive:2/2/2/1/0,52,,,0.0006,INSUFFICIENT_SAMPLE
Candidate V4,Fortress_defense_pattern,FortressBot:rally:5/5/2/2/2/2/1/1/1/1,52,,,0.0007,INSUFFICIENT_SAMPLE
Candidate V4,Fortress_defense_pattern,FortressBot:rally:7/4/4/4/1/1/1/0/0/0,52,,,0.0007,INSUFFICIENT_SAMPLE
Candidate V4,Fortress_defense_pattern,FortressBot:rally:6/6/4/4/1/1/0/0/0/0,51,,,0.0007,INSUFFICIENT_SAMPLE
Candidate V4,Fortress_defense_pattern,FortressBot:receive:11/1/0/0/0,51,,,0.0006,INSUFFICIENT_SAMPLE
Candidate V4,Fortress_defense_pattern,FortressBot:rally:9/2/2/2/2/2/1/1/1/0,51,,,0.0007,INSUFFICIENT_SAMPLE
Candidate V4,Fortress_defense_pattern,FortressBot:rally:2/2/1/1/1/0/0/0/0/0,50,,,0.0007,INSUFFICIENT_SAMPLE
Candidate V4,Fortress_defense_pattern,FortressBot:service:4/2/1/1/1,50,,,0.0004,INSUFFICIENT_SAMPLE
Candidate V4,Fortress_defense_pattern,FortressBot:receive:4/2/1/1/0,50,,,0.0006,INSUFFICIENT_SAMPLE
Candidate V4,Fortress_defense_pattern,FortressBot:rally:4/4/4/2/2/2/1/1/1/1,49,,,0.0007,INSUFFICIENT_SAMPLE
Candidate V4,Fortress_defense_pattern,FortressBot:receive:3/1/1/1/0,49,,,0.0006,INSUFFICIENT_SAMPLE
Candidate V4,Fortress_defense_pattern,FortressBot:rally:8/4/3/3/2/2/0/0/0/0,49,,,0.0007,INSUFFICIENT_SAMPLE
Candidate V4,Fortress_defense_pattern,FortressBot:rally:9/3/3/2/1/1/1/1/1/0,48,,,0.0007,INSUFFICIENT_SAMPLE
Candidate V4,Fortress_defense_pattern,FortressBot:rally:10/3/3/2/1/1/1/1/0/0,48,,,0.0007,INSUFFICIENT_SAMPLE
Candidate V4,Fortress_defense_pattern,FortressBot:service:3/2/2/0/0,48,,,0.0004,INSUFFICIENT_SAMPLE
Candidate V4,Fortress_defense_pattern,FortressBot:receive:6/3/1/1/0,48,,,0.0006,INSUFFICIENT_SAMPLE
Candidate V4,Fortress_defense_pattern,FortressBot:rally:5/4/2/2/2/2/2/2/1/0,47,,,0.0007,INSUFFICIENT_SAMPLE
Candidate V4,Fortress_defense_pattern,FortressBot:receive:9/4/1/0/0,47,,,0.0006,INSUFFICIENT_SAMPLE
Candidate V4,Fortress_defense_pattern,FortressBot:receive:6/5/2/0/0,47,,,0.0006,INSUFFICIENT_SAMPLE
Candidate V4,Fortress_defense_pattern,FortressBot:receive:3/2/1/1/1,47,,,0.0006,INSUFFICIENT_SAMPLE
Candidate V4,Fortress_defense_pattern,FortressBot:service:4/2/1/0/0,47,,,0.0004,INSUFFICIENT_SAMPLE
Candidate V4,Fortress_defense_pattern,FortressBot:rally:4/3/3/2/2/2/2/2/1/1,47,,,0.0007,INSUFFICIENT_SAMPLE
Candidate V4,Fortress_defense_pattern,FortressBot:receive:6/3/1/0/0,47,,,0.0006,INSUFFICIENT_SAMPLE
Candidate V4,Fortress_defense_pattern,FortressBot:receive:6/6/1/0/0,46,,,0.0006,INSUFFICIENT_SAMPLE
Candidate V4,Fortress_defense_pattern,FortressBot:rally:7/3/3/3/1/1/1/1/1/1,46,,,0.0007,INSUFFICIENT_SAMPLE
Candidate V4,Fortress_defense_pattern,FortressBot:receive:8/4/1/1/0,46,,,0.0006,INSUFFICIENT_SAMPLE
Candidate V4,Fortress_defense_pattern,FortressBot:receive:3/3/2/1/0,46,,,0.0006,INSUFFICIENT_SAMPLE
Candidate V4,Fortress_defense_pattern,FortressBot:rally:6/5/4/4/2/1/0/0/0/0,46,,,0.0007,INSUFFICIENT_SAMPLE
Candidate V4,Fortress_defense_pattern,FortressBot:receive:3/2/2/2/1,45,,,0.0005,INSUFFICIENT_SAMPLE
Candidate V4,Fortress_defense_pattern,FortressBot:receive:7/4/2/1/0,45,,,0.0005,INSUFFICIENT_SAMPLE
Candidate V4,Fortress_defense_pattern,FortressBot:rally:5/4/4/4/2/2/1/0/0/0,45,,,0.0006,INSUFFICIENT_SAMPLE
Candidate V4,Fortress_defense_pattern,FortressBot:receive:3/1/1/0/0,44,,,0.0005,INSUFFICIENT_SAMPLE
Candidate V4,Fortress_defense_pattern,FortressBot:rally:8/4/2/2/1/1/1/1/1/1,44,,,0.0006,INSUFFICIENT_SAMPLE
Candidate V4,Fortress_defense_pattern,FortressBot:rally:2/2/1/1/1/1/1/0/0/0,44,,,0.0006,INSUFFICIENT_SAMPLE
Candidate V4,Fortress_defense_pattern,FortressBot:receive:4/2/2/1/1,44,,,0.0005,INSUFFICIENT_SAMPLE
Candidate V4,Fortress_defense_pattern,FortressBot:receive:2/2/1/1/1,44,,,0.0005,INSUFFICIENT_SAMPLE
Candidate V4,Fortress_defense_pattern,FortressBot:service:4/3/1/1/0,44,,,0.0003,INSUFFICIENT_SAMPLE
Candidate V4,Fortress_defense_pattern,FortressBot:receive:3/1/0/0/0,43,,,0.0005,INSUFFICIENT_SAMPLE
Candidate V4,Fortress_defense_pattern,FortressBot:receive:5/5/1/0/0,41,,,0.0005,INSUFFICIENT_SAMPLE
Candidate V4,Fortress_defense_pattern,FortressBot:receive:6/6/1/1/0,41,,,0.0005,INSUFFICIENT_SAMPLE
Candidate V4,Fortress_defense_pattern,FortressBot:receive:5/3/1/1/0,41,,,0.0005,INSUFFICIENT_SAMPLE
Candidate V4,Fortress_defense_pattern,FortressBot:receive:8/4/1/0/0,41,,,0.0005,INSUFFICIENT_SAMPLE
Candidate V4,Fortress_defense_pattern,FortressBot:receive:4/3/2/2/0,40,,,0.0005,INSUFFICIENT_SAMPLE
Candidate V4,Fortress_defense_pattern,FortressBot:receive:7/5/2/0/0,40,,,0.0005,INSUFFICIENT_SAMPLE
Candidate V4,Fortress_defense_pattern,FortressBot:receive:2/1/1/1/1,40,,,0.0005,INSUFFICIENT_SAMPLE
Candidate V4,Fortress_defense_pattern,FortressBot:rally:7/5/3/3/3/1/0/0/0/0,40,,,0.0006,INSUFFICIENT_SAMPLE
Candidate V4,Fortress_defense_pattern,FortressBot:service:4/1/1/1/0,39,,,0.0003,INSUFFICIENT_SAMPLE
Candidate V4,Fortress_defense_pattern,FortressBot:rally:5/5/3/3/3/1/1/1/0/0,39,,,0.0006,INSUFFICIENT_SAMPLE
Candidate V4,Fortress_defense_pattern,FortressBot:service:3/2/2/2/0,39,,,0.0003,INSUFFICIENT_SAMPLE
Candidate V4,Fortress_defense_pattern,FortressBot:receive:7/3/1/0/0,39,,,0.0005,INSUFFICIENT_SAMPLE
Candidate V4,Fortress_defense_pattern,FortressBot:rally:4/4/4/3/3/1/1/1/1/0,38,,,0.0005,INSUFFICIENT_SAMPLE
Candidate V4,Fortress_defense_pattern,FortressBot:rally:5/5/3/3/1/1/1/1/1/1,38,,,0.0005,INSUFFICIENT_SAMPLE
Candidate V4,Fortress_defense_pattern,FortressBot:receive:4/4/2/1/0,38,,,0.0005,INSUFFICIENT_SAMPLE
Candidate V4,Fortress_defense_pattern,FortressBot:receive:7/3/2/1/0,38,,,0.0005,INSUFFICIENT_SAMPLE
Candidate V4,Fortress_defense_pattern,FortressBot:service:10/0/0/0/0,37,,,0.0003,INSUFFICIENT_SAMPLE
Candidate V4,Fortress_defense_pattern,FortressBot:rally:6/5/3/3/3/1/1/0/0/0,37,,,0.0005,INSUFFICIENT_SAMPLE
Candidate V4,Fortress_defense_pattern,FortressBot:rally:3/2/2/2/1/1/1/0/0/0,37,,,0.0005,INSUFFICIENT_SAMPLE
Candidate V4,Fortress_defense_pattern,FortressBot:rally:5/4/4/4/3/1/1/0/0/0,37,,,0.0005,INSUFFICIENT_SAMPLE
Candidate V4,Fortress_defense_pattern,FortressBot:rally:7/2/2/2/2/2/2/1/1/1,36,,,0.0005,INSUFFICIENT_SAMPLE
Candidate V4,Fortress_defense_pattern,FortressBot:rally:5/3/3/3/2/2/2/2/0/0,36,,,0.0005,INSUFFICIENT_SAMPLE
Candidate V4,Fortress_defense_pattern,FortressBot:rally:8/4/3/3/3/1/0/0/0/0,36,,,0.0005,INSUFFICIENT_SAMPLE
Candidate V4,Fortress_defense_pattern,FortressBot:rally:5/5/4/4/2/1/1/0/0/0,35,,,0.0005,INSUFFICIENT_SAMPLE
Candidate V4,Fortress_defense_pattern,FortressBot:rally:3/2/2/1/1/1/0/0/0/0,35,,,0.0005,INSUFFICIENT_SAMPLE
Candidate V4,Fortress_defense_pattern,FortressBot:receive:5/5/2/1/0,35,,,0.0004,INSUFFICIENT_SAMPLE
Candidate V4,Fortress_defense_pattern,FortressBot:rally:5/5/4/3/3/1/1/0/0/0,35,,,0.0005,INSUFFICIENT_SAMPLE
Candidate V4,Fortress_defense_pattern,FortressBot:rally:2/2/2/1/1/1/0/0/0/0,34,,,0.0005,INSUFFICIENT_SAMPLE
Candidate V4,Fortress_defense_pattern,FortressBot:receive:6/2/1/1/0,34,,,0.0004,INSUFFICIENT_SAMPLE
Candidate V4,Fortress_defense_pattern,FortressBot:rally:7/4/3/3/3/2/0/0/0/0,34,,,0.0005,INSUFFICIENT_SAMPLE
Candidate V4,Fortress_defense_pattern,FortressBot:rally:3/2/2/2/1/1/1/1/0/0,34,,,0.0005,INSUFFICIENT_SAMPLE
Candidate V4,Fortress_defense_pattern,FortressBot:rally:11/3/2/2/2/1/1/0/0/0,33,,,0.0005,INSUFFICIENT_SAMPLE
Candidate V4,Fortress_defense_pattern,FortressBot:receive:4/2/2/1/0,33,,,0.0004,INSUFFICIENT_SAMPLE
Candidate V4,Fortress_defense_pattern,FortressBot:rally:10/4/3/3/1/1/0/0/0/0,33,,,0.0005,INSUFFICIENT_SAMPLE
Candidate V4,Fortress_defense_pattern,FortressBot:receive:8/4/2/0/0,32,,,0.0004,INSUFFICIENT_SAMPLE
Candidate V4,Fortress_defense_pattern,FortressBot:rally:3/2/1/1/1/1/0/0/0/0,32,,,0.0005,INSUFFICIENT_SAMPLE
Candidate V4,Fortress_defense_pattern,FortressBot:receive:4/3/3/1/0,32,,,0.0004,INSUFFICIENT_SAMPLE
Candidate V4,Fortress_defense_pattern,FortressBot:service:3/2/0/0/0,31,,,0.0002,INSUFFICIENT_SAMPLE
Candidate V4,Fortress_defense_pattern,FortressBot:service:4/1/1/0/0,31,,,0.0002,INSUFFICIENT_SAMPLE
Candidate V4,Fortress_defense_pattern,FortressBot:rally:6/3/3/3/3/1/1/1/1/0,31,,,0.0004,INSUFFICIENT_SAMPLE
Candidate V4,Fortress_defense_pattern,FortressBot:rally:7/6/4/4/1/0/0/0/0/0,30,,,0.0004,INSUFFICIENT_SAMPLE
Candidate V4,Fortress_defense_pattern,FortressBot:rally:10/3/2/2/1/1/1/1/1/0,29,,,0.0004,INSUFFICIENT_SAMPLE
Candidate V4,Fortress_defense_pattern,FortressBot:rally:9/3/2/2/2/2/2/0/0/0,29,,,0.0004,INSUFFICIENT_SAMPLE
Candidate V4,Fortress_defense_pattern,FortressBot:receive:5/3/1/1/1,29,,,0.0004,INSUFFICIENT_SAMPLE
Candidate V4,Fortress_defense_pattern,FortressBot:service:3/3/1/0/0,29,,,0.0002,INSUFFICIENT_SAMPLE
Candidate V4,Fortress_defense_pattern,FortressBot:service:5/2/1/1/0,29,,,0.0002,INSUFFICIENT_SAMPLE
Candidate V4,Fortress_defense_pattern,FortressBot:receive:3/3/1/1/0,29,,,0.0004,INSUFFICIENT_SAMPLE
Candidate V4,Fortress_defense_pattern,FortressBot:rally:9/4/4/3/2/0/0/0/0/0,29,,,0.0004,INSUFFICIENT_SAMPLE
Candidate V4,Fortress_defense_pattern,FortressBot:rally:6/2/2/2/2/2/2/2/1/1,28,,,0.0004,INSUFFICIENT_SAMPLE
Candidate V4,Fortress_defense_pattern,FortressBot:receive:8/3/2/1/0,28,,,0.0003,INSUFFICIENT_SAMPLE
Candidate V4,Fortress_defense_pattern,FortressBot:rally:4/4/3/3/2/2/2/2/0/0,28,,,0.0004,INSUFFICIENT_SAMPLE
Candidate V4,Fortress_defense_pattern,FortressBot:rally:4/4/4/3/2/1/1/1/1/1,28,,,0.0004,INSUFFICIENT_SAMPLE
Candidate V4,Fortress_defense_pattern,FortressBot:receive:4/2/2/2/1,28,,,0.0003,INSUFFICIENT_SAMPLE
Candidate V4,Fortress_defense_pattern,FortressBot:rally:5/4/3/3/3/2/2/0/0/0,28,,,0.0004,INSUFFICIENT_SAMPLE
Candidate V4,Fortress_defense_pattern,FortressBot:rally:11/4/2/2/1/1/1/0/0/0,27,,,0.0004,INSUFFICIENT_SAMPLE
Candidate V4,Fortress_defense_pattern,FortressBot:rally:10/2/2/2/2/2/1/1/0/0,27,,,0.0004,INSUFFICIENT_SAMPLE
Candidate V4,Fortress_defense_pattern,FortressBot:service:3/3/1/1/1,27,,,0.0002,INSUFFICIENT_SAMPLE
Candidate V4,Fortress_defense_pattern,FortressBot:service:2/2/2/2/0,27,,,0.0002,INSUFFICIENT_SAMPLE
Candidate V4,Fortress_defense_pattern,FortressBot:rally:7/6/4/3/2/1/1/0/0/0,27,,,0.0004,INSUFFICIENT_SAMPLE
Candidate V4,Fortress_defense_pattern,FortressBot:rally:2/2/2/1/1/1/1/1/0/0,27,,,0.0004,INSUFFICIENT_SAMPLE
Candidate V4,Fortress_defense_pattern,FortressBot:rally:6/4/4/3/3/2/0/0/0/0,27,,,0.0004,INSUFFICIENT_SAMPLE
Candidate V4,Fortress_defense_pattern,FortressBot:receive:7/6/0/0/0,27,,,0.0003,INSUFFICIENT_SAMPLE
Candidate V4,Fortress_defense_pattern,FortressBot:service:4/3/1/0/0,27,,,0.0002,INSUFFICIENT_SAMPLE
Candidate V4,Fortress_defense_pattern,FortressBot:receive:5/4/2/1/1,27,,,0.0003,INSUFFICIENT_SAMPLE
Candidate V4,Fortress_defense_pattern,FortressBot:rally:2/1/0/0/0/0/0/0/0/0,27,,,0.0004,INSUFFICIENT_SAMPLE
Candidate V4,Fortress_defense_pattern,FortressBot:receive:5/2/2/1/0,27,,,0.0003,INSUFFICIENT_SAMPLE
Candidate V4,Fortress_defense_pattern,FortressBot:receive:6/6/2/0/0,27,,,0.0003,INSUFFICIENT_SAMPLE
Candidate V4,Fortress_defense_pattern,FortressBot:rally:7/3/3/3/3/1/1/1/0/0,26,,,0.0004,INSUFFICIENT_SAMPLE
Candidate V4,Fortress_defense_pattern,FortressBot:service:3/1/1/1/1,26,,,0.0002,INSUFFICIENT_SAMPLE
Candidate V4,Fortress_defense_pattern,FortressBot:rally:6/6/3/3/3/1/0/0/0/0,26,,,0.0004,INSUFFICIENT_SAMPLE
Candidate V4,Fortress_defense_pattern,FortressBot:service:2/2/2/2/1,26,,,0.0002,INSUFFICIENT_SAMPLE
Candidate V4,Fortress_defense_pattern,FortressBot:rally:7/3/3/3/2/2/2/0/0/0,26,,,0.0004,INSUFFICIENT_SAMPLE
Candidate V4,Fortress_defense_pattern,FortressBot:rally:7/4/3/3/2/2/1/1/1/0,26,,,0.0004,INSUFFICIENT_SAMPLE
Candidate V4,Fortress_defense_pattern,FortressBot:receive:5/4/2/0/0,26,,,0.0003,INSUFFICIENT_SAMPLE
Candidate V4,Fortress_defense_pattern,FortressBot:rally:3/2/1/1/1/1/1/0/0/0,26,,,0.0004,INSUFFICIENT_SAMPLE
Candidate V4,Fortress_defense_pattern,FortressBot:receive:5/4/3/1/0,26,,,0.0003,INSUFFICIENT_SAMPLE
Candidate V4,Fortress_defense_pattern,FortressBot:receive:6/4/1/1/1,25,,,0.0003,INSUFFICIENT_SAMPLE
Candidate V4,Fortress_defense_pattern,FortressBot:rally:3/2/2/1/1/1/1/0/0/0,25,,,0.0004,INSUFFICIENT_SAMPLE
Candidate V4,Fortress_defense_pattern,FortressBot:receive:3/2/0/0/0,25,,,0.0003,INSUFFICIENT_SAMPLE
Candidate V4,Fortress_defense_pattern,FortressBot:receive:9/3/1/1/0,25,,,0.0003,INSUFFICIENT_SAMPLE
Candidate V4,Fortress_defense_pattern,FortressBot:service:2/2/2/0/0,25,,,0.0002,INSUFFICIENT_SAMPLE
Candidate V4,Fortress_defense_pattern,FortressBot:rally:2/1/1/1/1/1/1/0/0/0,25,,,0.0004,INSUFFICIENT_SAMPLE
Candidate V4,Fortress_defense_pattern,FortressBot:receive:8/6/0/0/0,25,,,0.0003,INSUFFICIENT_SAMPLE
Candidate V4,Fortress_defense_pattern,FortressBot:receive:7/4/1/1/1,25,,,0.0003,INSUFFICIENT_SAMPLE
Candidate V4,Fortress_defense_pattern,FortressBot:receive:5/2/2/1/1,25,,,0.0003,INSUFFICIENT_SAMPLE
Candidate V4,Fortress_defense_pattern,FortressBot:receive:7/4/2/0/0,25,,,0.0003,INSUFFICIENT_SAMPLE
Candidate V4,Fortress_defense_pattern,FortressBot:rally:2/2/2/1/1/1/1/0/0/0,25,,,0.0004,INSUFFICIENT_SAMPLE
Candidate V4,Fortress_defense_pattern,FortressBot:receive:6/2/2/1/0,25,,,0.0003,INSUFFICIENT_SAMPLE
Candidate V4,Fortress_defense_pattern,FortressBot:rally:2/2/1/1/0/0/0/0/0/0,24,,,0.0003,INSUFFICIENT_SAMPLE
Candidate V4,Fortress_defense_pattern,FortressBot:receive:9/3/1/0/0,24,,,0.0003,INSUFFICIENT_SAMPLE
Candidate V4,Fortress_defense_pattern,FortressBot:rally:7/4/3/2/2/2/1/1/1/0,24,,,0.0003,INSUFFICIENT_SAMPLE
Candidate V4,Fortress_defense_pattern,FortressBot:service:3/0/0/0/0,24,,,0.0002,INSUFFICIENT_SAMPLE
Candidate V4,Fortress_defense_pattern,FortressBot:rally:8/5/4/4/1/0/0/0/0/0,24,,,0.0003,INSUFFICIENT_SAMPLE
Candidate V4,Fortress_defense_pattern,FortressBot:rally:2/0/0/0/0/0/0/0/0/0,24,,,0.0003,INSUFFICIENT_SAMPLE
Candidate V4,Fortress_defense_pattern,FortressBot:receive:3/2/2/0/0,24,,,0.0003,INSUFFICIENT_SAMPLE
Candidate V4,Fortress_defense_pattern,FortressBot:receive:7/3/2/1/1,24,,,0.0003,INSUFFICIENT_SAMPLE
Candidate V4,Fortress_defense_pattern,FortressBot:receive:6/5/0/0/0,24,,,0.0003,INSUFFICIENT_SAMPLE
Candidate V4,Fortress_defense_pattern,FortressBot:receive:6/5/1/1/1,24,,,0.0003,INSUFFICIENT_SAMPLE
Candidate V4,Fortress_defense_pattern,FortressBot:receive:3/3/2/2/0,23,,,0.0003,INSUFFICIENT_SAMPLE
Candidate V4,Fortress_defense_pattern,FortressBot:receive:2/2/0/0/0,23,,,0.0003,INSUFFICIENT_SAMPLE
Candidate V4,Fortress_defense_pattern,FortressBot:receive:5/3/2/0/0,23,,,0.0003,INSUFFICIENT_SAMPLE
Candidate V4,Fortress_defense_pattern,FortressBot:receive:6/4/3/1/0,23,,,0.0003,INSUFFICIENT_SAMPLE
Candidate V4,Fortress_defense_pattern,FortressBot:receive:6/4/2/2/0,23,,,0.0003,INSUFFICIENT_SAMPLE
Candidate V4,Fortress_defense_pattern,FortressBot:rally:8/2/2/2/2/2/1/1/1/1,23,,,0.0003,INSUFFICIENT_SAMPLE
Candidate V4,Fortress_defense_pattern,FortressBot:rally:5/5/4/3/3/2/0/0/0/0,23,,,0.0003,INSUFFICIENT_SAMPLE
Candidate V4,Fortress_defense_pattern,FortressBot:rally:4/4/2/2/2/2/2/2/1/1,22,,,0.0003,INSUFFICIENT_SAMPLE
Candidate V4,Fortress_defense_pattern,FortressBot:rally:7/4/3/3/2/2/1/1/0/0,22,,,0.0003,INSUFFICIENT_SAMPLE
Candidate V4,Fortress_defense_pattern,FortressBot:rally:4/3/3/2/2/2/1/1/1/0,22,,,0.0003,INSUFFICIENT_SAMPLE
Candidate V4,Fortress_defense_pattern,FortressBot:rally:6/5/3/3/2/1/1/1/1/0,22,,,0.0003,INSUFFICIENT_SAMPLE
Candidate V4,Fortress_defense_pattern,FortressBot:rally:3/2/2/2/2/1/1/1/1/0,22,,,0.0003,INSUFFICIENT_SAMPLE
Candidate V4,Fortress_defense_pattern,FortressBot:rally:8/3/3/2/1/1/1/1/1/1,22,,,0.0003,INSUFFICIENT_SAMPLE
Candidate V4,Fortress_defense_pattern,FortressBot:rally:2/2/2/1/1/0/0/0/0/0,22,,,0.0003,INSUFFICIENT_SAMPLE
Candidate V4,Fortress_defense_pattern,FortressBot:rally:6/4/4/3/2/2/1/1/0/0,22,,,0.0003,INSUFFICIENT_SAMPLE
Candidate V4,Fortress_defense_pattern,FortressBot:receive:5/5/2/1/1,22,,,0.0003,INSUFFICIENT_SAMPLE
Candidate V4,Fortress_defense_pattern,FortressBot:rally:3/2/2/1/1/1/1/1/0/0,22,,,0.0003,INSUFFICIENT_SAMPLE
Candidate V4,Fortress_defense_pattern,FortressBot:rally:9/2/2/2/2/2/2/1/0/0,22,,,0.0003,INSUFFICIENT_SAMPLE
Candidate V4,Fortress_defense_pattern,FortressBot:rally:4/3/3/3/3/2/1/1/1/1,22,,,0.0003,INSUFFICIENT_SAMPLE
Candidate V4,Fortress_defense_pattern,FortressBot:receive:6/4/2/1/1,22,,,0.0003,INSUFFICIENT_SAMPLE
Candidate V4,Fortress_defense_pattern,FortressBot:rally:6/5/4/3/2/1/1/1/0/0,22,,,0.0003,INSUFFICIENT_SAMPLE
Candidate V4,Fortress_defense_pattern,FortressBot:receive:7/2/1/1/0,21,,,0.0003,INSUFFICIENT_SAMPLE
Candidate V4,Fortress_defense_pattern,FortressBot:rally:10/3/3/2/2/2/0/0/0/0,21,,,0.0003,INSUFFICIENT_SAMPLE
Candidate V4,Fortress_defense_pattern,FortressBot:service:2/2/2/2/2,21,,,0.0002,INSUFFICIENT_SAMPLE
Candidate V4,Fortress_defense_pattern,FortressBot:service:4/3/2/0/0,21,,,0.0002,INSUFFICIENT_SAMPLE
Candidate V4,Fortress_defense_pattern,FortressBot:rally:2/2/1/0/0/0/0/0/0/0,21,,,0.0003,INSUFFICIENT_SAMPLE
Candidate V4,Fortress_defense_pattern,FortressBot:rally:5/5/3/3/2/2/2/0/0/0,21,,,0.0003,INSUFFICIENT_SAMPLE
Candidate V4,Fortress_defense_pattern,FortressBot:receive:7/4/0/0/0,21,,,0.0003,INSUFFICIENT_SAMPLE
Candidate V4,Fortress_defense_pattern,FortressBot:receive:4/3/1/1/1,21,,,0.0003,INSUFFICIENT_SAMPLE
Candidate V4,Fortress_defense_pattern,FortressBot:receive:6/3/2/0/0,21,,,0.0003,INSUFFICIENT_SAMPLE
Candidate V4,Fortress_defense_pattern,FortressBot:rally:6/5/3/2/2/1/1/1/0/0,21,,,0.0003,INSUFFICIENT_SAMPLE
Candidate V4,Fortress_defense_pattern,FortressBot:rally:7/4/4/4/2/1/0/0/0/0,21,,,0.0003,INSUFFICIENT_SAMPLE
Candidate V4,Fortress_defense_pattern,FortressBot:rally:1/1/1/1/1/1/0/0/0/0,21,,,0.0003,INSUFFICIENT_SAMPLE
Candidate V4,Fortress_defense_pattern,FortressBot:rally:8/4/3/2/2/2/1/1/1/0,21,,,0.0003,INSUFFICIENT_SAMPLE
Candidate V4,Fortress_defense_pattern,FortressBot:receive:4/4/1/1/0,21,,,0.0003,INSUFFICIENT_SAMPLE
Candidate V4,Fortress_defense_pattern,FortressBot:rally:7/5/4/3/2/1/1/1/0/0,21,,,0.0003,INSUFFICIENT_SAMPLE
Candidate V4,Fortress_defense_pattern,FortressBot:rally:4/3/3/2/2/1/1/1/0/0,20,,,0.0003,INSUFFICIENT_SAMPLE
Candidate V4,Fortress_defense_pattern,FortressBot:rally:4/3/2/2/2/1/1/1/0/0,20,,,0.0003,INSUFFICIENT_SAMPLE
Candidate V4,Fortress_defense_pattern,FortressBot:rally:3/3/2/2/1/1/1/1/0/0,20,,,0.0003,INSUFFICIENT_SAMPLE
Candidate V4,Fortress_defense_pattern,FortressBot:service:3/3/2/0/0,20,,,0.0002,INSUFFICIENT_SAMPLE
Candidate V4,Fortress_defense_pattern,FortressBot:rally:4/4/4/3/3/2/2/0/0/0,20,,,0.0003,INSUFFICIENT_SAMPLE
Candidate V4,Fortress_defense_pattern,FortressBot:receive:3/3/3/3/0,20,,,0.0002,INSUFFICIENT_SAMPLE
Candidate V4,Fortress_defense_pattern,FortressBot:receive:8/3/1/1/0,20,,,0.0002,INSUFFICIENT_SAMPLE
Candidate V4,Fortress_defense_pattern,FortressBot:rally:7/2/2/2/2/2/2/2/1/0,20,,,0.0003,INSUFFICIENT_SAMPLE
Candidate V4,Fortress_defense_pattern,FortressBot:receive:4/2/1/0/0,20,,,0.0002,INSUFFICIENT_SAMPLE
Candidate V4,Fortress_defense_pattern,FortressBot:receive:4/2/1/1/1,20,,,0.0002,INSUFFICIENT_SAMPLE
Candidate V4,Fortress_defense_pattern,FortressBot:receive:8/5/0/0/0,20,,,0.0002,INSUFFICIENT_SAMPLE
Candidate V4,Fortress_defense_pattern,FortressBot:service:4/2/2/0/0,20,,,0.0002,INSUFFICIENT_SAMPLE
Candidate V4,Fortress_defense_pattern,FortressBot:receive:7/3/2/2/0,20,,,0.0002,INSUFFICIENT_SAMPLE
Candidate V4,Fortress_defense_pattern,FortressBot:rally:6/5/4/3/2/2/1/1/0/0,20,,,0.0003,INSUFFICIENT_SAMPLE
Candidate V4,Fortress_defense_pattern,FortressBot:rally:2/1/1/1/1/1/1/1/0/0,19,,,0.0003,INSUFFICIENT_SAMPLE
Candidate V4,Fortress_defense_pattern,FortressBot:receive:5/2/1/1/0,19,,,0.0002,INSUFFICIENT_SAMPLE
Candidate V4,Fortress_defense_pattern,FortressBot:receive:2/2/2/0/0,19,,,0.0002,INSUFFICIENT_SAMPLE
Candidate V4,Fortress_defense_pattern,FortressBot:rally:7/6/3/2/2/2/1/1/0/0,19,,,0.0003,INSUFFICIENT_SAMPLE
Candidate V4,Fortress_defense_pattern,FortressBot:rally:3/2/1/1/1/0/0/0/0/0,19,,,0.0003,INSUFFICIENT_SAMPLE
Candidate V4,Fortress_defense_pattern,FortressBot:rally:5/4/3/2/2/2/1/1/1/0,19,,,0.0003,INSUFFICIENT_SAMPLE
Candidate V4,Fortress_defense_pattern,FortressBot:service:5/2/1/0/0,19,,,0.0001,INSUFFICIENT_SAMPLE
Candidate V4,Fortress_defense_pattern,FortressBot:receive:3/3/1/0/0,19,,,0.0002,INSUFFICIENT_SAMPLE
Candidate V4,Fortress_defense_pattern,FortressBot:rally:3/3/2/2/2/2/1/1/1/0,19,,,0.0003,INSUFFICIENT_SAMPLE
Candidate V4,Fortress_defense_pattern,FortressBot:rally:2/2/2/2/1/1/1/0/0/0,19,,,0.0003,INSUFFICIENT_SAMPLE
Candidate V4,Fortress_defense_pattern,FortressBot:receive:6/4/0/0/0,19,,,0.0002,INSUFFICIENT_SAMPLE
Candidate V4,Fortress_defense_pattern,FortressBot:receive:3/3/1/1/1,19,,,0.0002,INSUFFICIENT_SAMPLE
Candidate V4,Fortress_defense_pattern,FortressBot:rally:10/4/3/3/2/0/0/0/0/0,19,,,0.0003,INSUFFICIENT_SAMPLE
Candidate V4,Fortress_defense_pattern,FortressBot:rally:6/4/3/2/2/1/1/1/1/0,18,,,0.0003,INSUFFICIENT_SAMPLE
Candidate V4,Fortress_defense_pattern,FortressBot:receive:4/2/2/2/0,18,,,0.0002,INSUFFICIENT_SAMPLE
Candidate V4,Fortress_defense_pattern,FortressBot:rally:6/4/4/4/3/1/0/0/0/0,18,,,0.0003,INSUFFICIENT_SAMPLE
Candidate V4,Fortress_defense_pattern,FortressBot:receive:6/4/3/0/0,18,,,0.0002,INSUFFICIENT_SAMPLE
Candidate V4,Fortress_defense_pattern,FortressBot:rally:8/4/3/3/2/2/1/1/0/0,18,,,0.0003,INSUFFICIENT_SAMPLE
Candidate V4,Fortress_defense_pattern,FortressBot:rally:8/4/3/3/2/1/1/1/0/0,18,,,0.0003,INSUFFICIENT_SAMPLE
Candidate V4,Fortress_defense_pattern,FortressBot:rally:8/4/4/3/2/1/1/0/0/0,18,,,0.0003,INSUFFICIENT_SAMPLE
Candidate V4,Fortress_defense_pattern,FortressBot:rally:5/4/3/2/2/2/1/1/0/0,18,,,0.0003,INSUFFICIENT_SAMPLE
Candidate V4,Fortress_defense_pattern,FortressBot:rally:7/5/3/3/2/1/1/1/0/0,18,,,0.0003,INSUFFICIENT_SAMPLE
Candidate V4,Fortress_defense_pattern,FortressBot:receive:5/2/1/1/1,18,,,0.0002,INSUFFICIENT_SAMPLE
Candidate V4,Fortress_defense_pattern,FortressBot:rally:7/4/4/3/2/1/1/1/0/0,18,,,0.0003,INSUFFICIENT_SAMPLE
Candidate V4,Fortress_defense_pattern,FortressBot:rally:1/1/1/1/1/1/1/0/0/0,18,,,0.0003,INSUFFICIENT_SAMPLE
Candidate V4,Fortress_defense_pattern,FortressBot:rally:6/4/3/2/2/1/1/1/0/0,18,,,0.0003,INSUFFICIENT_SAMPLE
Candidate V4,Fortress_defense_pattern,FortressBot:rally:8/3/3/3/3/1/1/0/0/0,18,,,0.0003,INSUFFICIENT_SAMPLE
Candidate V4,Fortress_defense_pattern,FortressBot:receive:4/1/1/0/0,18,,,0.0002,INSUFFICIENT_SAMPLE
Candidate V4,Fortress_defense_pattern,FortressBot:rally:7/6/3/3/2/1/1/1/0/0,18,,,0.0003,INSUFFICIENT_SAMPLE
Candidate V4,Fortress_defense_pattern,FortressBot:rally:6/5/3/2/2/2/1/1/1/0,17,,,0.0002,INSUFFICIENT_SAMPLE
Candidate V4,Fortress_defense_pattern,FortressBot:rally:6/4/4/4/1/1/1/1/0/0,17,,,0.0002,INSUFFICIENT_SAMPLE
Candidate V4,Fortress_defense_pattern,FortressBot:service:1/1/1/1/1,17,,,0.0001,INSUFFICIENT_SAMPLE
Candidate V4,Fortress_defense_pattern,FortressBot:receive:9/2/1/1/0,17,,,0.0002,INSUFFICIENT_SAMPLE
Candidate V4,Fortress_defense_pattern,FortressBot:receive:8/3/2/0/0,17,,,0.0002,INSUFFICIENT_SAMPLE
Candidate V4,Fortress_defense_pattern,FortressBot:rally:3/2/2/2/2/1/1/1/0/0,17,,,0.0002,INSUFFICIENT_SAMPLE
Candidate V4,Fortress_defense_pattern,FortressBot:receive:6/3/3/1/0,17,,,0.0002,INSUFFICIENT_SAMPLE
Candidate V4,Fortress_defense_pattern,FortressBot:receive:3/1/1/1/1,17,,,0.0002,INSUFFICIENT_SAMPLE
Candidate V4,Fortress_defense_pattern,FortressBot:receive:6/3/2/2/0,17,,,0.0002,INSUFFICIENT_SAMPLE
Candidate V4,Fortress_defense_pattern,FortressBot:rally:3/3/2/2/2/1/1/1/1/0,17,,,0.0002,INSUFFICIENT_SAMPLE
Candidate V4,Fortress_defense_pattern,FortressBot:rally:7/4/3/3/2/1/1/1/1/0,17,,,0.0002,INSUFFICIENT_SAMPLE
Candidate V4,Fortress_defense_pattern,FortressBot:rally:7/4/3/2/2/1/1/1/0/0,17,,,0.0002,INSUFFICIENT_SAMPLE
Candidate V4,Fortress_defense_pattern,FortressBot:rally:3/2/1/1/1/1/1/1/0/0,17,,,0.0002,INSUFFICIENT_SAMPLE
Candidate V4,Fortress_defense_pattern,FortressBot:rally:2/2/1/1/1/1/1/1/0/0,17,,,0.0002,INSUFFICIENT_SAMPLE
Candidate V4,Fortress_defense_pattern,FortressBot:rally:5/4/4/3/2/2/1/1/1/0,17,,,0.0002,INSUFFICIENT_SAMPLE
Candidate V4,Fortress_defense_pattern,FortressBot:rally:6/4/3/3/2/2/1/1/1/0,17,,,0.0002,INSUFFICIENT_SAMPLE
Candidate V4,Fortress_defense_pattern,FortressBot:rally:5/3/3/3/3/1/1/1/1/1,17,,,0.0002,INSUFFICIENT_SAMPLE
Candidate V4,Fortress_defense_pattern,FortressBot:receive:3/2/2/2/0,16,,,0.0002,INSUFFICIENT_SAMPLE
Candidate V4,Fortress_defense_pattern,FortressBot:rally:10/4/3/1/1/1/1/1/0/0,16,,,0.0002,INSUFFICIENT_SAMPLE
Candidate V4,Fortress_defense_pattern,FortressBot:rally:6/5/4/2/2/1/1/1/1/0,16,,,0.0002,INSUFFICIENT_SAMPLE
Candidate V4,Fortress_defense_pattern,FortressBot:rally:7/4/3/3/2/1/1/0/0/0,16,,,0.0002,INSUFFICIENT_SAMPLE
Candidate V4,Fortress_defense_pattern,FortressBot:service:4/1/0/0/0,16,,,0.0001,INSUFFICIENT_SAMPLE
Candidate V4,Fortress_defense_pattern,FortressBot:rally:3/3/2/2/2/1/1/1/0/0,16,,,0.0002,INSUFFICIENT_SAMPLE
Candidate V4,Fortress_defense_pattern,FortressBot:rally:3/2/2/2/1/1/1/1/1/0,16,,,0.0002,INSUFFICIENT_SAMPLE
Candidate V4,Fortress_defense_pattern,FortressBot:receive:6/3/2/1/1,16,,,0.0002,INSUFFICIENT_SAMPLE
Candidate V4,Fortress_defense_pattern,FortressBot:rally:4/3/3/2/2/1/1/1/1/0,16,,,0.0002,INSUFFICIENT_SAMPLE
Candidate V4,Fortress_defense_pattern,FortressBot:receive:4/4/1/1/1,16,,,0.0002,INSUFFICIENT_SAMPLE
Candidate V4,Fortress_defense_pattern,FortressBot:receive:9/5/0/0/0,16,,,0.0002,INSUFFICIENT_SAMPLE
Candidate V4,Fortress_defense_pattern,FortressBot:rally:10/3/3/3/1/1/1/0/0/0,16,,,0.0002,INSUFFICIENT_SAMPLE
Candidate V4,Fortress_defense_pattern,FortressBot:rally:8/5/4/3/2/1/1/0/0/0,16,,,0.0002,INSUFFICIENT_SAMPLE
Candidate V4,Fortress_defense_pattern,FortressBot:rally:6/5/4/2/2/2/1/1/1/0,16,,,0.0002,INSUFFICIENT_SAMPLE
Candidate V4,Fortress_defense_pattern,FortressBot:rally:8/4/3/2/2/2/1/1/0/0,15,,,0.0002,INSUFFICIENT_SAMPLE
Candidate V4,Fortress_defense_pattern,FortressBot:rally:6/5/3/3/3/2/0/0/0/0,15,,,0.0002,INSUFFICIENT_SAMPLE
Candidate V4,Fortress_defense_pattern,FortressBot:rally:4/4/4/4/2/1/1/1/1/0,15,,,0.0002,INSUFFICIENT_SAMPLE
Candidate V4,Fortress_defense_pattern,FortressBot:receive:8/2/1/0/0,15,,,0.0002,INSUFFICIENT_SAMPLE
Candidate V4,Fortress_defense_pattern,FortressBot:rally:10/4/2/1/1/1/1/1/1/0,15,,,0.0002,INSUFFICIENT_SAMPLE
Candidate V4,Fortress_defense_pattern,FortressBot:rally:6/4/3/3/2/1/1/1/0/0,15,,,0.0002,INSUFFICIENT_SAMPLE
Candidate V4,Fortress_defense_pattern,FortressBot:rally:5/4/3/2/2/1/1/1/1/0,15,,,0.0002,INSUFFICIENT_SAMPLE
Candidate V4,Fortress_defense_pattern,FortressBot:receive:8/2/2/1/0,15,,,0.0002,INSUFFICIENT_SAMPLE
Candidate V4,Fortress_defense_pattern,FortressBot:rally:3/2/2/1/1/0/0/0/0/0,15,,,0.0002,INSUFFICIENT_SAMPLE
Candidate V4,Fortress_defense_pattern,FortressBot:receive:3/3/2/0/0,15,,,0.0002,INSUFFICIENT_SAMPLE
Candidate V4,Fortress_defense_pattern,FortressBot:service:5/3/1/0/0,15,,,0.0001,INSUFFICIENT_SAMPLE
Candidate V4,Fortress_defense_pattern,FortressBot:receive:1/1/1/1/1,15,,,0.0002,INSUFFICIENT_SAMPLE
Candidate V4,Fortress_defense_pattern,FortressBot:rally:6/6/4/3/2/1/1/0/0/0,15,,,0.0002,INSUFFICIENT_SAMPLE
Candidate V4,Fortress_defense_pattern,FortressBot:rally:9/4/3/2/2/2/1/1/0/0,15,,,0.0002,INSUFFICIENT_SAMPLE
Candidate V4,Fortress_defense_pattern,FortressBot:rally:11/3/3/2/1/1/1/0/0/0,15,,,0.0002,INSUFFICIENT_SAMPLE
Candidate V4,Fortress_defense_pattern,FortressBot:rally:3/3/3/2/2/1/1/1/0/0,15,,,0.0002,INSUFFICIENT_SAMPLE
Candidate V4,Fortress_defense_pattern,FortressBot:rally:3/2/1/1/0/0/0/0/0/0,15,,,0.0002,INSUFFICIENT_SAMPLE
Candidate V4,Fortress_defense_pattern,FortressBot:receive:4/1/1/1/0,15,,,0.0002,INSUFFICIENT_SAMPLE
Candidate V4,Fortress_defense_pattern,FortressBot:rally:6/4/3/2/2/2/1/1/0/0,15,,,0.0002,INSUFFICIENT_SAMPLE
Candidate V4,Fortress_defense_pattern,FortressBot:rally:2/2/2/2/1/1/1/1/0/0,15,,,0.0002,INSUFFICIENT_SAMPLE
Candidate V4,Fortress_defense_pattern,FortressBot:receive:5/4/2/2/0,15,,,0.0002,INSUFFICIENT_SAMPLE
Candidate V4,Fortress_defense_pattern,FortressBot:rally:7/4/4/2/2/1/1/1/1/0,15,,,0.0002,INSUFFICIENT_SAMPLE
Candidate V4,Fortress_defense_pattern,FortressBot:rally:8/5/3/3/3/0/0/0/0/0,15,,,0.0002,INSUFFICIENT_SAMPLE
Candidate V4,Fortress_defense_pattern,FortressBot:rally:4/4/4/4/2/2/1/1/0/0,14,,,0.0002,INSUFFICIENT_SAMPLE
Candidate V4,Fortress_defense_pattern,FortressBot:rally:5/3/3/3/2/2/1/1/0/0,14,,,0.0002,INSUFFICIENT_SAMPLE
Candidate V4,Fortress_defense_pattern,FortressBot:rally:6/4/3/3/2/2/2/1/0/0,14,,,0.0002,INSUFFICIENT_SAMPLE
Candidate V4,Fortress_defense_pattern,FortressBot:rally:3/3/2/1/1/1/0/0/0/0,14,,,0.0002,INSUFFICIENT_SAMPLE
Candidate V4,Fortress_defense_pattern,FortressBot:rally:9/3/3/3/3/1/0/0/0/0,14,,,0.0002,INSUFFICIENT_SAMPLE
Candidate V4,Fortress_defense_pattern,FortressBot:rally:4/4/3/2/2/2/1/1/1/0,14,,,0.0002,INSUFFICIENT_SAMPLE
Candidate V4,Fortress_defense_pattern,FortressBot:rally:3/3/2/1/1/1/1/0/0/0,14,,,0.0002,INSUFFICIENT_SAMPLE
Candidate V4,Fortress_defense_pattern,FortressBot:rally:4/2/2/2/1/1/1/0/0/0,14,,,0.0002,INSUFFICIENT_SAMPLE
Candidate V4,Fortress_defense_pattern,FortressBot:rally:6/5/3/3/2/2/1/1/1/0,14,,,0.0002,INSUFFICIENT_SAMPLE
Candidate V4,Fortress_defense_pattern,FortressBot:rally:4/3/3/2/2/2/1/1/0/0,14,,,0.0002,INSUFFICIENT_SAMPLE
Candidate V4,Fortress_defense_pattern,FortressBot:rally:4/3/3/2/2/2/1/1/1/1,14,,,0.0002,INSUFFICIENT_SAMPLE
Candidate V4,Fortress_defense_pattern,FortressBot:rally:6/4/4/3/2/2/1/1/1/0,14,,,0.0002,INSUFFICIENT_SAMPLE
Candidate V4,Fortress_defense_pattern,FortressBot:rally:9/3/2/2/1/1/1/1/1/1,14,,,0.0002,INSUFFICIENT_SAMPLE
Candidate V4,Fortress_defense_pattern,FortressBot:receive:7/7/0/0/0,14,,,0.0002,INSUFFICIENT_SAMPLE
Candidate V4,Fortress_defense_pattern,FortressBot:rally:4/3/3/2/2/2/2/1/1/0,14,,,0.0002,INSUFFICIENT_SAMPLE
Candidate V4,Fortress_defense_pattern,FortressBot:rally:7/4/3/2/2/2/2/1/0/0,14,,,0.0002,INSUFFICIENT_SAMPLE
Candidate V4,Fortress_defense_pattern,FortressBot:receive:2/2/2/2/1,14,,,0.0002,INSUFFICIENT_SAMPLE
Candidate V4,Fortress_defense_pattern,FortressBot:rally:6/4/4/3/2/1/1/1/1/0,14,,,0.0002,INSUFFICIENT_SAMPLE
Candidate V4,Fortress_defense_pattern,FortressBot:rally:5/4/3/3/2/2/1/1/0/0,14,,,0.0002,INSUFFICIENT_SAMPLE
Candidate V4,Fortress_defense_pattern,FortressBot:rally:3/3/3/2/2/2/1/1/1/0,14,,,0.0002,INSUFFICIENT_SAMPLE
Candidate V4,Fortress_defense_pattern,FortressBot:rally:7/5/4/3/2/1/1/0/0/0,14,,,0.0002,INSUFFICIENT_SAMPLE
Candidate V4,Fortress_defense_pattern,FortressBot:receive:4/3/1/1/0,14,,,0.0002,INSUFFICIENT_SAMPLE
Candidate V4,Fortress_defense_pattern,FortressBot:receive:4/3/1/0/0,14,,,0.0002,INSUFFICIENT_SAMPLE
Candidate V4,Fortress_defense_pattern,FortressBot:rally:6/3/3/2/2/2/1/1/1/0,13,,,0.0002,INSUFFICIENT_SAMPLE
Candidate V4,Fortress_defense_pattern,FortressBot:rally:3/3/2/2/1/1/1/0/0/0,13,,,0.0002,INSUFFICIENT_SAMPLE
Candidate V4,Fortress_defense_pattern,FortressBot:rally:11/3/3/2/2/1/0/0/0/0,13,,,0.0002,INSUFFICIENT_SAMPLE
Candidate V4,Fortress_defense_pattern,FortressBot:rally:6/5/4/2/2/2/1/1/0/0,13,,,0.0002,INSUFFICIENT_SAMPLE
Candidate V4,Fortress_defense_pattern,FortressBot:rally:3/3/3/3/2/2/2/1/1/0,13,,,0.0002,INSUFFICIENT_SAMPLE
Candidate V4,Fortress_defense_pattern,FortressBot:rally:5/4/3/3/2/2/2/1/1/0,13,,,0.0002,INSUFFICIENT_SAMPLE
Candidate V4,Fortress_defense_pattern,FortressBot:rally:4/4/4/4/3/1/1/1/0/0,13,,,0.0002,INSUFFICIENT_SAMPLE
Candidate V4,Fortress_defense_pattern,FortressBot:receive:5/4/2/2/1,13,,,0.0002,INSUFFICIENT_SAMPLE
Candidate V4,Fortress_defense_pattern,FortressBot:rally:5/4/4/3/2/1/1/1/0/0,13,,,0.0002,INSUFFICIENT_SAMPLE
Candidate V4,Fortress_defense_pattern,FortressBot:rally:3/2/2/1/1/1/1/1/1/0,13,,,0.0002,INSUFFICIENT_SAMPLE
Candidate V4,Fortress_defense_pattern,FortressBot:rally:4/4/3/3/3/1/1/1/1/1,13,,,0.0002,INSUFFICIENT_SAMPLE
Candidate V4,Fortress_defense_pattern,FortressBot:rally:4/2/2/2/1/1/1/1/0/0,13,,,0.0002,INSUFFICIENT_SAMPLE
Candidate V4,Fortress_defense_pattern,FortressBot:rally:6/4/3/3/2/2/1/1/1/1,13,,,0.0002,INSUFFICIENT_SAMPLE
Candidate V4,Fortress_defense_pattern,FortressBot:rally:11/3/2/2/1/1/1/1/0/0,13,,,0.0002,INSUFFICIENT_SAMPLE
Candidate V4,Fortress_defense_pattern,FortressBot:receive:3/3/3/1/0,13,,,0.0002,INSUFFICIENT_SAMPLE
Candidate V4,Fortress_defense_pattern,FortressBot:rally:2/2/2/1/1/1/1/1/1/0,13,,,0.0002,INSUFFICIENT_SAMPLE
Candidate V4,Fortress_defense_pattern,FortressBot:rally:7/3/2/2/2/2/2/2/0/0,13,,,0.0002,INSUFFICIENT_SAMPLE
Candidate V4,Fortress_defense_pattern,FortressBot:receive:3/3/3/1/1,13,,,0.0002,INSUFFICIENT_SAMPLE
Candidate V4,Fortress_defense_pattern,FortressBot:rally:6/5/4/3/2/2/1/0/0/0,13,,,0.0002,INSUFFICIENT_SAMPLE
Candidate V4,Fortress_defense_pattern,FortressBot:rally:5/5/3/3/2/2/2/1/1/0,12,,,0.0002,INSUFFICIENT_SAMPLE
Candidate V4,Fortress_defense_pattern,FortressBot:rally:4/3/3/3/2/2/2/1/1/0,12,,,0.0002,INSUFFICIENT_SAMPLE
Candidate V4,Fortress_defense_pattern,FortressBot:rally:7/3/3/3/2/2/1/1/1/0,12,,,0.0002,INSUFFICIENT_SAMPLE
Candidate V4,Fortress_defense_pattern,FortressBot:rally:7/5/4/2/2/2/1/0/0/0,12,,,0.0002,INSUFFICIENT_SAMPLE
Candidate V4,Fortress_defense_pattern,FortressBot:rally:3/3/2/2/2/2/1/1/0/0,12,,,0.0002,INSUFFICIENT_SAMPLE
Candidate V4,Fortress_defense_pattern,FortressBot:rally:9/4/3/3/2/1/1/1/0/0,12,,,0.0002,INSUFFICIENT_SAMPLE
Candidate V4,Fortress_defense_pattern,FortressBot:receive:9/2/2/1/0,12,,,0.0001,INSUFFICIENT_SAMPLE
Candidate V4,Fortress_defense_pattern,FortressBot:rally:6/4/3/3/2/2/2/1/1/0,12,,,0.0002,INSUFFICIENT_SAMPLE
Candidate V4,Fortress_defense_pattern,FortressBot:rally:5/5/4/3/2/2/1/1/0/0,12,,,0.0002,INSUFFICIENT_SAMPLE
Candidate V4,Fortress_defense_pattern,FortressBot:receive:5/5/1/1/1,12,,,0.0001,INSUFFICIENT_SAMPLE
Candidate V4,Fortress_defense_pattern,FortressBot:rally:3/3/2/2/2/2/2/1/1/0,12,,,0.0002,INSUFFICIENT_SAMPLE
Candidate V4,Fortress_defense_pattern,FortressBot:rally:6/5/3/3/2/2/1/1/0/0,12,,,0.0002,INSUFFICIENT_SAMPLE
Candidate V4,Fortress_defense_pattern,FortressBot:receive:8/3/1/1/1,12,,,0.0001,INSUFFICIENT_SAMPLE
Candidate V4,Fortress_defense_pattern,FortressBot:receive:5/5/0/0/0,12,,,0.0001,INSUFFICIENT_SAMPLE
Candidate V4,Fortress_defense_pattern,FortressBot:rally:6/4/3/2/2/2/2/1/1/0,12,,,0.0002,INSUFFICIENT_SAMPLE
Candidate V4,Fortress_defense_pattern,FortressBot:rally:3/1/1/1/0/0/0/0/0/0,12,,,0.0002,INSUFFICIENT_SAMPLE
Candidate V4,Fortress_defense_pattern,FortressBot:receive:9/4/0/0/0,12,,,0.0001,INSUFFICIENT_SAMPLE
Candidate V4,Fortress_defense_pattern,FortressBot:receive:7/2/1/0/0,12,,,0.0001,INSUFFICIENT_SAMPLE
Candidate V4,Fortress_defense_pattern,FortressBot:receive:9/3/2/0/0,12,,,0.0001,INSUFFICIENT_SAMPLE
Candidate V4,Fortress_defense_pattern,FortressBot:rally:3/3/2/2/1/1/1/1/1/0,12,,,0.0002,INSUFFICIENT_SAMPLE
Candidate V4,Fortress_defense_pattern,FortressBot:rally:8/4/4/3/2/1/1/1/0/0,12,,,0.0002,INSUFFICIENT_SAMPLE
Candidate V4,Fortress_defense_pattern,FortressBot:rally:10/2/2/2/2/1/1/1/1/0,12,,,0.0002,INSUFFICIENT_SAMPLE
Candidate V4,Fortress_defense_pattern,FortressBot:rally:7/4/4/2/2/2/1/1/0/0,12,,,0.0002,INSUFFICIENT_SAMPLE
Candidate V4,Fortress_defense_pattern,FortressBot:receive:4/3/2/0/0,12,,,0.0001,INSUFFICIENT_SAMPLE
Candidate V4,Fortress_defense_pattern,FortressBot:rally:6/6/3/3/2/1/1/1/0/0,12,,,0.0002,INSUFFICIENT_SAMPLE
Candidate V4,Fortress_defense_pattern,FortressBot:rally:8/4/3/3/2/1/1/1/1/0,12,,,0.0002,INSUFFICIENT_SAMPLE
Candidate V4,Fortress_defense_pattern,FortressBot:rally:7/5/3/3/2/1/1/1/1/0,11,,,0.0002,INSUFFICIENT_SAMPLE
Candidate V4,Fortress_defense_pattern,FortressBot:rally:6/3/3/2/2/2/1/1/0/0,11,,,0.0002,INSUFFICIENT_SAMPLE
Candidate V4,Fortress_defense_pattern,FortressBot:rally:4/4/3/3/2/2/1/1/1/0,11,,,0.0002,INSUFFICIENT_SAMPLE
Candidate V4,Fortress_defense_pattern,FortressBot:rally:5/5/4/4/1/1/1/1/0/0,11,,,0.0002,INSUFFICIENT_SAMPLE
Candidate V4,Fortress_defense_pattern,FortressBot:rally:6/5/4/3/1/1/1/0/0/0,11,,,0.0002,INSUFFICIENT_SAMPLE
Candidate V4,Fortress_defense_pattern,FortressBot:rally:10/4/4/2/1/1/0/0/0/0,11,,,0.0002,INSUFFICIENT_SAMPLE
Candidate V4,Fortress_defense_pattern,FortressBot:rally:6/5/3/2/2/2/2/1/1/0,11,,,0.0002,INSUFFICIENT_SAMPLE
Candidate V4,Fortress_defense_pattern,FortressBot:rally:4/3/3/3/2/2/1/1/1/0,11,,,0.0002,INSUFFICIENT_SAMPLE
Candidate V4,Fortress_defense_pattern,FortressBot:rally:6/4/3/2/2/2/1/1/1/1,11,,,0.0002,INSUFFICIENT_SAMPLE
Candidate V4,Fortress_defense_pattern,FortressBot:rally:5/3/3/3/2/2/1/1/1/0,11,,,0.0002,INSUFFICIENT_SAMPLE
Candidate V4,Fortress_defense_pattern,FortressBot:receive:7/3/1/1/1,11,,,0.0001,INSUFFICIENT_SAMPLE
Candidate V4,Fortress_defense_pattern,FortressBot:rally:4/4/3/2/2/2/2/1/1/0,11,,,0.0002,INSUFFICIENT_SAMPLE
Candidate V4,Fortress_defense_pattern,FortressBot:receive:8/2/1/1/1,11,,,0.0001,INSUFFICIENT_SAMPLE
Candidate V4,Fortress_defense_pattern,FortressBot:receive:3/3/3/2/0,11,,,0.0001,INSUFFICIENT_SAMPLE
Candidate V4,Fortress_defense_pattern,FortressBot:rally:4/3/2/2/2/1/1/1/1/0,11,,,0.0002,INSUFFICIENT_SAMPLE
Candidate V4,Fortress_defense_pattern,FortressBot:service:5/1/1/0/0,11,,,0.0001,INSUFFICIENT_SAMPLE
Candidate V4,Fortress_defense_pattern,FortressBot:rally:7/6/3/3/3/0/0/0/0/0,11,,,0.0002,INSUFFICIENT_SAMPLE
Candidate V4,Fortress_defense_pattern,FortressBot:rally:5/5/3/3/2/2/1/1/1/0,11,,,0.0002,INSUFFICIENT_SAMPLE
Candidate V4,Fortress_defense_pattern,FortressBot:rally:9/4/4/3/2/1/1/0/0/0,11,,,0.0002,INSUFFICIENT_SAMPLE
Candidate V4,Fortress_defense_pattern,FortressBot:rally:7/5/3/3/2/2/1/1/0/0,11,,,0.0002,INSUFFICIENT_SAMPLE
Candidate V4,Fortress_defense_pattern,FortressBot:rally:5/4/3/3/2/1/1/1/0/0,11,,,0.0002,INSUFFICIENT_SAMPLE
Candidate V4,Fortress_defense_pattern,FortressBot:rally:5/4/3/2/2/2/2/1/1/1,11,,,0.0002,INSUFFICIENT_SAMPLE
Candidate V4,Fortress_defense_pattern,FortressBot:receive:3/2/2/2/2,11,,,0.0001,INSUFFICIENT_SAMPLE
Candidate V4,Fortress_defense_pattern,FortressBot:rally:9/4/4/4/1/0/0/0/0/0,11,,,0.0002,INSUFFICIENT_SAMPLE
Candidate V4,Fortress_defense_pattern,FortressBot:receive:8/3/0/0/0,11,,,0.0001,INSUFFICIENT_SAMPLE
Candidate V4,Fortress_defense_pattern,FortressBot:rally:6/5/4/2/2/1/1/0/0/0,11,,,0.0002,INSUFFICIENT_SAMPLE
Candidate V4,Fortress_defense_pattern,FortressBot:rally:4/2/1/1/1/1/0/0/0/0,10,,,0.0001,INSUFFICIENT_SAMPLE
Candidate V4,Fortress_defense_pattern,FortressBot:rally:7/5/3/2/2/2/1/1/0/0,10,,,0.0001,INSUFFICIENT_SAMPLE
Candidate V4,Fortress_defense_pattern,FortressBot:receive:6/3/2/2/1,10,,,0.0001,INSUFFICIENT_SAMPLE
Candidate V4,Fortress_defense_pattern,FortressBot:rally:4/2/2/2/1/1/0/0/0/0,10,,,0.0001,INSUFFICIENT_SAMPLE
Candidate V4,Fortress_defense_pattern,FortressBot:rally:6/5/4/3/1/1/1/1/1/0,10,,,0.0001,INSUFFICIENT_SAMPLE
Candidate V4,Fortress_defense_pattern,FortressBot:receive:5/5/2/2/0,10,,,0.0001,INSUFFICIENT_SAMPLE
Candidate V4,Fortress_defense_pattern,FortressBot:rally:7/5/3/2/2/2/1/1/1/0,10,,,0.0001,INSUFFICIENT_SAMPLE
Candidate V4,Fortress_defense_pattern,FortressBot:receive:4/4/2/0/0,10,,,0.0001,INSUFFICIENT_SAMPLE
Candidate V4,Fortress_defense_pattern,FortressBot:receive:10/3/1/0/0,10,,,0.0001,INSUFFICIENT_SAMPLE
Candidate V4,Fortress_defense_pattern,FortressBot:rally:7/5/4/2/2/1/1/1/1/0,10,,,0.0001,INSUFFICIENT_SAMPLE
Candidate V4,Fortress_defense_pattern,FortressBot:rally:6/4/4/2/2/2/1/1/1/0,10,,,0.0001,INSUFFICIENT_SAMPLE
Candidate V4,Fortress_defense_pattern,FortressBot:rally:6/3/3/2/2/1/1/1/1/0,10,,,0.0001,INSUFFICIENT_SAMPLE
Candidate V4,Fortress_defense_pattern,FortressBot:receive:6/3/3/2/0,10,,,0.0001,INSUFFICIENT_SAMPLE
Candidate V4,Fortress_defense_pattern,FortressBot:rally:8/5/4/2/2/1/1/1/0/0,10,,,0.0001,INSUFFICIENT_SAMPLE
Candidate V4,Fortress_defense_pattern,FortressBot:service:4/1/1/1/1,10,,,0.0001,INSUFFICIENT_SAMPLE
Candidate V4,Fortress_defense_pattern,FortressBot:receive:4/3/3/2/1,10,,,0.0001,INSUFFICIENT_SAMPLE
Candidate V4,Fortress_defense_pattern,FortressBot:rally:6/4/3/3/3/3/0/0/0/0,10,,,0.0001,INSUFFICIENT_SAMPLE
Candidate V4,Fortress_defense_pattern,FortressBot:rally:5/5/4/2/2/2/1/1/1/0,10,,,0.0001,INSUFFICIENT_SAMPLE
Candidate V4,Fortress_defense_pattern,FortressBot:rally:4/4/3/3/2/2/1/1/0/0,10,,,0.0001,INSUFFICIENT_SAMPLE
Candidate V4,Fortress_defense_pattern,FortressBot:rally:7/6/4/2/2/1/1/1/0/0,10,,,0.0001,INSUFFICIENT_SAMPLE
Candidate V4,Fortress_defense_pattern,FortressBot:rally:3/3/2/1/1/1/1/1/0/0,10,,,0.0001,INSUFFICIENT_SAMPLE
Candidate V4,Fortress_defense_pattern,FortressBot:rally:6/6/3/2/2/2/1/1/1/0,10,,,0.0001,INSUFFICIENT_SAMPLE
Candidate V4,Fortress_defense_pattern,FortressBot:receive:6/2/1/1/1,10,,,0.0001,INSUFFICIENT_SAMPLE
Candidate V4,Fortress_defense_pattern,FortressBot:rally:6/5/3/3/2/1/1/0/0/0,10,,,0.0001,INSUFFICIENT_SAMPLE
Candidate V4,Fortress_defense_pattern,FortressBot:rally:5/4/4/3/3/2/1/1/0/0,10,,,0.0001,INSUFFICIENT_SAMPLE
Candidate V4,Fortress_defense_pattern,FortressBot:rally:4/3/2/2/1/1/1/1/0/0,10,,,0.0001,INSUFFICIENT_SAMPLE
Candidate V4,Fortress_defense_pattern,FortressBot:rally:6/4/3/3/3/2/1/1/0/0,10,,,0.0001,INSUFFICIENT_SAMPLE
Candidate V4,Fortress_defense_pattern,FortressBot:rally:11/4/3/2/1/1/0/0/0/0,10,,,0.0001,INSUFFICIENT_SAMPLE
Candidate V4,Fortress_defense_pattern,FortressBot:rally:4/2/2/2/2/1/1/1/1/0,10,,,0.0001,INSUFFICIENT_SAMPLE
Candidate V4,Fortress_defense_pattern,FortressBot:receive:7/2/2/0/0,10,,,0.0001,INSUFFICIENT_SAMPLE
Candidate V4,Fortress_defense_pattern,FortressBot:rally:11/4/2/2/2/1/0/0/0/0,9,,,0.0001,INSUFFICIENT_SAMPLE
Candidate V4,Fortress_defense_pattern,FortressBot:receive:5/2/2/2/0,9,,,0.0001,INSUFFICIENT_SAMPLE
Candidate V4,Fortress_defense_pattern,FortressBot:rally:3/2/2/2/2/2/1/1/1/0,9,,,0.0001,INSUFFICIENT_SAMPLE
Candidate V4,Fortress_defense_pattern,FortressBot:rally:8/3/3/3/3/2/0/0/0/0,9,,,0.0001,INSUFFICIENT_SAMPLE
Candidate V4,Fortress_defense_pattern,FortressBot:receive:4/1/1/1/1,9,,,0.0001,INSUFFICIENT_SAMPLE
Candidate V4,Fortress_defense_pattern,FortressBot:rally:6/5/4/3/2/1/1/1/1/0,9,,,0.0001,INSUFFICIENT_SAMPLE
Candidate V4,Fortress_defense_pattern,FortressBot:rally:9/4/3/1/1/1/1/1/1/0,9,,,0.0001,INSUFFICIENT_SAMPLE
Candidate V4,Fortress_defense_pattern,FortressBot:receive:5/4/3/1/1,9,,,0.0001,INSUFFICIENT_SAMPLE
Candidate V4,Fortress_defense_pattern,FortressBot:rally:8/3/3/2/2/2/1/1/1/0,9,,,0.0001,INSUFFICIENT_SAMPLE
Candidate V4,Fortress_defense_pattern,FortressBot:rally:11/2/2/2/2/1/1/1/0/0,9,,,0.0001,INSUFFICIENT_SAMPLE
Candidate V4,Fortress_defense_pattern,FortressBot:receive:7/3/0/0/0,9,,,0.0001,INSUFFICIENT_SAMPLE
Candidate V4,Fortress_defense_pattern,FortressBot:rally:4/3/2/2/2/2/1/1/0/0,9,,,0.0001,INSUFFICIENT_SAMPLE
Candidate V4,Fortress_defense_pattern,FortressBot:rally:5/4/3/3/3/2/1/1/1/0,9,,,0.0001,INSUFFICIENT_SAMPLE
Candidate V4,Fortress_defense_pattern,FortressBot:rally:6/4/3/3/2/1/1/0/0/0,9,,,0.0001,INSUFFICIENT_SAMPLE
Candidate V4,Fortress_defense_pattern,FortressBot:rally:7/5/4/2/2/1/1/1/0/0,9,,,0.0001,INSUFFICIENT_SAMPLE
Candidate V4,Fortress_defense_pattern,FortressBot:receive:7/2/2/1/1,9,,,0.0001,INSUFFICIENT_SAMPLE
Candidate V4,Fortress_defense_pattern,FortressBot:service:5/1/0/0/0,9,,,0.0001,INSUFFICIENT_SAMPLE
Candidate V4,Fortress_defense_pattern,FortressBot:receive:7/3/3/1/0,9,,,0.0001,INSUFFICIENT_SAMPLE
Candidate V4,Fortress_defense_pattern,FortressBot:receive:4/3/3/0/0,9,,,0.0001,INSUFFICIENT_SAMPLE
Candidate V4,Fortress_defense_pattern,FortressBot:rally:11/4/2/1/1/1/1/1/0/0,9,,,0.0001,INSUFFICIENT_SAMPLE
Candidate V4,Fortress_defense_pattern,FortressBot:rally:6/6/3/2/2/2/1/1/0/0,9,,,0.0001,INSUFFICIENT_SAMPLE
Candidate V4,Fortress_defense_pattern,FortressBot:receive:6/5/3/0/0,9,,,0.0001,INSUFFICIENT_SAMPLE
Candidate V4,Fortress_defense_pattern,FortressBot:rally:2/2/2/2/1/1/0/0/0/0,9,,,0.0001,INSUFFICIENT_SAMPLE
Candidate V4,Fortress_defense_pattern,FortressBot:rally:5/4/3/3/2/2/1/1/1/1,9,,,0.0001,INSUFFICIENT_SAMPLE
Candidate V4,Fortress_defense_pattern,FortressBot:rally:4/3/2/2/2/2/1/1/1/0,9,,,0.0001,INSUFFICIENT_SAMPLE
Candidate V4,Fortress_defense_pattern,FortressBot:rally:4/4/3/2/2/1/1/1/1/0,9,,,0.0001,INSUFFICIENT_SAMPLE
Candidate V4,Fortress_defense_pattern,FortressBot:rally:5/5/4/3/3/2/1/1/0/0,9,,,0.0001,INSUFFICIENT_SAMPLE
Candidate V4,Fortress_defense_pattern,FortressBot:rally:6/5/3/3/2/1/1/1/1/1,9,,,0.0001,INSUFFICIENT_SAMPLE
Candidate V4,Fortress_defense_pattern,FortressBot:rally:8/4/3/3/2/2/1/0/0/0,9,,,0.0001,INSUFFICIENT_SAMPLE
Candidate V4,Fortress_defense_pattern,FortressBot:rally:4/3/2/2/2/1/1/0/0/0,9,,,0.0001,INSUFFICIENT_SAMPLE
Candidate V4,Fortress_defense_pattern,FortressBot:rally:7/4/3/3/2/2/2/1/0/0,9,,,0.0001,INSUFFICIENT_SAMPLE
Candidate V4,Fortress_defense_pattern,FortressBot:rally:8/4/3/2/2/1/1/1/1/0,9,,,0.0001,INSUFFICIENT_SAMPLE
Candidate V4,Fortress_defense_pattern,FortressBot:rally:7/5/3/2/2/2/2/1/0/0,9,,,0.0001,INSUFFICIENT_SAMPLE
Candidate V4,Fortress_defense_pattern,FortressBot:rally:11/3/3/1/1/1/1/1/0/0,9,,,0.0001,INSUFFICIENT_SAMPLE
Candidate V4,Fortress_defense_pattern,FortressBot:rally:8/3/3/3/2/1/1/1/1/0,9,,,0.0001,INSUFFICIENT_SAMPLE
Candidate V4,Fortress_defense_pattern,FortressBot:rally:6/4/3/2/2/2/1/0/0/0,9,,,0.0001,INSUFFICIENT_SAMPLE
Candidate V4,Fortress_defense_pattern,FortressBot:rally:4/3/3/2/2/1/1/0/0/0,9,,,0.0001,INSUFFICIENT_SAMPLE
Candidate V4,Fortress_defense_pattern,FortressBot:rally:3/3/2/2/2/1/0/0/0/0,9,,,0.0001,INSUFFICIENT_SAMPLE
Candidate V4,Fortress_defense_pattern,FortressBot:receive:4/4/2/2/1,9,,,0.0001,INSUFFICIENT_SAMPLE
Candidate V4,Fortress_defense_pattern,FortressBot:rally:4/3/2/2/2/2/2/2/2/1,8,,,0.0001,INSUFFICIENT_SAMPLE
Candidate V4,Fortress_defense_pattern,FortressBot:receive:5/3/3/2/1,8,,,0.0001,INSUFFICIENT_SAMPLE
Candidate V4,Fortress_defense_pattern,FortressBot:rally:4/2/2/1/1/1/1/0/0/0,8,,,0.0001,INSUFFICIENT_SAMPLE
Candidate V4,Fortress_defense_pattern,FortressBot:rally:6/4/4/3/2/2/2/1/0/0,8,,,0.0001,INSUFFICIENT_SAMPLE
Candidate V4,Fortress_defense_pattern,FortressBot:receive:5/3/3/2/0,8,,,0.0001,INSUFFICIENT_SAMPLE
Candidate V4,Fortress_defense_pattern,FortressBot:rally:4/3/2/2/2/2/2/1/1/1,8,,,0.0001,INSUFFICIENT_SAMPLE
Candidate V4,Fortress_defense_pattern,FortressBot:rally:2/2/2/2/2/1/1/0/0/0,8,,,0.0001,INSUFFICIENT_SAMPLE
Candidate V4,Fortress_defense_pattern,FortressBot:rally:4/4/4/3/2/2/1/1/0/0,8,,,0.0001,INSUFFICIENT_SAMPLE
Candidate V4,Fortress_defense_pattern,FortressBot:rally:7/3/3/3/2/2/2/1/1/0,8,,,0.0001,INSUFFICIENT_SAMPLE
Candidate V4,Fortress_defense_pattern,FortressBot:rally:3/3/3/2/2/1/1/0/0/0,8,,,0.0001,INSUFFICIENT_SAMPLE
Candidate V4,Fortress_defense_pattern,FortressBot:rally:7/4/3/2/2/1/1/0/0/0,8,,,0.0001,INSUFFICIENT_SAMPLE
Candidate V4,Fortress_defense_pattern,FortressBot:rally:9/4/3/2/2/1/1/1/1/0,8,,,0.0001,INSUFFICIENT_SAMPLE
Candidate V4,Fortress_defense_pattern,FortressBot:rally:3/2/1/1/1/1/1/1/1/0,8,,,0.0001,INSUFFICIENT_SAMPLE
Candidate V4,Fortress_defense_pattern,FortressBot:rally:4/4/3/3/2/2/2/1/0/0,8,,,0.0001,INSUFFICIENT_SAMPLE
Candidate V4,Fortress_defense_pattern,FortressBot:rally:3/2/2/2/2/2/1/0/0/0,8,,,0.0001,INSUFFICIENT_SAMPLE
Candidate V4,Fortress_defense_pattern,FortressBot:rally:6/4/3/2/2/2/2/1/1/1,8,,,0.0001,INSUFFICIENT_SAMPLE
Candidate V4,Fortress_defense_pattern,FortressBot:rally:7/4/3/3/3/2/1/1/0/0,8,,,0.0001,INSUFFICIENT_SAMPLE
Candidate V4,Fortress_defense_pattern,FortressBot:rally:7/3/3/2/2/1/1/1/1/0,8,,,0.0001,INSUFFICIENT_SAMPLE
Candidate V4,Fortress_defense_pattern,FortressBot:rally:4/3/2/2/1/1/1/1/1/0,8,,,0.0001,INSUFFICIENT_SAMPLE
Candidate V4,Fortress_defense_pattern,FortressBot:rally:4/4/4/3/2/1/1/1/1/0,8,,,0.0001,INSUFFICIENT_SAMPLE
Candidate V4,Fortress_defense_pattern,FortressBot:rally:4/3/2/2/2/2/1/0/0/0,8,,,0.0001,INSUFFICIENT_SAMPLE
Candidate V4,Fortress_defense_pattern,FortressBot:rally:5/4/3/2/2/2/2/2/1/0,8,,,0.0001,INSUFFICIENT_SAMPLE
Candidate V4,Fortress_defense_pattern,FortressBot:receive:9/2/2/0/0,8,,,0.0001,INSUFFICIENT_SAMPLE
Candidate V4,Fortress_defense_pattern,FortressBot:rally:3/3/2/2/2/1/1/0/0/0,8,,,0.0001,INSUFFICIENT_SAMPLE
Candidate V4,Fortress_defense_pattern,FortressBot:rally:11/4/3/1/1/1/1/0/0/0,8,,,0.0001,INSUFFICIENT_SAMPLE
Candidate V4,Fortress_defense_pattern,FortressBot:rally:4/2/2/1/1/1/0/0/0/0,8,,,0.0001,INSUFFICIENT_SAMPLE
Candidate V4,Fortress_defense_pattern,FortressBot:rally:7/3/3/2/2/2/2/1/1/0,8,,,0.0001,INSUFFICIENT_SAMPLE
Candidate V4,Fortress_defense_pattern,FortressBot:rally:8/5/3/3/2/1/1/1/0/0,8,,,0.0001,INSUFFICIENT_SAMPLE
Candidate V4,Fortress_defense_pattern,FortressBot:rally:4/3/3/2/2/2/2/2/2/0,8,,,0.0001,INSUFFICIENT_SAMPLE
Candidate V4,Fortress_defense_pattern,FortressBot:receive:3/0/0/0/0,8,,,0.0001,INSUFFICIENT_SAMPLE
Candidate V4,Fortress_defense_pattern,FortressBot:rally:4/3/2/2/2/2/1/1/1/1,8,,,0.0001,INSUFFICIENT_SAMPLE
Candidate V4,Fortress_defense_pattern,FortressBot:rally:9/4/4/2/2/1/1/1/0/0,8,,,0.0001,INSUFFICIENT_SAMPLE
Candidate V4,Fortress_defense_pattern,FortressBot:rally:11/3/2/2/2/2/0/0/0/0,8,,,0.0001,INSUFFICIENT_SAMPLE
Candidate V4,Fortress_defense_pattern,FortressBot:rally:5/4/4/2/2/1/1/1/0/0,8,,,0.0001,INSUFFICIENT_SAMPLE
Candidate V4,Fortress_defense_pattern,FortressBot:rally:3/3/2/2/1/1/0/0/0/0,8,,,0.0001,INSUFFICIENT_SAMPLE
Candidate V4,Fortress_defense_pattern,FortressBot:rally:8/3/3/2/2/2/2/1/0/0,8,,,0.0001,INSUFFICIENT_SAMPLE
Candidate V4,Fortress_defense_pattern,FortressBot:service:5/1/1/1/1,8,,,0.0001,INSUFFICIENT_SAMPLE
Candidate V4,Fortress_defense_pattern,FortressBot:rally:3/1/1/1/1/1/0/0/0/0,8,,,0.0001,INSUFFICIENT_SAMPLE
Candidate V4,Fortress_defense_pattern,FortressBot:rally:7/4/4/3/3/2/1/0/0/0,8,,,0.0001,INSUFFICIENT_SAMPLE
Candidate V4,Fortress_defense_pattern,FortressBot:rally:8/4/4/2/2/1/1/1/1/0,8,,,0.0001,INSUFFICIENT_SAMPLE
Candidate V4,Fortress_defense_pattern,FortressBot:rally:4/3/3/3/2/2/2/1/0/0,8,,,0.0001,INSUFFICIENT_SAMPLE
Candidate V4,Fortress_defense_pattern,FortressBot:rally:4/3/2/2/2/2/2/1/1/0,8,,,0.0001,INSUFFICIENT_SAMPLE
Candidate V4,Fortress_defense_pattern,FortressBot:rally:6/4/4/2/2/2/1/1/1/1,8,,,0.0001,INSUFFICIENT_SAMPLE
Candidate V4,Fortress_defense_pattern,FortressBot:receive:8/2/0/0/0,8,,,0.0001,INSUFFICIENT_SAMPLE
Candidate V4,Fortress_defense_pattern,FortressBot:rally:6/3/3/2/2/2/2/1/1/1,8,,,0.0001,INSUFFICIENT_SAMPLE
Candidate V4,Fortress_defense_pattern,FortressBot:rally:7/4/4/2/2/2/1/1/1/0,7,,,0.0001,INSUFFICIENT_SAMPLE
Candidate V4,Fortress_defense_pattern,FortressBot:rally:3/2/2/2/2/1/1/0/0/0,7,,,0.0001,INSUFFICIENT_SAMPLE
Candidate V4,Fortress_defense_pattern,FortressBot:rally:6/4/4/2/1/1/1/1/1/0,7,,,0.0001,INSUFFICIENT_SAMPLE
Candidate V4,Fortress_defense_pattern,FortressBot:rally:4/3/3/2/2/2/2/1/1/1,7,,,0.0001,INSUFFICIENT_SAMPLE
Candidate V4,Fortress_defense_pattern,FortressBot:rally:3/2/2/2/1/1/1/1/1/1,7,,,0.0001,INSUFFICIENT_SAMPLE
Candidate V4,Fortress_defense_pattern,FortressBot:rally:2/2/2/2/2/1/1/1/0/0,7,,,0.0001,INSUFFICIENT_SAMPLE
Candidate V4,Fortress_defense_pattern,FortressBot:rally:6/3/2/2/2/2/1/1/1/0,7,,,0.0001,INSUFFICIENT_SAMPLE
Candidate V4,Fortress_defense_pattern,FortressBot:rally:3/3/3/1/1/1/1/0/0/0,7,,,0.0001,INSUFFICIENT_SAMPLE
Candidate V4,Fortress_defense_pattern,FortressBot:rally:5/3/3/2/2/2/2/1/1/0,7,,,0.0001,INSUFFICIENT_SAMPLE
Candidate V4,Fortress_defense_pattern,FortressBot:rally:5/4/3/3/3/3/1/0/0/0,7,,,0.0001,INSUFFICIENT_SAMPLE
Candidate V4,Fortress_defense_pattern,FortressBot:rally:3/3/2/2/2/2/1/1/1/1,7,,,0.0001,INSUFFICIENT_SAMPLE
Candidate V4,Fortress_defense_pattern,FortressBot:rally:6/6/4/4/1/1/1/0/0/0,7,,,0.0001,INSUFFICIENT_SAMPLE
Candidate V4,Fortress_defense_pattern,FortressBot:receive:5/2/1/0/0,7,,,0.0001,INSUFFICIENT_SAMPLE
Candidate V4,Fortress_defense_pattern,FortressBot:rally:11/4/3/2/2/0/0/0/0/0,7,,,0.0001,INSUFFICIENT_SAMPLE
Candidate V4,Fortress_defense_pattern,FortressBot:rally:3/2/1/0/0/0/0/0/0/0,7,,,0.0001,INSUFFICIENT_SAMPLE
Candidate V4,Fortress_defense_pattern,FortressBot:rally:7/3/3/3/2/2/2/1/0/0,7,,,0.0001,INSUFFICIENT_SAMPLE
Candidate V4,Fortress_defense_pattern,FortressBot:receive:5/3/2/2/1,7,,,0.0001,INSUFFICIENT_SAMPLE
Candidate V4,Fortress_defense_pattern,FortressBot:rally:5/4/4/3/2/2/2/1/1/0,7,,,0.0001,INSUFFICIENT_SAMPLE
Candidate V4,Fortress_defense_pattern,FortressBot:receive:4/4/3/0/0,7,,,0.0001,INSUFFICIENT_SAMPLE
Candidate V4,Fortress_defense_pattern,FortressBot:receive:2/2/2/2/0,7,,,0.0001,INSUFFICIENT_SAMPLE
Candidate V4,Fortress_defense_pattern,FortressBot:rally:9/4/3/3/2/2/1/0/0/0,7,,,0.0001,INSUFFICIENT_SAMPLE
Candidate V4,Fortress_defense_pattern,FortressBot:rally:6/3/3/3/3/2/2/0/0/0,7,,,0.0001,INSUFFICIENT_SAMPLE
Candidate V4,Fortress_defense_pattern,FortressBot:rally:5/4/3/2/2/2/2/1/0/0,7,,,0.0001,INSUFFICIENT_SAMPLE
Candidate V4,Fortress_defense_pattern,FortressBot:rally:7/5/4/3/2/2/1/0/0/0,7,,,0.0001,INSUFFICIENT_SAMPLE
Candidate V4,Fortress_defense_pattern,FortressBot:receive:4/2/2/0/0,7,,,0.0001,INSUFFICIENT_SAMPLE
Candidate V4,Fortress_defense_pattern,FortressBot:rally:8/4/4/2/2/2/1/0/0/0,7,,,0.0001,INSUFFICIENT_SAMPLE
Candidate V4,Fortress_defense_pattern,FortressBot:service:5/2/0/0/0,7,,,0.0001,INSUFFICIENT_SAMPLE
Candidate V4,Fortress_defense_pattern,FortressBot:rally:4/4/4/4/3/2/1/0/0/0,7,,,0.0001,INSUFFICIENT_SAMPLE
Candidate V4,Fortress_defense_pattern,FortressBot:rally:7/4/4/3/2/2/1/0/0/0,7,,,0.0001,INSUFFICIENT_SAMPLE
Candidate V4,Fortress_defense_pattern,FortressBot:rally:6/3/3/3/2/2/2/1/1/0,7,,,0.0001,INSUFFICIENT_SAMPLE
Candidate V4,Fortress_defense_pattern,FortressBot:rally:9/3/3/2/2/1/1/1/1/0,7,,,0.0001,INSUFFICIENT_SAMPLE
Candidate V4,Fortress_defense_pattern,FortressBot:rally:9/4/3/3/3/0/0/0/0/0,7,,,0.0001,INSUFFICIENT_SAMPLE
Candidate V4,Fortress_defense_pattern,FortressBot:rally:6/4/3/3/2/1/1/1/1/1,7,,,0.0001,INSUFFICIENT_SAMPLE
Candidate V4,Fortress_defense_pattern,FortressBot:rally:7/4/3/3/2/1/1/1/1/1,7,,,0.0001,INSUFFICIENT_SAMPLE
Candidate V4,Fortress_defense_pattern,FortressBot:service:4/2/0/0/0,7,,,0.0001,INSUFFICIENT_SAMPLE
Candidate V4,Fortress_defense_pattern,FortressBot:receive:9/2/1/1/1,7,,,0.0001,INSUFFICIENT_SAMPLE
Candidate V4,Fortress_defense_pattern,FortressBot:rally:4/4/3/3/2/1/1/1/0/0,7,,,0.0001,INSUFFICIENT_SAMPLE
Candidate V4,Fortress_defense_pattern,FortressBot:receive:8/2/2/1/1,7,,,0.0001,INSUFFICIENT_SAMPLE
Candidate V4,Fortress_defense_pattern,FortressBot:rally:4/3/3/3/2/1/1/1/1/1,7,,,0.0001,INSUFFICIENT_SAMPLE
Candidate V4,Fortress_defense_pattern,FortressBot:rally:5/5/3/2/2/1/1/1/1/0,7,,,0.0001,INSUFFICIENT_SAMPLE
Candidate V4,Fortress_defense_pattern,FortressBot:rally:7/4/4/2/1/1/1/1/0/0,7,,,0.0001,INSUFFICIENT_SAMPLE
Candidate V4,Fortress_defense_pattern,FortressBot:rally:5/5/3/3/2/1/1/1/0/0,7,,,0.0001,INSUFFICIENT_SAMPLE
Candidate V4,Fortress_defense_pattern,FortressBot:rally:9/4/2/1/1/1/1/1/1/1,7,,,0.0001,INSUFFICIENT_SAMPLE
Candidate V4,Fortress_defense_pattern,FortressBot:rally:3/2/2/2/1/1/0/0/0/0,7,,,0.0001,INSUFFICIENT_SAMPLE
Candidate V4,Fortress_defense_pattern,FortressBot:rally:6/4/4/3/1/1/1/0/0/0,7,,,0.0001,INSUFFICIENT_SAMPLE
Candidate V4,Fortress_defense_pattern,FortressBot:rally:7/6/3/3/2/2/1/0/0/0,7,,,0.0001,INSUFFICIENT_SAMPLE
Candidate V4,Fortress_defense_pattern,FortressBot:rally:4/2/2/1/1/1/1/1/0/0,7,,,0.0001,INSUFFICIENT_SAMPLE
Candidate V4,Fortress_defense_pattern,FortressBot:rally:4/3/3/2/1/1/1/1/1/0,7,,,0.0001,INSUFFICIENT_SAMPLE
Candidate V4,Fortress_defense_pattern,FortressBot:rally:5/5/3/2/2/2/2/1/1/0,7,,,0.0001,INSUFFICIENT_SAMPLE
Candidate V4,Fortress_defense_pattern,FortressBot:receive:5/4/3/2/0,7,,,0.0001,INSUFFICIENT_SAMPLE
Candidate V4,Fortress_defense_pattern,FortressBot:rally:9/3/3/2/2/2/1/1/0/0,7,,,0.0001,INSUFFICIENT_SAMPLE
Candidate V4,Fortress_defense_pattern,FortressBot:rally:7/3/3/2/2/2/1/1/0/0,7,,,0.0001,INSUFFICIENT_SAMPLE
Candidate V4,Fortress_defense_pattern,FortressBot:rally:2/2/2/2/1/1/1/1/1/0,7,,,0.0001,INSUFFICIENT_SAMPLE
Candidate V4,Fortress_defense_pattern,FortressBot:receive:5/5/3/1/0,7,,,0.0001,INSUFFICIENT_SAMPLE
Candidate V4,Fortress_defense_pattern,FortressBot:rally:5/4/4/3/1/1/1/1/0/0,7,,,0.0001,INSUFFICIENT_SAMPLE
Candidate V4,Fortress_defense_pattern,FortressBot:rally:6/3/3/3/2/1/1/1/1/0,6,,,0.0001,INSUFFICIENT_SAMPLE
Candidate V4,Fortress_defense_pattern,FortressBot:rally:8/4/4/2/2/1/1/1/0/0,6,,,0.0001,INSUFFICIENT_SAMPLE
Candidate V4,Fortress_defense_pattern,FortressBot:receive:7/1/1/1/0,6,,,0.0001,INSUFFICIENT_SAMPLE
Candidate V4,Fortress_defense_pattern,FortressBot:rally:7/5/4/3/1/1/1/1/0/0,6,,,0.0001,INSUFFICIENT_SAMPLE
Candidate V4,Fortress_defense_pattern,FortressBot:rally:5/5/4/4/3/1/0/0/0/0,6,,,0.0001,INSUFFICIENT_SAMPLE
Candidate V4,Fortress_defense_pattern,FortressBot:rally:4/3/3/3/3/2/1/1/1/0,6,,,0.0001,INSUFFICIENT_SAMPLE
Candidate V4,Fortress_defense_pattern,FortressBot:rally:3/1/1/1/1/1/1/0/0/0,6,,,0.0001,INSUFFICIENT_SAMPLE
Candidate V4,Fortress_defense_pattern,FortressBot:rally:3/3/2/2/2/2/2/2/1/1,6,,,0.0001,INSUFFICIENT_SAMPLE
Candidate V4,Fortress_defense_pattern,FortressBot:rally:8/5/3/2/2/2/1/1/0/0,6,,,0.0001,INSUFFICIENT_SAMPLE
Candidate V4,Fortress_defense_pattern,FortressBot:rally:3/3/3/3/2/2/1/1/1/0,6,,,0.0001,INSUFFICIENT_SAMPLE
Candidate V4,Fortress_defense_pattern,FortressBot:receive:6/2/2/0/0,6,,,0.0001,INSUFFICIENT_SAMPLE
Candidate V4,Fortress_defense_pattern,FortressBot:rally:4/4/4/2/2/2/1/1/1/0,6,,,0.0001,INSUFFICIENT_SAMPLE
Candidate V4,Fortress_defense_pattern,FortressBot:rally:5/5/3/3/2/2/2/1/0/0,6,,,0.0001,INSUFFICIENT_SAMPLE
Candidate V4,Fortress_defense_pattern,FortressBot:rally:7/3/3/3/2/1/1/0/0/0,6,,,0.0001,INSUFFICIENT_SAMPLE
Candidate V4,Fortress_defense_pattern,FortressBot:rally:8/4/2/2/1/1/1/1/0/0,6,,,0.0001,INSUFFICIENT_SAMPLE
Candidate V4,Fortress_defense_pattern,FortressBot:rally:4/3/3/2/1/1/1/1/0/0,6,,,0.0001,INSUFFICIENT_SAMPLE
Candidate V4,Fortress_defense_pattern,FortressBot:rally:6/3/2/2/2/2/2/1/1/0,6,,,0.0001,INSUFFICIENT_SAMPLE
Candidate V4,Fortress_defense_pattern,FortressBot:rally:10/4/4/3/1/0/0/0/0/0,6,,,0.0001,INSUFFICIENT_SAMPLE
Candidate V4,Fortress_defense_pattern,FortressBot:rally:6/3/3/3/2/1/1/1/0/0,6,,,0.0001,INSUFFICIENT_SAMPLE
Candidate V4,Fortress_defense_pattern,FortressBot:rally:5/4/4/4/3/2/0/0/0/0,6,,,0.0001,INSUFFICIENT_SAMPLE
Candidate V4,Fortress_defense_pattern,FortressBot:rally:9/3/3/3/2/1/1/1/0/0,6,,,0.0001,INSUFFICIENT_SAMPLE
Candidate V4,Fortress_defense_pattern,FortressBot:rally:5/3/3/2/2/2/1/1/1/0,6,,,0.0001,INSUFFICIENT_SAMPLE
Candidate V4,Fortress_defense_pattern,FortressBot:rally:2/2/2/2/2/1/1/1/1/0,6,,,0.0001,INSUFFICIENT_SAMPLE
Candidate V4,Fortress_defense_pattern,FortressBot:rally:7/5/4/2/2/2/1/1/0/0,6,,,0.0001,INSUFFICIENT_SAMPLE
Candidate V4,Fortress_defense_pattern,FortressBot:rally:3/2/2/2/2/2/1/1/0/0,6,,,0.0001,INSUFFICIENT_SAMPLE
Candidate V4,Fortress_defense_pattern,FortressBot:rally:8/4/3/2/1/1/1/1/0/0,6,,,0.0001,INSUFFICIENT_SAMPLE
Candidate V4,Fortress_defense_pattern,FortressBot:rally:4/4/3/3/3/1/1/1/1/0,6,,,0.0001,INSUFFICIENT_SAMPLE
Candidate V4,Fortress_defense_pattern,FortressBot:rally:6/3/3/3/2/2/1/1/1/1,6,,,0.0001,INSUFFICIENT_SAMPLE
Candidate V4,Fortress_defense_pattern,FortressBot:rally:3/3/3/2/2/2/2/1/1/1,6,,,0.0001,INSUFFICIENT_SAMPLE
Candidate V4,Fortress_defense_pattern,FortressBot:rally:6/4/2/2/2/2/1/1/1/0,6,,,0.0001,INSUFFICIENT_SAMPLE
Candidate V4,Fortress_defense_pattern,FortressBot:rally:7/4/3/3/3/1/1/1/0/0,6,,,0.0001,INSUFFICIENT_SAMPLE
Candidate V4,Fortress_defense_pattern,FortressBot:rally:6/4/4/2/2/2/2/1/1/0,6,,,0.0001,INSUFFICIENT_SAMPLE
Candidate V4,Fortress_defense_pattern,FortressBot:rally:5/4/3/2/2/1/1/1/1/1,6,,,0.0001,INSUFFICIENT_SAMPLE
Candidate V4,Fortress_defense_pattern,FortressBot:rally:4/3/3/3/3/3/1/1/1/0,6,,,0.0001,INSUFFICIENT_SAMPLE
Candidate V4,Fortress_defense_pattern,FortressBot:rally:6/4/2/2/2/2/1/1/0/0,6,,,0.0001,INSUFFICIENT_SAMPLE
Candidate V4,Fortress_defense_pattern,FortressBot:rally:6/5/3/3/2/2/2/1/0/0,6,,,0.0001,INSUFFICIENT_SAMPLE
Candidate V4,Fortress_defense_pattern,FortressBot:rally:3/3/3/2/2/2/2/1/0/0,6,,,0.0001,INSUFFICIENT_SAMPLE
Candidate V4,Fortress_defense_pattern,FortressBot:rally:8/5/4/2/2/2/1/0/0/0,6,,,0.0001,INSUFFICIENT_SAMPLE
Candidate V4,Fortress_defense_pattern,FortressBot:service:5/2/2/0/0,6,,,0.0000,INSUFFICIENT_SAMPLE
Candidate V4,Fortress_defense_pattern,FortressBot:rally:3/3/3/3/3/2/2/2/1/0,6,,,0.0001,INSUFFICIENT_SAMPLE
Candidate V4,Fortress_defense_pattern,FortressBot:service:4/4/1/0/0,6,,,0.0000,INSUFFICIENT_SAMPLE
Candidate V4,Fortress_defense_pattern,FortressBot:rally:4/3/2/1/1/1/1/1/0/0,6,,,0.0001,INSUFFICIENT_SAMPLE
Candidate V4,Fortress_defense_pattern,FortressBot:rally:6/6/4/3/2/1/1/1/0/0,6,,,0.0001,INSUFFICIENT_SAMPLE
Candidate V4,Fortress_defense_pattern,FortressBot:rally:6/6/3/3/2/1/1/1/1/0,6,,,0.0001,INSUFFICIENT_SAMPLE
Candidate V4,Fortress_defense_pattern,FortressBot:rally:4/4/3/2/2/2/2/1/0/0,6,,,0.0001,INSUFFICIENT_SAMPLE
Candidate V4,Fortress_defense_pattern,FortressBot:rally:3/2/2/2/1/0/0/0/0/0,6,,,0.0001,INSUFFICIENT_SAMPLE
Candidate V4,Fortress_defense_pattern,FortressBot:rally:7/6/4/3/2/2/1/0/0/0,6,,,0.0001,INSUFFICIENT_SAMPLE
Candidate V4,Fortress_defense_pattern,FortressBot:rally:3/3/3/2/2/2/1/1/1/1,6,,,0.0001,INSUFFICIENT_SAMPLE
Candidate V4,Fortress_defense_pattern,FortressBot:rally:6/6/3/3/2/2/1/0/0/0,6,,,0.0001,INSUFFICIENT_SAMPLE
Candidate V4,Fortress_defense_pattern,FortressBot:rally:4/3/3/3/3/2/1/1/0/0,6,,,0.0001,INSUFFICIENT_SAMPLE
Candidate V4,Fortress_defense_pattern,FortressBot:rally:3/1/1/1/1/0/0/0/0/0,6,,,0.0001,INSUFFICIENT_SAMPLE
Candidate V4,Fortress_defense_pattern,FortressBot:rally:4/3/3/2/2/2/2/1/0/0,6,,,0.0001,INSUFFICIENT_SAMPLE
Candidate V4,Fortress_defense_pattern,FortressBot:rally:5/5/3/2/2/1/1/1/0/0,6,,,0.0001,INSUFFICIENT_SAMPLE
Candidate V4,Fortress_defense_pattern,FortressBot:rally:5/4/4/2/2/2/1/1/0/0,6,,,0.0001,INSUFFICIENT_SAMPLE
Candidate V4,Fortress_defense_pattern,FortressBot:rally:3/3/2/2/2/2/2/1/1/1,6,,,0.0001,INSUFFICIENT_SAMPLE
Candidate V4,Fortress_defense_pattern,FortressBot:rally:3/3/3/3/2/2/2/2/1/1,6,,,0.0001,INSUFFICIENT_SAMPLE
Candidate V4,Fortress_defense_pattern,FortressBot:rally:5/5/4/2/2/1/1/0/0/0,6,,,0.0001,INSUFFICIENT_SAMPLE
Candidate V4,Fortress_defense_pattern,FortressBot:rally:8/3/3/3/2/2/2/1/0/0,6,,,0.0001,INSUFFICIENT_SAMPLE
Candidate V4,Fortress_defense_pattern,FortressBot:rally:6/5/3/2/2/2/1/0/0/0,6,,,0.0001,INSUFFICIENT_SAMPLE
Candidate V4,Fortress_defense_pattern,FortressBot:rally:5/3/3/2/2/2/1/1/1/1,6,,,0.0001,INSUFFICIENT_SAMPLE
Candidate V4,Fortress_defense_pattern,FortressBot:rally:5/4/4/3/2/1/1/0/0/0,6,,,0.0001,INSUFFICIENT_SAMPLE
Candidate V4,Fortress_defense_pattern,FortressBot:rally:7/4/4/3/2/2/1/1/0/0,6,,,0.0001,INSUFFICIENT_SAMPLE
Candidate V4,Fortress_defense_pattern,FortressBot:service:3/3/0/0/0,6,,,0.0000,INSUFFICIENT_SAMPLE
Candidate V4,Fortress_defense_pattern,FortressBot:rally:4/3/2/2/2/1/1/1/1/1,6,,,0.0001,INSUFFICIENT_SAMPLE
Candidate V4,Fortress_defense_pattern,FortressBot:rally:7/6/4/3/2/1/0/0/0/0,6,,,0.0001,INSUFFICIENT_SAMPLE
Candidate V4,Fortress_defense_pattern,FortressBot:rally:4/3/3/3/2/2/1/1/0/0,6,,,0.0001,INSUFFICIENT_SAMPLE
Candidate V4,Fortress_defense_pattern,FortressBot:receive:4/2/0/0/0,6,,,0.0001,INSUFFICIENT_SAMPLE
Candidate V4,Fortress_defense_pattern,FortressBot:rally:7/6/4/2/2/1/1/0/0/0,6,,,0.0001,INSUFFICIENT_SAMPLE
Candidate V4,Fortress_defense_pattern,FortressBot:rally:6/5/3/3/3/2/1/1/0/0,6,,,0.0001,INSUFFICIENT_SAMPLE
Candidate V4,Fortress_defense_pattern,FortressBot:receive:4/4/3/2/1,6,,,0.0001,INSUFFICIENT_SAMPLE
Candidate V4,Fortress_defense_pattern,FortressBot:receive:3/3/0/0/0,6,,,0.0001,INSUFFICIENT_SAMPLE
Candidate V4,Fortress_defense_pattern,FortressBot:rally:4/3/3/2/1/1/1/0/0/0,6,,,0.0001,INSUFFICIENT_SAMPLE
Candidate V4,Fortress_defense_pattern,FortressBot:rally:9/4/3/2/2/2/1/0/0/0,5,,,0.0001,INSUFFICIENT_SAMPLE
Candidate V4,Fortress_defense_pattern,FortressBot:rally:4/4/2/2/2/1/1/1/0/0,5,,,0.0001,INSUFFICIENT_SAMPLE
Candidate V4,Fortress_defense_pattern,FortressBot:rally:4/4/3/2/1/1/1/1/1/0,5,,,0.0001,INSUFFICIENT_SAMPLE
Candidate V4,Fortress_defense_pattern,FortressBot:rally:7/4/3/2/2/2/2/1/1/0,5,,,0.0001,INSUFFICIENT_SAMPLE
Candidate V4,Fortress_defense_pattern,FortressBot:rally:6/5/3/2/2/2/1/1/1/1,5,,,0.0001,INSUFFICIENT_SAMPLE
Candidate V4,Fortress_defense_pattern,FortressBot:rally:3/3/3/3/3/2/1/1/1/0,5,,,0.0001,INSUFFICIENT_SAMPLE
Candidate V4,Fortress_defense_pattern,FortressBot:rally:8/3/3/2/2/1/1/1/0/0,5,,,0.0001,INSUFFICIENT_SAMPLE
Candidate V4,Fortress_defense_pattern,FortressBot:rally:3/3/2/1/1/1/1/1/1/0,5,,,0.0001,INSUFFICIENT_SAMPLE
Candidate V4,Fortress_defense_pattern,FortressBot:rally:10/3/3/2/2/2/1/1/0/0,5,,,0.0001,INSUFFICIENT_SAMPLE
Candidate V4,Fortress_defense_pattern,FortressBot:rally:7/4/4/3/2/1/1/1/1/0,5,,,0.0001,INSUFFICIENT_SAMPLE
Candidate V4,Fortress_defense_pattern,FortressBot:rally:7/5/4/2/2/2/2/0/0/0,5,,,0.0001,INSUFFICIENT_SAMPLE
Candidate V4,Fortress_defense_pattern,FortressBot:rally:9/4/3/2/2/1/1/1/0/0,5,,,0.0001,INSUFFICIENT_SAMPLE
Candidate V4,Fortress_defense_pattern,FortressBot:rally:6/4/3/2/2/2/2/2/1/0,5,,,0.0001,INSUFFICIENT_SAMPLE
Candidate V4,Fortress_defense_pattern,FortressBot:rally:2/2/2/2/1/1/1/1/1/1,5,,,0.0001,INSUFFICIENT_SAMPLE
Candidate V4,Fortress_defense_pattern,FortressBot:rally:11/2/2/2/2/2/1/0/0/0,5,,,0.0001,INSUFFICIENT_SAMPLE
Candidate V4,Fortress_defense_pattern,FortressBot:rally:7/3/3/2/2/1/1/1/0/0,5,,,0.0001,INSUFFICIENT_SAMPLE
Candidate V4,Fortress_defense_pattern,FortressBot:receive:6/3/3/1/1,5,,,0.0001,INSUFFICIENT_SAMPLE
Candidate V4,Fortress_defense_pattern,FortressBot:rally:4/3/2/2/1/1/0/0/0/0,5,,,0.0001,INSUFFICIENT_SAMPLE
Candidate V4,Fortress_defense_pattern,FortressBot:rally:8/3/3/2/2/2/1/1/1/1,5,,,0.0001,INSUFFICIENT_SAMPLE
Candidate V4,Fortress_defense_pattern,FortressBot:rally:10/4/3/2/2/2/1/0/0/0,5,,,0.0001,INSUFFICIENT_SAMPLE
Candidate V4,Fortress_defense_pattern,FortressBot:rally:7/3/2/2/2/2/2/1/0/0,5,,,0.0001,INSUFFICIENT_SAMPLE
Candidate V4,Fortress_defense_pattern,FortressBot:rally:5/4/3/3/3/2/2/1/0/0,5,,,0.0001,INSUFFICIENT_SAMPLE
Candidate V4,Fortress_defense_pattern,FortressBot:rally:6/3/3/3/3/2/1/1/1/0,5,,,0.0001,INSUFFICIENT_SAMPLE
Candidate V4,Fortress_defense_pattern,FortressBot:rally:5/5/4/3/2/1/1/1/1/0,5,,,0.0001,INSUFFICIENT_SAMPLE
Candidate V4,Fortress_defense_pattern,FortressBot:rally:9/4/3/3/2/1/1/0/0/0,5,,,0.0001,INSUFFICIENT_SAMPLE
Candidate V4,Fortress_defense_pattern,FortressBot:rally:8/4/4/2/2/2/1/1/0/0,5,,,0.0001,INSUFFICIENT_SAMPLE
Candidate V4,Fortress_defense_pattern,FortressBot:rally:4/2/1/1/1/1/1/0/0/0,5,,,0.0001,INSUFFICIENT_SAMPLE
Candidate V4,Fortress_defense_pattern,FortressBot:rally:5/5/3/3/3/2/1/1/1/0,5,,,0.0001,INSUFFICIENT_SAMPLE
Candidate V4,Fortress_defense_pattern,FortressBot:rally:9/3/3/1/1/1/1/1/1/1,5,,,0.0001,INSUFFICIENT_SAMPLE
Candidate V4,Fortress_defense_pattern,FortressBot:rally:7/3/3/3/3/2/1/1/0/0,5,,,0.0001,INSUFFICIENT_SAMPLE
Candidate V4,Fortress_defense_pattern,FortressBot:rally:8/6/4/3/2/1/0/0/0/0,5,,,0.0001,INSUFFICIENT_SAMPLE
Candidate V4,Fortress_defense_pattern,FortressBot:rally:7/3/3/2/2/2/2/1/1/1,5,,,0.0001,INSUFFICIENT_SAMPLE
Candidate V4,Fortress_defense_pattern,FortressBot:rally:4/2/2/2/2/2/1/1/1/1,5,,,0.0001,INSUFFICIENT_SAMPLE
Candidate V4,Fortress_defense_pattern,FortressBot:rally:7/6/4/2/2/2/1/0/0/0,5,,,0.0001,INSUFFICIENT_SAMPLE
Candidate V4,Fortress_defense_pattern,FortressBot:rally:5/5/3/3/2/1/1/1/1/1,5,,,0.0001,INSUFFICIENT_SAMPLE
Candidate V4,Fortress_defense_pattern,FortressBot:rally:6/5/4/2/1/1/1/1/0/0,5,,,0.0001,INSUFFICIENT_SAMPLE
Candidate V4,Fortress_defense_pattern,FortressBot:receive:5/3/1/0/0,5,,,0.0001,INSUFFICIENT_SAMPLE
Candidate V4,Fortress_defense_pattern,FortressBot:rally:6/5/4/3/3/1/1/0/0/0,5,,,0.0001,INSUFFICIENT_SAMPLE
Candidate V4,Fortress_defense_pattern,FortressBot:rally:4/3/2/1/1/1/1/0/0/0,5,,,0.0001,INSUFFICIENT_SAMPLE
Candidate V4,Fortress_defense_pattern,FortressBot:rally:3/2/2/2/2/2/2/1/1/1,5,,,0.0001,INSUFFICIENT_SAMPLE
Candidate V4,Fortress_defense_pattern,FortressBot:rally:4/2/1/1/1/1/1/1/0/0,5,,,0.0001,INSUFFICIENT_SAMPLE
Candidate V4,Fortress_defense_pattern,FortressBot:rally:4/3/3/2/2/1/1/1/1/1,5,,,0.0001,INSUFFICIENT_SAMPLE
Candidate V4,Fortress_defense_pattern,FortressBot:rally:5/3/3/3/2/2/2/2/1/1,5,,,0.0001,INSUFFICIENT_SAMPLE
Candidate V4,Fortress_defense_pattern,FortressBot:rally:5/4/4/2/2/1/1/1/1/0,5,,,0.0001,INSUFFICIENT_SAMPLE
Candidate V4,Fortress_defense_pattern,FortressBot:rally:7/4/3/2/2/2/1/0/0/0,5,,,0.0001,INSUFFICIENT_SAMPLE
Candidate V4,Fortress_defense_pattern,FortressBot:rally:5/5/3/2/2/2/1/1/1/1,5,,,0.0001,INSUFFICIENT_SAMPLE
Candidate V4,Fortress_defense_pattern,FortressBot:rally:6/5/3/3/1/1/1/1/0/0,5,,,0.0001,INSUFFICIENT_SAMPLE
Candidate V4,Fortress_defense_pattern,FortressBot:rally:8/5/4/4/1/1/1/0/0/0,5,,,0.0001,INSUFFICIENT_SAMPLE
Candidate V4,Fortress_defense_pattern,FortressBot:rally:5/4/4/2/2/2/2/1/1/0,5,,,0.0001,INSUFFICIENT_SAMPLE
Candidate V4,Fortress_defense_pattern,FortressBot:receive:11/2/1/0/0,5,,,0.0001,INSUFFICIENT_SAMPLE
Candidate V4,Fortress_defense_pattern,FortressBot:rally:5/4/3/3/2/2/1/0/0/0,5,,,0.0001,INSUFFICIENT_SAMPLE
Candidate V4,Fortress_defense_pattern,FortressBot:receive:3/3/3/0/0,5,,,0.0001,INSUFFICIENT_SAMPLE
Candidate V4,Fortress_defense_pattern,FortressBot:receive:9/1/1/0/0,5,,,0.0001,INSUFFICIENT_SAMPLE
Candidate V4,Fortress_defense_pattern,FortressBot:rally:5/5/3/3/2/2/1/1/1/1,5,,,0.0001,INSUFFICIENT_SAMPLE
Candidate V4,Fortress_defense_pattern,FortressBot:rally:6/6/4/2/2/1/1/1/1/0,5,,,0.0001,INSUFFICIENT_SAMPLE
Candidate V4,Fortress_defense_pattern,FortressBot:receive:10/2/1/0/0,5,,,0.0001,INSUFFICIENT_SAMPLE
Candidate V4,Fortress_defense_pattern,FortressBot:rally:4/4/3/2/2/2/1/1/0/0,5,,,0.0001,INSUFFICIENT_SAMPLE
Candidate V4,Fortress_defense_pattern,FortressBot:rally:7/5/4/4/2/1/1/0/0/0,5,,,0.0001,INSUFFICIENT_SAMPLE
Candidate V4,Fortress_defense_pattern,FortressBot:rally:7/4/3/2/2/2/1/1/1/1,5,,,0.0001,INSUFFICIENT_SAMPLE
Candidate V4,Fortress_defense_pattern,FortressBot:rally:7/3/3/3/3/3/0/0/0/0,5,,,0.0001,INSUFFICIENT_SAMPLE
Candidate V4,Fortress_defense_pattern,FortressBot:rally:7/5/3/2/2/1/1/0/0/0,5,,,0.0001,INSUFFICIENT_SAMPLE
Candidate V4,Fortress_defense_pattern,FortressBot:receive:4/1/0/0/0,5,,,0.0001,INSUFFICIENT_SAMPLE
Candidate V4,Fortress_defense_pattern,FortressBot:rally:5/4/4/3/2/2/2/1/0/0,5,,,0.0001,INSUFFICIENT_SAMPLE
Candidate V4,Fortress_defense_pattern,FortressBot:rally:4/4/3/3/2/1/1/1/1/0,5,,,0.0001,INSUFFICIENT_SAMPLE
Candidate V4,Fortress_defense_pattern,FortressBot:rally:7/4/4/3/1/1/1/1/1/0,5,,,0.0001,INSUFFICIENT_SAMPLE
Candidate V4,Fortress_defense_pattern,FortressBot:rally:3/3/3/3/3/2/2/1/1/1,5,,,0.0001,INSUFFICIENT_SAMPLE
Candidate V4,Fortress_defense_pattern,FortressBot:rally:6/4/4/2/1/1/1/1/0/0,5,,,0.0001,INSUFFICIENT_SAMPLE
Candidate V4,Fortress_defense_pattern,FortressBot:rally:5/4/4/3/2/2/1/0/0/0,5,,,0.0001,INSUFFICIENT_SAMPLE
Candidate V4,Fortress_defense_pattern,FortressBot:rally:7/4/3/3/2/2/2/0/0/0,5,,,0.0001,INSUFFICIENT_SAMPLE
Candidate V4,Fortress_defense_pattern,FortressBot:rally:6/4/4/2/2/1/1/1/1/1,5,,,0.0001,INSUFFICIENT_SAMPLE
Candidate V4,Fortress_defense_pattern,FortressBot:rally:6/5/4/3/2/2/2/1/1/0,5,,,0.0001,INSUFFICIENT_SAMPLE
Candidate V4,Fortress_defense_pattern,FortressBot:rally:6/3/3/2/2/1/1/1/1/1,5,,,0.0001,INSUFFICIENT_SAMPLE
Candidate V4,Fortress_defense_pattern,FortressBot:receive:10/4/0/0/0,5,,,0.0001,INSUFFICIENT_SAMPLE
Candidate V4,Fortress_defense_pattern,FortressBot:rally:8/3/3/3/2/2/1/1/0/0,5,,,0.0001,INSUFFICIENT_SAMPLE
Candidate V4,Fortress_defense_pattern,FortressBot:rally:7/4/4/4/2/1/1/0/0/0,5,,,0.0001,INSUFFICIENT_SAMPLE
Candidate V4,Fortress_defense_pattern,FortressBot:rally:4/3/2/2/1/1/1/0/0/0,5,,,0.0001,INSUFFICIENT_SAMPLE
Candidate V4,Fortress_defense_pattern,FortressBot:rally:3/3/3/2/1/1/1/1/0/0,4,,,0.0001,INSUFFICIENT_SAMPLE
Candidate V4,Fortress_defense_pattern,FortressBot:rally:3/3/1/1/1/1/0/0/0/0,4,,,0.0001,INSUFFICIENT_SAMPLE
Candidate V4,Fortress_defense_pattern,FortressBot:rally:7/5/4/3/1/1/1/1/1/0,4,,,0.0001,INSUFFICIENT_SAMPLE
Candidate V4,Fortress_defense_pattern,FortressBot:service:3/3/3/0/0,4,,,0.0000,INSUFFICIENT_SAMPLE
Candidate V4,Fortress_defense_pattern,FortressBot:rally:6/6/4/2/2/2/1/1/0/0,4,,,0.0001,INSUFFICIENT_SAMPLE
Candidate V4,Fortress_defense_pattern,FortressBot:rally:6/4/4/3/2/1/1/0/0/0,4,,,0.0001,INSUFFICIENT_SAMPLE
Candidate V4,Fortress_defense_pattern,FortressBot:receive:12/0/0/0/0,4,,,0.0000,INSUFFICIENT_SAMPLE
Candidate V4,Fortress_defense_pattern,FortressBot:receive:2/2/2/2/2,4,,,0.0000,INSUFFICIENT_SAMPLE
Candidate V4,Fortress_defense_pattern,FortressBot:receive:5/3/3/0/0,4,,,0.0000,INSUFFICIENT_SAMPLE
Candidate V4,Fortress_defense_pattern,FortressBot:rally:4/4/3/3/2/2/2/2/1/0,4,,,0.0001,INSUFFICIENT_SAMPLE
Candidate V4,Fortress_defense_pattern,FortressBot:receive:5/1/1/1/0,4,,,0.0000,INSUFFICIENT_SAMPLE
Candidate V4,Fortress_defense_pattern,FortressBot:rally:5/3/2/2/2/2/1/1/0/0,4,,,0.0001,INSUFFICIENT_SAMPLE
Candidate V4,Fortress_defense_pattern,FortressBot:rally:6/4/4/2/2/1/1/1/0/0,4,,,0.0001,INSUFFICIENT_SAMPLE
Candidate V4,Fortress_defense_pattern,FortressBot:rally:4/3/1/1/1/1/1/0/0/0,4,,,0.0001,INSUFFICIENT_SAMPLE
Candidate V4,Fortress_defense_pattern,FortressBot:rally:3/3/3/2/2/2/2/2/1/0,4,,,0.0001,INSUFFICIENT_SAMPLE
Candidate V4,Fortress_defense_pattern,FortressBot:rally:5/3/3/2/2/2/1/1/0/0,4,,,0.0001,INSUFFICIENT_SAMPLE
Candidate V4,Fortress_defense_pattern,FortressBot:rally:5/4/3/3/1/1/1/1/1/0,4,,,0.0001,INSUFFICIENT_SAMPLE
Candidate V4,Fortress_defense_pattern,FortressBot:rally:5/5/4/2/2/1/1/1/0/0,4,,,0.0001,INSUFFICIENT_SAMPLE
Candidate V4,Fortress_defense_pattern,FortressBot:rally:7/7/3/3/2/1/1/0/0/0,4,,,0.0001,INSUFFICIENT_SAMPLE
Candidate V4,Fortress_defense_pattern,FortressBot:rally:5/3/3/2/2/2/1/0/0/0,4,,,0.0001,INSUFFICIENT_SAMPLE
Candidate V4,Fortress_defense_pattern,FortressBot:rally:6/5/4/4/2/1/1/1/0/0,4,,,0.0001,INSUFFICIENT_SAMPLE
Candidate V4,Fortress_defense_pattern,FortressBot:receive:10/2/1/1/0,4,,,0.0000,INSUFFICIENT_SAMPLE
Candidate V4,Fortress_defense_pattern,FortressBot:rally:5/4/4/4/3/2/1/1/0/0,4,,,0.0001,INSUFFICIENT_SAMPLE
Candidate V4,Fortress_defense_pattern,FortressBot:rally:4/2/2/2/2/1/1/1/0/0,4,,,0.0001,INSUFFICIENT_SAMPLE
Candidate V4,Fortress_defense_pattern,FortressBot:rally:9/4/2/2/1/1/1/1/0/0,4,,,0.0001,INSUFFICIENT_SAMPLE
Candidate V4,Fortress_defense_pattern,FortressBot:service:5/1/1/1/0,4,,,0.0000,INSUFFICIENT_SAMPLE
Candidate V4,Fortress_defense_pattern,FortressBot:rally:4/4/4/2/2/2/1/1/0/0,4,,,0.0001,INSUFFICIENT_SAMPLE
Candidate V4,Fortress_defense_pattern,FortressBot:rally:8/3/2/2/2/2/1/1/0/0,4,,,0.0001,INSUFFICIENT_SAMPLE
Candidate V4,Fortress_defense_pattern,FortressBot:rally:8/5/3/2/2/2/1/0/0/0,4,,,0.0001,INSUFFICIENT_SAMPLE
Candidate V4,Fortress_defense_pattern,FortressBot:rally:7/6/4/3/1/1/1/1/0/0,4,,,0.0001,INSUFFICIENT_SAMPLE
Candidate V4,Fortress_defense_pattern,FortressBot:rally:3/3/3/3/2/1/1/1/0/0,4,,,0.0001,INSUFFICIENT_SAMPLE
Candidate V4,Fortress_defense_pattern,FortressBot:rally:4/3/3/3/3/3/2/1/0/0,4,,,0.0001,INSUFFICIENT_SAMPLE
Candidate V4,Fortress_defense_pattern,FortressBot:rally:9/3/3/2/2/2/1/1/1/0,4,,,0.0001,INSUFFICIENT_SAMPLE
Candidate V4,Fortress_defense_pattern,FortressBot:rally:5/4/3/3/2/2/2/1/1/1,4,,,0.0001,INSUFFICIENT_SAMPLE
Candidate V4,Fortress_defense_pattern,FortressBot:rally:7/6/3/3/2/1/1/0/0/0,4,,,0.0001,INSUFFICIENT_SAMPLE
Candidate V4,Fortress_defense_pattern,FortressBot:rally:6/4/3/3/1/1/1/1/0/0,4,,,0.0001,INSUFFICIENT_SAMPLE
Candidate V4,Fortress_defense_pattern,FortressBot:rally:4/4/3/3/3/2/1/0/0/0,4,,,0.0001,INSUFFICIENT_SAMPLE
Candidate V4,Fortress_defense_pattern,FortressBot:rally:7/3/2/2/2/2/1/1/1/0,4,,,0.0001,INSUFFICIENT_SAMPLE
Candidate V4,Fortress_defense_pattern,FortressBot:rally:8/4/3/2/2/1/1/0/0/0,4,,,0.0001,INSUFFICIENT_SAMPLE
Candidate V4,Fortress_defense_pattern,FortressBot:rally:7/7/3/2/2/2/1/0/0/0,4,,,0.0001,INSUFFICIENT_SAMPLE
Candidate V4,Fortress_defense_pattern,FortressBot:rally:5/5/4/3/2/2/1/1/1/0,4,,,0.0001,INSUFFICIENT_SAMPLE
Candidate V4,Fortress_defense_pattern,FortressBot:rally:5/3/2/2/2/2/1/1/1/0,4,,,0.0001,INSUFFICIENT_SAMPLE
Candidate V4,Fortress_defense_pattern,FortressBot:rally:5/5/4/3/3/2/1/0/0/0,4,,,0.0001,INSUFFICIENT_SAMPLE
Candidate V4,Fortress_defense_pattern,FortressBot:rally:7/4/4/3/1/1/1/0/0/0,4,,,0.0001,INSUFFICIENT_SAMPLE
Candidate V4,Fortress_defense_pattern,FortressBot:rally:4/4/3/3/3/3/2/0/0/0,4,,,0.0001,INSUFFICIENT_SAMPLE
Candidate V4,Fortress_defense_pattern,FortressBot:rally:5/3/2/2/1/1/1/1/0/0,4,,,0.0001,INSUFFICIENT_SAMPLE
Candidate V4,Fortress_defense_pattern,FortressBot:rally:5/5/3/3/3/2/1/1/0/0,4,,,0.0001,INSUFFICIENT_SAMPLE
Candidate V4,Fortress_defense_pattern,FortressBot:rally:5/4/4/2/2/2/1/1/1/1,4,,,0.0001,INSUFFICIENT_SAMPLE
Candidate V4,Fortress_defense_pattern,FortressBot:rally:8/4/4/2/1/1/1/0/0/0,4,,,0.0001,INSUFFICIENT_SAMPLE
Candidate V4,Fortress_defense_pattern,FortressBot:rally:8/3/3/2/2/1/1/0/0/0,4,,,0.0001,INSUFFICIENT_SAMPLE
Candidate V4,Fortress_defense_pattern,FortressBot:rally:3/1/0/0/0/0/0/0/0/0,4,,,0.0001,INSUFFICIENT_SAMPLE
Candidate V4,Fortress_defense_pattern,FortressBot:rally:3/3/2/1/0/0/0/0/0/0,4,,,0.0001,INSUFFICIENT_SAMPLE
Candidate V4,Fortress_defense_pattern,FortressBot:rally:7/3/2/2/2/1/1/1/1/0,4,,,0.0001,INSUFFICIENT_SAMPLE
Candidate V4,Fortress_defense_pattern,FortressBot:rally:7/7/4/3/2/1/0/0/0/0,4,,,0.0001,INSUFFICIENT_SAMPLE
Candidate V4,Fortress_defense_pattern,FortressBot:rally:4/4/3/3/2/1/1/0/0/0,4,,,0.0001,INSUFFICIENT_SAMPLE
Candidate V4,Fortress_defense_pattern,FortressBot:rally:3/2/2/2/2/1/0/0/0/0,4,,,0.0001,INSUFFICIENT_SAMPLE
Candidate V4,Fortress_defense_pattern,FortressBot:rally:8/7/4/3/2/2/1/1/0/0,4,,,0.0001,INSUFFICIENT_SAMPLE
Candidate V4,Fortress_defense_pattern,FortressBot:receive:5/2/2/0/0,4,,,0.0000,INSUFFICIENT_SAMPLE
Candidate V4,Fortress_defense_pattern,FortressBot:rally:11/3/3/3/2/0/0/0/0/0,4,,,0.0001,INSUFFICIENT_SAMPLE
Candidate V4,Fortress_defense_pattern,FortressBot:rally:9/3/3/2/2/2/2/1/0/0,4,,,0.0001,INSUFFICIENT_SAMPLE
Candidate V4,Fortress_defense_pattern,FortressBot:rally:7/4/4/3/3/1/0/0/0/0,4,,,0.0001,INSUFFICIENT_SAMPLE
Candidate V4,Fortress_defense_pattern,FortressBot:rally:4/4/2/2/1/1/1/1/1/0,4,,,0.0001,INSUFFICIENT_SAMPLE
Candidate V4,Fortress_defense_pattern,FortressBot:rally:6/4/4/3/1/1/1/1/0/0,4,,,0.0001,INSUFFICIENT_SAMPLE
Candidate V4,Fortress_defense_pattern,FortressBot:rally:6/3/3/3/2/2/1/1/0/0,4,,,0.0001,INSUFFICIENT_SAMPLE
Candidate V4,Fortress_defense_pattern,FortressBot:rally:10/3/3/1/1/1/1/1/1/0,4,,,0.0001,INSUFFICIENT_SAMPLE
Candidate V4,Fortress_defense_pattern,FortressBot:rally:9/4/4/3/2/1/0/0/0/0,4,,,0.0001,INSUFFICIENT_SAMPLE
Candidate V4,Fortress_defense_pattern,FortressBot:rally:9/3/3/3/2/2/0/0/0/0,4,,,0.0001,INSUFFICIENT_SAMPLE
Candidate V4,Fortress_defense_pattern,FortressBot:rally:3/3/3/2/2/2/2/2/1/1,4,,,0.0001,INSUFFICIENT_SAMPLE
Candidate V4,Fortress_defense_pattern,FortressBot:rally:6/4/3/3/1/1/1/1/1/0,4,,,0.0001,INSUFFICIENT_SAMPLE
Candidate V4,Fortress_defense_pattern,FortressBot:rally:4/2/2/2/2/2/1/1/1/0,4,,,0.0001,INSUFFICIENT_SAMPLE
Candidate V4,Fortress_defense_pattern,FortressBot:rally:4/2/2/2/2/1/1/1/1/1,4,,,0.0001,INSUFFICIENT_SAMPLE
Candidate V4,Fortress_defense_pattern,FortressBot:rally:6/3/3/3/3/3/1/0/0/0,4,,,0.0001,INSUFFICIENT_SAMPLE
Candidate V4,Fortress_defense_pattern,FortressBot:receive:4/4/3/2/0,4,,,0.0000,INSUFFICIENT_SAMPLE
Candidate V4,Fortress_defense_pattern,FortressBot:rally:3/3/3/2/2/1/1/1/1/0,4,,,0.0001,INSUFFICIENT_SAMPLE
Candidate V4,Fortress_defense_pattern,FortressBot:rally:6/4/2/2/2/2/2/1/1/1,4,,,0.0001,INSUFFICIENT_SAMPLE
Candidate V4,Fortress_defense_pattern,FortressBot:rally:6/6/4/2/2/1/1/1/0/0,4,,,0.0001,INSUFFICIENT_SAMPLE
Candidate V4,Fortress_defense_pattern,FortressBot:rally:6/5/4/2/1/1/1/0/0/0,4,,,0.0001,INSUFFICIENT_SAMPLE
Candidate V4,Fortress_defense_pattern,FortressBot:rally:5/5/3/2/2/2/1/1/0/0,4,,,0.0001,INSUFFICIENT_SAMPLE
Candidate V4,Fortress_defense_pattern,FortressBot:rally:12/4/3/1/1/1/0/0/0/0,4,,,0.0001,INSUFFICIENT_SAMPLE
Candidate V4,Fortress_defense_pattern,FortressBot:rally:7/4/3/2/2/1/1/1/1/1,4,,,0.0001,INSUFFICIENT_SAMPLE
Candidate V4,Fortress_defense_pattern,FortressBot:rally:5/4/2/2/2/2/1/1/1/0,4,,,0.0001,INSUFFICIENT_SAMPLE
Candidate V4,Fortress_defense_pattern,FortressBot:rally:4/3/2/1/1/1/1/1/1/0,4,,,0.0001,INSUFFICIENT_SAMPLE
Candidate V4,Fortress_defense_pattern,FortressBot:receive:7/2/2/2/0,4,,,0.0000,INSUFFICIENT_SAMPLE
Candidate V4,Fortress_defense_pattern,FortressBot:rally:5/5/4/2/2/2/2/1/0/0,4,,,0.0001,INSUFFICIENT_SAMPLE
Candidate V4,Fortress_defense_pattern,FortressBot:rally:10/4/3/2/2/1/1/0/0/0,4,,,0.0001,INSUFFICIENT_SAMPLE
Candidate V4,Fortress_defense_pattern,FortressBot:rally:7/6/3/3/2/2/1/1/1/0,4,,,0.0001,INSUFFICIENT_SAMPLE
Candidate V4,Fortress_defense_pattern,FortressBot:rally:4/3/2/2/1/1/1/1/1/1,4,,,0.0001,INSUFFICIENT_SAMPLE
Candidate V4,Fortress_defense_pattern,FortressBot:rally:10/4/3/2/2/1/1/1/0/0,4,,,0.0001,INSUFFICIENT_SAMPLE
Candidate V4,Fortress_defense_pattern,FortressBot:rally:8/4/2/2/2/2/1/1/1/0,4,,,0.0001,INSUFFICIENT_SAMPLE
Candidate V4,Fortress_defense_pattern,FortressBot:rally:4/4/3/3/2/2/2/1/1/1,4,,,0.0001,INSUFFICIENT_SAMPLE
Candidate V4,Fortress_defense_pattern,FortressBot:rally:6/4/3/3/3/2/2/1/0/0,4,,,0.0001,INSUFFICIENT_SAMPLE
Candidate V4,Fortress_defense_pattern,FortressBot:rally:7/3/3/2/2/2/2/2/1/0,4,,,0.0001,INSUFFICIENT_SAMPLE
Candidate V4,Fortress_defense_pattern,FortressBot:rally:7/4/2/2/2/1/1/1/1/0,4,,,0.0001,INSUFFICIENT_SAMPLE
Candidate V4,Fortress_defense_pattern,FortressBot:receive:4/3/2/2/2,4,,,0.0000,INSUFFICIENT_SAMPLE
Candidate V4,Fortress_defense_pattern,FortressBot:rally:6/6/4/3/1/1/1/1/1/0,4,,,0.0001,INSUFFICIENT_SAMPLE
Candidate V4,Fortress_defense_pattern,FortressBot:service:4/0/0/0/0,4,,,0.0000,INSUFFICIENT_SAMPLE
Candidate V4,Fortress_defense_pattern,FortressBot:rally:8/7/4/4/3/2/1/0/0/0,4,,,0.0001,INSUFFICIENT_SAMPLE
Candidate V4,Fortress_defense_pattern,FortressBot:service:4/3/0/0/0,4,,,0.0000,INSUFFICIENT_SAMPLE
Candidate V4,Fortress_defense_pattern,FortressBot:rally:4/4/3/2/2/1/1/0/0/0,4,,,0.0001,INSUFFICIENT_SAMPLE
Candidate V4,Fortress_defense_pattern,FortressBot:receive:7/4/3/0/0,4,,,0.0000,INSUFFICIENT_SAMPLE
Candidate V4,Fortress_defense_pattern,FortressBot:rally:5/4/2/2/2/2/2/1/1/0,4,,,0.0001,INSUFFICIENT_SAMPLE
Candidate V4,Fortress_defense_pattern,FortressBot:rally:4/3/3/3/2/2/1/1/1/1,4,,,0.0001,INSUFFICIENT_SAMPLE
Candidate V4,Fortress_defense_pattern,FortressBot:rally:5/5/4/3/2/2/2/1/0/0,4,,,0.0001,INSUFFICIENT_SAMPLE
Candidate V4,Fortress_defense_pattern,FortressBot:rally:6/4/4/2/2/2/2/1/0/0,4,,,0.0001,INSUFFICIENT_SAMPLE
Candidate V4,Fortress_defense_pattern,FortressBot:rally:8/5/3/3/3/1/1/0/0/0,4,,,0.0001,INSUFFICIENT_SAMPLE
Candidate V4,Fortress_defense_pattern,FortressBot:rally:6/4/4/2/2/2/1/0/0/0,4,,,0.0001,INSUFFICIENT_SAMPLE
Candidate V4,Fortress_defense_pattern,FortressBot:rally:4/3/3/2/1/1/1/1/1/1,4,,,0.0001,INSUFFICIENT_SAMPLE
Candidate V4,Fortress_defense_pattern,FortressBot:rally:5/3/2/2/2/2/1/1/1/1,4,,,0.0001,INSUFFICIENT_SAMPLE
Candidate V4,Fortress_defense_pattern,FortressBot:rally:8/5/4/3/2/2/1/1/1/0,4,,,0.0001,INSUFFICIENT_SAMPLE
Candidate V4,Fortress_defense_pattern,FortressBot:rally:6/3/3/2/2/2/2/2/1/0,4,,,0.0001,INSUFFICIENT_SAMPLE
Candidate V4,Fortress_defense_pattern,FortressBot:rally:8/6/4/3/2/1/1/1/0/0,4,,,0.0001,INSUFFICIENT_SAMPLE
Candidate V4,Fortress_defense_pattern,FortressBot:rally:3/3/3/2/2/2/2/2/2/1,4,,,0.0001,INSUFFICIENT_SAMPLE
Candidate V4,Fortress_defense_pattern,FortressBot:rally:5/3/2/2/2/1/1/1/1/0,4,,,0.0001,INSUFFICIENT_SAMPLE
Candidate V4,Fortress_defense_pattern,FortressBot:rally:5/3/3/3/2/2/2/2/1/0,4,,,0.0001,INSUFFICIENT_SAMPLE
Candidate V4,Fortress_defense_pattern,FortressBot:rally:8/5/3/3/2/2/1/0/0/0,4,,,0.0001,INSUFFICIENT_SAMPLE
Candidate V4,Fortress_defense_pattern,FortressBot:rally:3/3/2/2/2/1/1/1/1/1,4,,,0.0001,INSUFFICIENT_SAMPLE
Candidate V4,Fortress_defense_pattern,FortressBot:rally:5/3/3/3/2/1/1/1/1/0,4,,,0.0001,INSUFFICIENT_SAMPLE
Candidate V4,Fortress_defense_pattern,FortressBot:rally:12/3/3/2/1/1/0/0/0/0,4,,,0.0001,INSUFFICIENT_SAMPLE
Candidate V4,Fortress_defense_pattern,FortressBot:rally:7/4/4/2/2/2/2/1/0/0,4,,,0.0001,INSUFFICIENT_SAMPLE
Candidate V4,Fortress_defense_pattern,FortressBot:rally:7/4/4/3/1/1/0/0/0/0,4,,,0.0001,INSUFFICIENT_SAMPLE
Candidate V4,Fortress_defense_pattern,FortressBot:rally:9/3/3/3/2/1/1/1/1/0,4,,,0.0001,INSUFFICIENT_SAMPLE
Candidate V4,Fortress_defense_pattern,FortressBot:rally:7/4/3/3/3/2/1/0/0/0,4,,,0.0001,INSUFFICIENT_SAMPLE
Candidate V4,Fortress_defense_pattern,FortressBot:rally:7/6/3/3/2/2/0/0/0/0,4,,,0.0001,INSUFFICIENT_SAMPLE
Candidate V4,Fortress_defense_pattern,FortressBot:rally:6/4/3/2/1/1/1/1/1/0,4,,,0.0001,INSUFFICIENT_SAMPLE
Candidate V4,Fortress_defense_pattern,FortressBot:rally:6/5/4/3/2/2/2/1/0/0,3,,,0.0000,INSUFFICIENT_SAMPLE
Candidate V4,Fortress_defense_pattern,FortressBot:rally:8/4/3/3/2/2/1/1/1/0,3,,,0.0000,INSUFFICIENT_SAMPLE
Candidate V4,Fortress_defense_pattern,FortressBot:rally:2/2/2/0/0/0/0/0/0/0,3,,,0.0000,INSUFFICIENT_SAMPLE
Candidate V4,Fortress_defense_pattern,FortressBot:rally:5/4/4/4/2/2/1/1/1/0,3,,,0.0000,INSUFFICIENT_SAMPLE
Candidate V4,Fortress_defense_pattern,FortressBot:rally:3/3/3/3/2/2/2/1/1/1,3,,,0.0000,INSUFFICIENT_SAMPLE
Candidate V4,Fortress_defense_pattern,FortressBot:rally:7/6/4/4/2/1/1/1/1/0,3,,,0.0000,INSUFFICIENT_SAMPLE
Candidate V4,Fortress_defense_pattern,FortressBot:rally:5/5/4/3/1/1/1/1/0/0,3,,,0.0000,INSUFFICIENT_SAMPLE
Candidate V4,Fortress_defense_pattern,FortressBot:rally:4/4/2/2/2/2/1/1/1/0,3,,,0.0000,INSUFFICIENT_SAMPLE
Candidate V4,Fortress_defense_pattern,FortressBot:rally:8/5/4/2/2/2/0/0/0/0,3,,,0.0000,INSUFFICIENT_SAMPLE
Candidate V4,Fortress_defense_pattern,FortressBot:rally:5/3/3/3/2/2/2/1/1/1,3,,,0.0000,INSUFFICIENT_SAMPLE
Candidate V4,Fortress_defense_pattern,FortressBot:rally:9/4/3/3/2/2/1/1/1/0,3,,,0.0000,INSUFFICIENT_SAMPLE
Candidate V4,Fortress_defense_pattern,FortressBot:rally:3/2/2/1/0/0/0/0/0/0,3,,,0.0000,INSUFFICIENT_SAMPLE
Candidate V4,Fortress_defense_pattern,FortressBot:rally:4/3/2/2/2/2/2/1/0/0,3,,,0.0000,INSUFFICIENT_SAMPLE
Candidate V4,Fortress_defense_pattern,FortressBot:rally:4/3/3/2/2/2/2/2/0/0,3,,,0.0000,INSUFFICIENT_SAMPLE
Candidate V4,Fortress_defense_pattern,FortressBot:rally:7/6/4/4/2/2/1/1/0/0,3,,,0.0000,INSUFFICIENT_SAMPLE
Candidate V4,Fortress_defense_pattern,FortressBot:rally:5/2/2/2/2/2/2/2/2/1,3,,,0.0000,INSUFFICIENT_SAMPLE
Candidate V4,Fortress_defense_pattern,FortressBot:rally:7/4/4/3/2/1/0/0/0/0,3,,,0.0000,INSUFFICIENT_SAMPLE
Candidate V4,Fortress_defense_pattern,FortressBot:rally:5/4/3/2/2/2/2/2/1/1,3,,,0.0000,INSUFFICIENT_SAMPLE
Candidate V4,Fortress_defense_pattern,FortressBot:rally:8/5/4/2/2/1/1/0/0/0,3,,,0.0000,INSUFFICIENT_SAMPLE
Candidate V4,Fortress_defense_pattern,FortressBot:rally:5/4/3/3/3/2/2/1/1/0,3,,,0.0000,INSUFFICIENT_SAMPLE
Candidate V4,Fortress_defense_pattern,FortressBot:rally:7/3/3/2/2/2/1/0/0/0,3,,,0.0000,INSUFFICIENT_SAMPLE
Candidate V4,Fortress_defense_pattern,FortressBot:rally:3/3/3/2/2/2/2/1/1/0,3,,,0.0000,INSUFFICIENT_SAMPLE
Candidate V4,Fortress_defense_pattern,FortressBot:rally:9/5/3/3/2/1/1/0/0/0,3,,,0.0000,INSUFFICIENT_SAMPLE
Candidate V4,Fortress_defense_pattern,FortressBot:rally:3/2/2/2/2/2/2/2/1/0,3,,,0.0000,INSUFFICIENT_SAMPLE
Candidate V4,Fortress_defense_pattern,FortressBot:rally:7/4/3/3/3/2/1/1/1/0,3,,,0.0000,INSUFFICIENT_SAMPLE
Candidate V4,Fortress_defense_pattern,FortressBot:rally:2/2/2/2/2/1/1/1/1/1,3,,,0.0000,INSUFFICIENT_SAMPLE
Candidate V4,Fortress_defense_pattern,FortressBot:rally:6/4/4/4/2/1/1/1/0/0,3,,,0.0000,INSUFFICIENT_SAMPLE
Candidate V4,Fortress_defense_pattern,FortressBot:rally:4/2/2/2/2/1/1/0/0/0,3,,,0.0000,INSUFFICIENT_SAMPLE
Candidate V4,Fortress_defense_pattern,FortressBot:rally:3/3/3/2/2/2/1/1/0/0,3,,,0.0000,INSUFFICIENT_SAMPLE
Candidate V4,Fortress_defense_pattern,FortressBot:receive:7/1/1/1/1,3,,,0.0000,INSUFFICIENT_SAMPLE
Candidate V4,Fortress_defense_pattern,FortressBot:rally:1/1/1/1/1/1/1/1/0/0,3,,,0.0000,INSUFFICIENT_SAMPLE
Candidate V4,Fortress_defense_pattern,FortressBot:rally:8/5/3/3/2/2/0/0/0/0,3,,,0.0000,INSUFFICIENT_SAMPLE
Candidate V4,Fortress_defense_pattern,FortressBot:rally:7/5/4/4/1/1/1/1/0/0,3,,,0.0000,INSUFFICIENT_SAMPLE
Candidate V4,Fortress_defense_pattern,FortressBot:rally:8/4/4/2/2/1/0/0/0/0,3,,,0.0000,INSUFFICIENT_SAMPLE
Candidate V4,Fortress_defense_pattern,FortressBot:rally:9/3/2/2/2/2/2/1/1/0,3,,,0.0000,INSUFFICIENT_SAMPLE
Candidate V4,Fortress_defense_pattern,FortressBot:rally:5/3/2/2/2/2/2/1/1/1,3,,,0.0000,INSUFFICIENT_SAMPLE
Candidate V4,Fortress_defense_pattern,FortressBot:rally:8/3/2/2/2/2/2/1/1/0,3,,,0.0000,INSUFFICIENT_SAMPLE
Candidate V4,Fortress_defense_pattern,FortressBot:rally:3/3/3/3/2/1/1/1/1/0,3,,,0.0000,INSUFFICIENT_SAMPLE
Candidate V4,Fortress_defense_pattern,FortressBot:rally:8/4/3/2/2/2/2/0/0/0,3,,,0.0000,INSUFFICIENT_SAMPLE
Candidate V4,Fortress_defense_pattern,FortressBot:rally:9/4/4/3/3/2/1/1/1/0,3,,,0.0000,INSUFFICIENT_SAMPLE
Candidate V4,Fortress_defense_pattern,FortressBot:rally:8/4/3/3/1/1/1/1/1/0,3,,,0.0000,INSUFFICIENT_SAMPLE
Candidate V4,Fortress_defense_pattern,FortressBot:rally:5/4/3/3/2/2/2/2/1/0,3,,,0.0000,INSUFFICIENT_SAMPLE
Candidate V4,Fortress_defense_pattern,FortressBot:rally:4/4/3/3/2/2/2/2/1/1,3,,,0.0000,INSUFFICIENT_SAMPLE
Candidate V4,Fortress_defense_pattern,FortressBot:rally:6/2/2/2/2/2/1/1/1/1,3,,,0.0000,INSUFFICIENT_SAMPLE
Candidate V4,Fortress_defense_pattern,FortressBot:rally:7/5/4/4/1/1/1/0/0/0,3,,,0.0000,INSUFFICIENT_SAMPLE
Candidate V4,Fortress_defense_pattern,FortressBot:rally:9/3/3/3/2/2/1/1/0/0,3,,,0.0000,INSUFFICIENT_SAMPLE
Candidate V4,Fortress_defense_pattern,FortressBot:receive:10/1/1/1/0,3,,,0.0000,INSUFFICIENT_SAMPLE
Candidate V4,Fortress_defense_pattern,FortressBot:rally:6/4/2/2/2/1/1/1/1/0,3,,,0.0000,INSUFFICIENT_SAMPLE
Candidate V4,Fortress_defense_pattern,FortressBot:receive:8/2/2/2/0,3,,,0.0000,INSUFFICIENT_SAMPLE
Candidate V4,Fortress_defense_pattern,FortressBot:rally:6/4/4/2/2/1/1/0/0/0,3,,,0.0000,INSUFFICIENT_SAMPLE
Candidate V4,Fortress_defense_pattern,FortressBot:rally:4/4/2/1/1/1/1/1/0/0,3,,,0.0000,INSUFFICIENT_SAMPLE
Candidate V4,Fortress_defense_pattern,FortressBot:rally:6/6/4/3/2/2/1/0/0/0,3,,,0.0000,INSUFFICIENT_SAMPLE
Candidate V4,Fortress_defense_pattern,FortressBot:rally:5/4/4/2/2/2/1/0/0/0,3,,,0.0000,INSUFFICIENT_SAMPLE
Candidate V4,Fortress_defense_pattern,FortressBot:rally:4/3/3/3/3/2/2/1/0/0,3,,,0.0000,INSUFFICIENT_SAMPLE
Candidate V4,Fortress_defense_pattern,FortressBot:rally:5/5/4/3/2/1/1/0/0/0,3,,,0.0000,INSUFFICIENT_SAMPLE
Candidate V4,Fortress_defense_pattern,FortressBot:rally:12/4/2/1/1/1/1/0/0/0,3,,,0.0000,INSUFFICIENT_SAMPLE
Candidate V4,Fortress_defense_pattern,FortressBot:rally:8/3/3/3/2/2/1/1/1/0,3,,,0.0000,INSUFFICIENT_SAMPLE
Candidate V4,Fortress_defense_pattern,FortressBot:rally:4/4/3/3/3/2/1/1/0/0,3,,,0.0000,INSUFFICIENT_SAMPLE
Candidate V4,Fortress_defense_pattern,FortressBot:rally:9/3/2/2/2/1/1/1/0/0,3,,,0.0000,INSUFFICIENT_SAMPLE
Candidate V4,Fortress_defense_pattern,FortressBot:receive:6/1/1/1/1,3,,,0.0000,INSUFFICIENT_SAMPLE
Candidate V4,Fortress_defense_pattern,FortressBot:rally:3/3/1/1/1/0/0/0/0/0,3,,,0.0000,INSUFFICIENT_SAMPLE
Candidate V4,Fortress_defense_pattern,FortressBot:rally:6/6/3/3/3/1/1/1/0/0,3,,,0.0000,INSUFFICIENT_SAMPLE
Candidate V4,Fortress_defense_pattern,FortressBot:rally:5/2/2/2/1/1/1/1/0/0,3,,,0.0000,INSUFFICIENT_SAMPLE
Candidate V4,Fortress_defense_pattern,FortressBot:receive:8/1/1/1/0,3,,,0.0000,INSUFFICIENT_SAMPLE
Candidate V4,Fortress_defense_pattern,FortressBot:rally:7/4/3/2/1/1/1/1/1/0,3,,,0.0000,INSUFFICIENT_SAMPLE
Candidate V4,Fortress_defense_pattern,FortressBot:rally:7/4/3/3/1/1/1/1/1/1,3,,,0.0000,INSUFFICIENT_SAMPLE
Candidate V4,Fortress_defense_pattern,FortressBot:rally:6/6/4/2/2/2/2/0/0/0,3,,,0.0000,INSUFFICIENT_SAMPLE
Candidate V4,Fortress_defense_pattern,FortressBot:rally:9/4/3/3/1/1/1/1/0/0,3,,,0.0000,INSUFFICIENT_SAMPLE
Candidate V4,Fortress_defense_pattern,FortressBot:rally:7/3/3/3/3/2/1/1/1/0,3,,,0.0000,INSUFFICIENT_SAMPLE
Candidate V4,Fortress_defense_pattern,FortressBot:rally:5/4/4/3/2/1/1/1/1/1,3,,,0.0000,INSUFFICIENT_SAMPLE
Candidate V4,Fortress_defense_pattern,FortressBot:rally:4/4/4/3/3/2/1/1/1/0,3,,,0.0000,INSUFFICIENT_SAMPLE
Candidate V4,Fortress_defense_pattern,FortressBot:rally:4/1/1/1/1/1/0/0/0/0,3,,,0.0000,INSUFFICIENT_SAMPLE
Candidate V4,Fortress_defense_pattern,FortressBot:rally:5/5/4/2/2/2/1/0/0/0,3,,,0.0000,INSUFFICIENT_SAMPLE
Candidate V4,Fortress_defense_pattern,FortressBot:rally:4/4/3/3/3/3/1/1/0/0,3,,,0.0000,INSUFFICIENT_SAMPLE
Candidate V4,Fortress_defense_pattern,FortressBot:rally:7/5/3/3/2/2/2/1/1/0,3,,,0.0000,INSUFFICIENT_SAMPLE
Candidate V4,Fortress_defense_pattern,FortressBot:rally:9/6/4/3/2/2/1/1/0/0,3,,,0.0000,INSUFFICIENT_SAMPLE
Candidate V4,Fortress_defense_pattern,FortressBot:rally:8/6/3/2/2/2/1/0/0/0,3,,,0.0000,INSUFFICIENT_SAMPLE
Candidate V4,Fortress_defense_pattern,FortressBot:rally:8/4/4/3/2/2/1/0/0/0,3,,,0.0000,INSUFFICIENT_SAMPLE
Candidate V4,Fortress_defense_pattern,FortressBot:rally:7/7/4/3/1/1/1/0/0/0,3,,,0.0000,INSUFFICIENT_SAMPLE
Candidate V4,Fortress_defense_pattern,FortressBot:rally:6/3/3/3/2/2/2/1/1/1,3,,,0.0000,INSUFFICIENT_SAMPLE
Candidate V4,Fortress_defense_pattern,FortressBot:rally:5/3/2/1/1/1/0/0/0/0,3,,,0.0000,INSUFFICIENT_SAMPLE
Candidate V4,Fortress_defense_pattern,FortressBot:rally:5/3/2/2/2/1/1/1/0/0,3,,,0.0000,INSUFFICIENT_SAMPLE
Candidate V4,Fortress_defense_pattern,FortressBot:rally:8/3/3/3/2/2/2/0/0/0,3,,,0.0000,INSUFFICIENT_SAMPLE
Candidate V4,Fortress_defense_pattern,FortressBot:receive:5/4/4/1/0,3,,,0.0000,INSUFFICIENT_SAMPLE
Candidate V4,Fortress_defense_pattern,FortressBot:rally:8/4/4/3/2/2/2/1/1/0,3,,,0.0000,INSUFFICIENT_SAMPLE
Candidate V4,Fortress_defense_pattern,FortressBot:rally:5/4/4/3/3/2/2/1/0/0,3,,,0.0000,INSUFFICIENT_SAMPLE
Candidate V4,Fortress_defense_pattern,FortressBot:receive:7/2/2/2/1,3,,,0.0000,INSUFFICIENT_SAMPLE
Candidate V4,Fortress_defense_pattern,FortressBot:rally:7/4/4/2/2/1/1/0/0/0,3,,,0.0000,INSUFFICIENT_SAMPLE
Candidate V4,Fortress_defense_pattern,FortressBot:rally:4/4/2/2/2/1/1/0/0/0,3,,,0.0000,INSUFFICIENT_SAMPLE
Candidate V4,Fortress_defense_pattern,FortressBot:rally:6/4/4/3/3/2/1/1/0/0,3,,,0.0000,INSUFFICIENT_SAMPLE
Candidate V4,Fortress_defense_pattern,FortressBot:rally:8/4/2/2/2/2/2/2/0/0,3,,,0.0000,INSUFFICIENT_SAMPLE
Candidate V4,Fortress_defense_pattern,FortressBot:rally:5/5/3/2/2/2/2/1/1/1,3,,,0.0000,INSUFFICIENT_SAMPLE
Candidate V4,Fortress_defense_pattern,FortressBot:rally:6/3/2/2/2/2/1/1/1/1,3,,,0.0000,INSUFFICIENT_SAMPLE
Candidate V4,Fortress_defense_pattern,FortressBot:rally:7/6/4/3/2/2/1/1/1/1,3,,,0.0000,INSUFFICIENT_SAMPLE
Candidate V4,Fortress_defense_pattern,FortressBot:rally:4/3/3/1/1/1/1/1/0/0,3,,,0.0000,INSUFFICIENT_SAMPLE
Candidate V4,Fortress_defense_pattern,FortressBot:rally:8/4/3/2/2/2/0/0/0/0,3,,,0.0000,INSUFFICIENT_SAMPLE
Candidate V4,Fortress_defense_pattern,FortressBot:receive:5/4/4/0/0,3,,,0.0000,INSUFFICIENT_SAMPLE
Candidate V4,Fortress_defense_pattern,FortressBot:rally:8/4/4/3/2/0/0/0/0/0,3,,,0.0000,INSUFFICIENT_SAMPLE
Candidate V4,Fortress_defense_pattern,FortressBot:rally:6/3/3/2/2/2/2/1/0/0,3,,,0.0000,INSUFFICIENT_SAMPLE
Candidate V4,Fortress_defense_pattern,FortressBot:rally:9/2/2/2/2/1/1/1/1/1,3,,,0.0000,INSUFFICIENT_SAMPLE
Candidate V4,Fortress_defense_pattern,FortressBot:rally:4/4/3/3/3/1/1/1/0/0,3,,,0.0000,INSUFFICIENT_SAMPLE
Candidate V4,Fortress_defense_pattern,FortressBot:rally:7/5/3/3/3/1/1/0/0/0,3,,,0.0000,INSUFFICIENT_SAMPLE
Candidate V4,Fortress_defense_pattern,FortressBot:rally:5/5/4/4/2/1/1/1/0/0,3,,,0.0000,INSUFFICIENT_SAMPLE
Candidate V4,Fortress_defense_pattern,FortressBot:rally:6/4/4/3/3/2/2/0/0/0,3,,,0.0000,INSUFFICIENT_SAMPLE
Candidate V4,Fortress_defense_pattern,FortressBot:rally:4/4/3/2/1/1/1/1/0/0,3,,,0.0000,INSUFFICIENT_SAMPLE
Candidate V4,Fortress_defense_pattern,FortressBot:rally:7/3/3/3/2/2/2/2/0/0,3,,,0.0000,INSUFFICIENT_SAMPLE
Candidate V4,Fortress_defense_pattern,FortressBot:rally:6/5/4/2/2/1/1/1/1/1,3,,,0.0000,INSUFFICIENT_SAMPLE
Candidate V4,Fortress_defense_pattern,FortressBot:rally:5/3/3/2/2/2/2/2/1/1,3,,,0.0000,INSUFFICIENT_SAMPLE
Candidate V4,Fortress_defense_pattern,FortressBot:rally:4/2/2/2/2/2/2/1/1/1,3,,,0.0000,INSUFFICIENT_SAMPLE
Candidate V4,Fortress_defense_pattern,FortressBot:rally:4/3/3/3/2/1/1/1/1/0,3,,,0.0000,INSUFFICIENT_SAMPLE
Candidate V4,Fortress_defense_pattern,FortressBot:rally:7/5/3/3/2/2/1/1/1/0,3,,,0.0000,INSUFFICIENT_SAMPLE
Candidate V4,Fortress_defense_pattern,FortressBot:rally:9/4/3/3/3/1/0/0/0/0,3,,,0.0000,INSUFFICIENT_SAMPLE
Candidate V4,Fortress_defense_pattern,FortressBot:rally:4/2/2/1/1/0/0/0/0/0,3,,,0.0000,INSUFFICIENT_SAMPLE
Candidate V4,Fortress_defense_pattern,FortressBot:rally:7/6/4/3/3/1/1/0/0/0,3,,,0.0000,INSUFFICIENT_SAMPLE
Candidate V4,Fortress_defense_pattern,FortressBot:rally:3/3/3/3/2/2/2/1/0/0,3,,,0.0000,INSUFFICIENT_SAMPLE
Candidate V4,Fortress_defense_pattern,FortressBot:rally:6/4/3/3/3/1/1/1/1/0,3,,,0.0000,INSUFFICIENT_SAMPLE
Candidate V4,Fortress_defense_pattern,FortressBot:rally:5/4/3/3/2/1/1/1/1/0,3,,,0.0000,INSUFFICIENT_SAMPLE
Candidate V4,Fortress_defense_pattern,FortressBot:rally:4/3/3/3/2/1/1/1/0/0,3,,,0.0000,INSUFFICIENT_SAMPLE
Candidate V4,Fortress_defense_pattern,FortressBot:rally:7/3/2/2/2/2/1/1/0/0,3,,,0.0000,INSUFFICIENT_SAMPLE
Candidate V4,Fortress_defense_pattern,FortressBot:rally:4/4/4/3/3/1/1/1/0/0,3,,,0.0000,INSUFFICIENT_SAMPLE
Candidate V4,Fortress_defense_pattern,FortressBot:rally:7/5/4/4/2/1/0/0/0/0,3,,,0.0000,INSUFFICIENT_SAMPLE
Candidate V4,Fortress_defense_pattern,FortressBot:receive:5/3/3/1/1,3,,,0.0000,INSUFFICIENT_SAMPLE
Candidate V4,Fortress_defense_pattern,FortressBot:receive:4/4/1/0/0,3,,,0.0000,INSUFFICIENT_SAMPLE
Candidate V4,Fortress_defense_pattern,FortressBot:rally:3/3/2/2/1/1/1/1/1/1,3,,,0.0000,INSUFFICIENT_SAMPLE
Candidate V4,Fortress_defense_pattern,FortressBot:rally:7/4/3/3/1/1/1/1/0/0,3,,,0.0000,INSUFFICIENT_SAMPLE
Candidate V4,Fortress_defense_pattern,FortressBot:rally:6/6/4/3/3/1/1/0/0/0,3,,,0.0000,INSUFFICIENT_SAMPLE
Candidate V4,Fortress_defense_pattern,FortressBot:rally:8/5/4/3/1/1/1/1/0/0,3,,,0.0000,INSUFFICIENT_SAMPLE
Candidate V4,Fortress_defense_pattern,FortressBot:rally:4/2/2/2/1/1/1/1/1/0,3,,,0.0000,INSUFFICIENT_SAMPLE
Candidate V4,Fortress_defense_pattern,FortressBot:rally:9/4/3/3/2/2/2/1/1/0,3,,,0.0000,INSUFFICIENT_SAMPLE
Candidate V4,Fortress_defense_pattern,FortressBot:receive:4/0/0/0/0,3,,,0.0000,INSUFFICIENT_SAMPLE
Candidate V4,Fortress_defense_pattern,FortressBot:rally:4/3/3/3/2/1/1/0/0/0,3,,,0.0000,INSUFFICIENT_SAMPLE
Candidate V4,Fortress_defense_pattern,FortressBot:rally:6/5/4/4/2/1/1/0/0/0,3,,,0.0000,INSUFFICIENT_SAMPLE
Candidate V4,Fortress_defense_pattern,FortressBot:rally:7/6/4/4/1/1/1/0/0/0,3,,,0.0000,INSUFFICIENT_SAMPLE
Candidate V4,Fortress_defense_pattern,FortressBot:rally:4/4/3/2/1/1/1/0/0/0,3,,,0.0000,INSUFFICIENT_SAMPLE
Candidate V4,Fortress_defense_pattern,FortressBot:rally:8/3/2/2/2/2/1/1/1/1,3,,,0.0000,INSUFFICIENT_SAMPLE
Candidate V4,Fortress_defense_pattern,FortressBot:rally:6/3/3/2/2/2/2/2/1/1,3,,,0.0000,INSUFFICIENT_SAMPLE
Candidate V4,Fortress_defense_pattern,FortressBot:rally:3/3/2/1/1/0/0/0/0/0,3,,,0.0000,INSUFFICIENT_SAMPLE
Candidate V4,Fortress_defense_pattern,FortressBot:rally:4/2/1/1/1/0/0/0/0/0,3,,,0.0000,INSUFFICIENT_SAMPLE
Candidate V4,Fortress_defense_pattern,FortressBot:rally:7/6/4/3/3/2/2/1/1/0,3,,,0.0000,INSUFFICIENT_SAMPLE
Candidate V4,Fortress_defense_pattern,FortressBot:rally:3/3/3/3/3/3/2/1/1/0,3,,,0.0000,INSUFFICIENT_SAMPLE
Candidate V4,Fortress_defense_pattern,FortressBot:rally:6/4/3/3/3/2/1/1/1/0,3,,,0.0000,INSUFFICIENT_SAMPLE
Candidate V4,Fortress_defense_pattern,FortressBot:rally:5/3/3/2/1/1/1/1/0/0,3,,,0.0000,INSUFFICIENT_SAMPLE
Candidate V4,Fortress_defense_pattern,FortressBot:rally:6/5/3/2/2/2/2/1/0/0,3,,,0.0000,INSUFFICIENT_SAMPLE
Candidate V4,Fortress_defense_pattern,FortressBot:rally:7/5/4/3/2/2/2/1/0/0,3,,,0.0000,INSUFFICIENT_SAMPLE
Candidate V4,Fortress_defense_pattern,FortressBot:rally:4/3/3/2/1/1/0/0/0/0,3,,,0.0000,INSUFFICIENT_SAMPLE
Candidate V4,Fortress_defense_pattern,FortressBot:rally:5/4/3/3/2/2/2/2/0/0,3,,,0.0000,INSUFFICIENT_SAMPLE
Candidate V4,Fortress_defense_pattern,FortressBot:rally:3/3/3/2/1/1/0/0/0/0,3,,,0.0000,INSUFFICIENT_SAMPLE
Candidate V4,Fortress_defense_pattern,FortressBot:rally:5/4/4/2/2/2/2/1/1/1,3,,,0.0000,INSUFFICIENT_SAMPLE
Candidate V4,Fortress_defense_pattern,FortressBot:rally:8/4/4/4/1/1/1/0/0/0,3,,,0.0000,INSUFFICIENT_SAMPLE
Candidate V4,Fortress_defense_pattern,FortressBot:rally:4/4/3/2/2/2/1/1/1/1,3,,,0.0000,INSUFFICIENT_SAMPLE
Candidate V4,Fortress_defense_pattern,FortressBot:rally:3/3/3/3/3/2/2/1/1/0,3,,,0.0000,INSUFFICIENT_SAMPLE
Candidate V4,Fortress_defense_pattern,FortressBot:rally:6/3/3/3/2/2/1/0/0/0,3,,,0.0000,INSUFFICIENT_SAMPLE
Candidate V4,Fortress_defense_pattern,FortressBot:rally:4/4/2/2/2/2/2/1/1/0,3,,,0.0000,INSUFFICIENT_SAMPLE
Candidate V4,Fortress_defense_pattern,FortressBot:rally:6/5/4/2/2/2/2/0/0/0,3,,,0.0000,INSUFFICIENT_SAMPLE
Candidate V4,Fortress_defense_pattern,FortressBot:rally:10/4/4/1/1/1/1/0/0/0,3,,,0.0000,INSUFFICIENT_SAMPLE
Candidate V4,Fortress_defense_pattern,FortressBot:rally:7/4/3/3/1/1/1/0/0/0,3,,,0.0000,INSUFFICIENT_SAMPLE
Candidate V4,Fortress_defense_pattern,FortressBot:rally:7/7/3/3/3/1/0/0/0/0,3,,,0.0000,INSUFFICIENT_SAMPLE
Candidate V4,Fortress_defense_pattern,FortressBot:rally:6/6/3/2/2/2/2/1/0/0,3,,,0.0000,INSUFFICIENT_SAMPLE
Candidate V4,Fortress_defense_pattern,FortressBot:receive:11/1/1/1/0,2,,,0.0000,INSUFFICIENT_SAMPLE
Candidate V4,Fortress_defense_pattern,FortressBot:rally:6/4/4/4/2/2/1/1/0/0,2,,,0.0000,INSUFFICIENT_SAMPLE
Candidate V4,Fortress_defense_pattern,FortressBot:rally:7/6/4/3/3/1/0/0/0/0,2,,,0.0000,INSUFFICIENT_SAMPLE
Candidate V4,Fortress_defense_pattern,FortressBot:rally:10/5/4/3/2/2/1/1/0/0,2,,,0.0000,INSUFFICIENT_SAMPLE
Candidate V4,Fortress_defense_pattern,FortressBot:rally:8/4/3/2/2/2/2/1/0/0,2,,,0.0000,INSUFFICIENT_SAMPLE
Candidate V4,Fortress_defense_pattern,FortressBot:rally:6/4/4/3/1/1/1/1/1/1,2,,,0.0000,INSUFFICIENT_SAMPLE
Candidate V4,Fortress_defense_pattern,FortressBot:rally:8/4/3/3/3/2/1/1/1/1,2,,,0.0000,INSUFFICIENT_SAMPLE
Candidate V4,Fortress_defense_pattern,FortressBot:rally:4/3/2/2/2/2/2/2/1/0,2,,,0.0000,INSUFFICIENT_SAMPLE
Candidate V4,Fortress_defense_pattern,FortressBot:rally:7/4/3/2/1/1/1/1/0/0,2,,,0.0000,INSUFFICIENT_SAMPLE
Candidate V4,Fortress_defense_pattern,FortressBot:rally:6/5/3/3/2/2/2/1/1/1,2,,,0.0000,INSUFFICIENT_SAMPLE
Candidate V4,Fortress_defense_pattern,FortressBot:rally:9/4/2/2/2/1/1/1/1/0,2,,,0.0000,INSUFFICIENT_SAMPLE
Candidate V4,Fortress_defense_pattern,FortressBot:rally:8/4/2/2/2/2/1/1/1/1,2,,,0.0000,INSUFFICIENT_SAMPLE
Candidate V4,Fortress_defense_pattern,FortressBot:rally:8/6/4/2/2/1/1/0/0/0,2,,,0.0000,INSUFFICIENT_SAMPLE
Candidate V4,Fortress_defense_pattern,FortressBot:rally:8/5/4/3/2/1/0/0/0/0,2,,,0.0000,INSUFFICIENT_SAMPLE
Candidate V4,Fortress_defense_pattern,FortressBot:rally:3/3/3/2/2/2/2/2/0/0,2,,,0.0000,INSUFFICIENT_SAMPLE
Candidate V4,Fortress_defense_pattern,FortressBot:receive:6/1/1/1/0,2,,,0.0000,INSUFFICIENT_SAMPLE
Candidate V4,Fortress_defense_pattern,FortressBot:rally:4/2/1/0/0/0/0/0/0/0,2,,,0.0000,INSUFFICIENT_SAMPLE
Candidate V4,Fortress_defense_pattern,FortressBot:rally:8/5/4/4/1/1/0/0/0/0,2,,,0.0000,INSUFFICIENT_SAMPLE
Candidate V4,Fortress_defense_pattern,FortressBot:receive:6/4/4/0/0,2,,,0.0000,INSUFFICIENT_SAMPLE
Candidate V4,Fortress_defense_pattern,FortressBot:rally:7/5/3/3/2/2/1/0/0/0,2,,,0.0000,INSUFFICIENT_SAMPLE
Candidate V4,Fortress_defense_pattern,FortressBot:rally:9/4/4/4/3/2/1/1/1/0,2,,,0.0000,INSUFFICIENT_SAMPLE
Candidate V4,Fortress_defense_pattern,FortressBot:receive:8/3/3/0/0,2,,,0.0000,INSUFFICIENT_SAMPLE
Candidate V4,Fortress_defense_pattern,FortressBot:rally:8/3/2/2/2/1/1/1/0/0,2,,,0.0000,INSUFFICIENT_SAMPLE
Candidate V4,Fortress_defense_pattern,FortressBot:rally:7/4/3/2/2/2/2/2/0/0,2,,,0.0000,INSUFFICIENT_SAMPLE
Candidate V4,Fortress_defense_pattern,FortressBot:service:6/1/1/0/0,2,,,0.0000,INSUFFICIENT_SAMPLE
Candidate V4,Fortress_defense_pattern,FortressBot:rally:4/4/3/1/1/1/1/0/0/0,2,,,0.0000,INSUFFICIENT_SAMPLE
Candidate V4,Fortress_defense_pattern,FortressBot:rally:8/8/4/3/3/1/1/0/0/0,2,,,0.0000,INSUFFICIENT_SAMPLE
Candidate V4,Fortress_defense_pattern,FortressBot:rally:2/1/1/1/1/1/1/1/1/0,2,,,0.0000,INSUFFICIENT_SAMPLE
Candidate V4,Fortress_defense_pattern,FortressBot:rally:5/2/2/2/2/1/1/1/0/0,2,,,0.0000,INSUFFICIENT_SAMPLE
Candidate V4,Fortress_defense_pattern,FortressBot:rally:5/5/3/3/3/2/2/1/1/0,2,,,0.0000,INSUFFICIENT_SAMPLE
Candidate V4,Fortress_defense_pattern,FortressBot:rally:4/4/4/2/2/2/2/1/0/0,2,,,0.0000,INSUFFICIENT_SAMPLE
Candidate V4,Fortress_defense_pattern,FortressBot:rally:8/6/4/4/2/1/1/1/0/0,2,,,0.0000,INSUFFICIENT_SAMPLE
Candidate V4,Fortress_defense_pattern,FortressBot:rally:2/2/2/1/0/0/0/0/0/0,2,,,0.0000,INSUFFICIENT_SAMPLE
Candidate V4,Fortress_defense_pattern,FortressBot:rally:5/2/2/1/1/1/1/1/0/0,2,,,0.0000,INSUFFICIENT_SAMPLE
Candidate V4,Fortress_defense_pattern,FortressBot:receive:12/1/1/0/0,2,,,0.0000,INSUFFICIENT_SAMPLE
Candidate V4,Fortress_defense_pattern,FortressBot:rally:5/4/2/2/2/2/2/1/0/0,2,,,0.0000,INSUFFICIENT_SAMPLE
Candidate V4,Fortress_defense_pattern,FortressBot:rally:5/5/4/4/2/1/1/1/1/0,2,,,0.0000,INSUFFICIENT_SAMPLE
Candidate V4,Fortress_defense_pattern,FortressBot:rally:6/5/4/3/2/1/0/0/0/0,2,,,0.0000,INSUFFICIENT_SAMPLE
Candidate V4,Fortress_defense_pattern,FortressBot:rally:7/6/4/4/2/2/1/1/1/0,2,,,0.0000,INSUFFICIENT_SAMPLE
Candidate V4,Fortress_defense_pattern,FortressBot:rally:3/3/2/2/2/2/1/0/0/0,2,,,0.0000,INSUFFICIENT_SAMPLE
Candidate V4,Fortress_defense_pattern,FortressBot:rally:8/3/3/3/3/2/1/0/0/0,2,,,0.0000,INSUFFICIENT_SAMPLE
Candidate V4,Fortress_defense_pattern,FortressBot:rally:4/4/3/2/1/1/1/1/1/1,2,,,0.0000,INSUFFICIENT_SAMPLE
Candidate V4,Fortress_defense_pattern,FortressBot:service:5/3/0/0/0,2,,,0.0000,INSUFFICIENT_SAMPLE
Candidate V4,Fortress_defense_pattern,FortressBot:rally:7/4/4/3/2/2/2/1/0/0,2,,,0.0000,INSUFFICIENT_SAMPLE
Candidate V4,Fortress_defense_pattern,FortressBot:rally:5/5/4/4/2/2/1/1/1/0,2,,,0.0000,INSUFFICIENT_SAMPLE
Candidate V4,Fortress_defense_pattern,FortressBot:rally:7/4/2/2/2/2/1/1/1/1,2,,,0.0000,INSUFFICIENT_SAMPLE
Candidate V4,Fortress_defense_pattern,FortressBot:rally:8/3/3/2/1/1/1/1/0/0,2,,,0.0000,INSUFFICIENT_SAMPLE
Candidate V4,Fortress_defense_pattern,FortressBot:rally:3/3/1/0/0/0/0/0/0/0,2,,,0.0000,INSUFFICIENT_SAMPLE
Candidate V4,Fortress_defense_pattern,FortressBot:rally:5/3/3/3/3/3/2/1/1/0,2,,,0.0000,INSUFFICIENT_SAMPLE
Candidate V4,Fortress_defense_pattern,FortressBot:rally:4/3/2/2/2/2/2/2/1/1,2,,,0.0000,INSUFFICIENT_SAMPLE
Candidate V4,Fortress_defense_pattern,FortressBot:rally:8/3/3/3/2/1/1/0/0/0,2,,,0.0000,INSUFFICIENT_SAMPLE
Candidate V4,Fortress_defense_pattern,FortressBot:rally:2/2/2/2/2/2/2/2/1/1,2,,,0.0000,INSUFFICIENT_SAMPLE
Candidate V4,Fortress_defense_pattern,FortressBot:rally:8/4/3/3/2/2/2/2/1/0,2,,,0.0000,INSUFFICIENT_SAMPLE
Candidate V4,Fortress_defense_pattern,FortressBot:rally:8/4/4/2/2/2/1/1/1/0,2,,,0.0000,INSUFFICIENT_SAMPLE
Candidate V4,Fortress_defense_pattern,FortressBot:rally:9/6/4/4/3/1/1/1/1/0,2,,,0.0000,INSUFFICIENT_SAMPLE
Candidate V4,Fortress_defense_pattern,FortressBot:rally:5/4/3/2/1/1/1/1/1/0,2,,,0.0000,INSUFFICIENT_SAMPLE
Candidate V4,Fortress_defense_pattern,FortressBot:rally:10/4/3/3/1/1/1/1/0/0,2,,,0.0000,INSUFFICIENT_SAMPLE
Candidate V4,Fortress_defense_pattern,FortressBot:rally:12/4/2/2/1/1/0/0/0/0,2,,,0.0000,INSUFFICIENT_SAMPLE
Candidate V4,Fortress_defense_pattern,FortressBot:rally:4/3/1/1/1/1/1/1/1/0,2,,,0.0000,INSUFFICIENT_SAMPLE
Candidate V4,Fortress_defense_pattern,FortressBot:rally:7/7/4/3/2/2/2/2/1/0,2,,,0.0000,INSUFFICIENT_SAMPLE
Candidate V4,Fortress_defense_pattern,FortressBot:rally:4/4/3/3/2/1/1/1/1/1,2,,,0.0000,INSUFFICIENT_SAMPLE
Candidate V4,Fortress_defense_pattern,FortressBot:rally:5/3/3/2/2/2/2/1/0/0,2,,,0.0000,INSUFFICIENT_SAMPLE
Candidate V4,Fortress_defense_pattern,FortressBot:rally:8/4/4/3/3/3/2/1/1/0,2,,,0.0000,INSUFFICIENT_SAMPLE
Candidate V4,Fortress_defense_pattern,FortressBot:rally:8/4/3/3/3/2/2/1/1/1,2,,,0.0000,INSUFFICIENT_SAMPLE
Candidate V4,Fortress_defense_pattern,FortressBot:rally:5/4/3/3/3/1/1/0/0/0,2,,,0.0000,INSUFFICIENT_SAMPLE
Candidate V4,Fortress_defense_pattern,FortressBot:rally:6/4/4/3/3/2/1/0/0/0,2,,,0.0000,INSUFFICIENT_SAMPLE
Candidate V4,Fortress_defense_pattern,FortressBot:rally:5/2/2/2/1/1/1/1/1/0,2,,,0.0000,INSUFFICIENT_SAMPLE
Candidate V4,Fortress_defense_pattern,FortressBot:rally:8/5/4/3/3/2/2/1/1/1,2,,,0.0000,INSUFFICIENT_SAMPLE
Candidate V4,Fortress_defense_pattern,FortressBot:rally:9/4/4/3/3/2/1/1/0/0,2,,,0.0000,INSUFFICIENT_SAMPLE
Candidate V4,Fortress_defense_pattern,FortressBot:rally:4/4/3/3/3/2/2/1/1/0,2,,,0.0000,INSUFFICIENT_SAMPLE
Candidate V4,Fortress_defense_pattern,FortressBot:rally:5/2/1/1/1/1/1/1/0/0,2,,,0.0000,INSUFFICIENT_SAMPLE
Candidate V4,Fortress_defense_pattern,FortressBot:rally:4/2/2/2/2/2/1/1/0/0,2,,,0.0000,INSUFFICIENT_SAMPLE
Candidate V4,Fortress_defense_pattern,FortressBot:rally:3/3/3/3/2/1/1/0/0/0,2,,,0.0000,INSUFFICIENT_SAMPLE
Candidate V4,Fortress_defense_pattern,FortressBot:rally:7/4/3/3/2/2/2/2/1/1,2,,,0.0000,INSUFFICIENT_SAMPLE
Candidate V4,Fortress_defense_pattern,FortressBot:rally:4/4/4/4/2/1/1/1/0/0,2,,,0.0000,INSUFFICIENT_SAMPLE
Candidate V4,Fortress_defense_pattern,FortressBot:rally:5/5/4/2/1/1/1/1/0/0,2,,,0.0000,INSUFFICIENT_SAMPLE
Candidate V4,Fortress_defense_pattern,FortressBot:rally:8/5/4/3/1/1/1/0/0/0,2,,,0.0000,INSUFFICIENT_SAMPLE
Candidate V4,Fortress_defense_pattern,FortressBot:rally:5/4/4/3/3/1/1/1/1/0,2,,,0.0000,INSUFFICIENT_SAMPLE
Candidate V4,Fortress_defense_pattern,FortressBot:rally:4/4/4/3/3/2/2/1/1/0,2,,,0.0000,INSUFFICIENT_SAMPLE
Candidate V4,Fortress_defense_pattern,FortressBot:rally:3/3/1/1/0/0/0/0/0/0,2,,,0.0000,INSUFFICIENT_SAMPLE
Candidate V4,Fortress_defense_pattern,FortressBot:rally:8/6/4/3/2/2/1/1/0/0,2,,,0.0000,INSUFFICIENT_SAMPLE
Candidate V4,Fortress_defense_pattern,FortressBot:rally:6/6/3/3/2/2/1/1/1/0,2,,,0.0000,INSUFFICIENT_SAMPLE
Candidate V4,Fortress_defense_pattern,FortressBot:rally:4/3/3/2/2/2/2/2/1/0,2,,,0.0000,INSUFFICIENT_SAMPLE
Candidate V4,Fortress_defense_pattern,FortressBot:rally:6/6/4/3/2/2/1/1/1/0,2,,,0.0000,INSUFFICIENT_SAMPLE
Candidate V4,Fortress_defense_pattern,FortressBot:rally:9/3/3/3/2/2/1/0/0/0,2,,,0.0000,INSUFFICIENT_SAMPLE
Candidate V4,Fortress_defense_pattern,FortressBot:rally:4/3/2/1/1/0/0/0/0/0,2,,,0.0000,INSUFFICIENT_SAMPLE
Candidate V4,Fortress_defense_pattern,FortressBot:rally:4/4/3/2/1/1/0/0/0/0,2,,,0.0000,INSUFFICIENT_SAMPLE
Candidate V4,Fortress_defense_pattern,FortressBot:rally:6/4/4/4/1/1/1/1/1/0,2,,,0.0000,INSUFFICIENT_SAMPLE
Candidate V4,Fortress_defense_pattern,FortressBot:rally:6/5/2/2/2/2/2/2/1/0,2,,,0.0000,INSUFFICIENT_SAMPLE
Candidate V4,Fortress_defense_pattern,FortressBot:rally:7/3/3/2/1/1/1/1/1/1,2,,,0.0000,INSUFFICIENT_SAMPLE
Candidate V4,Fortress_defense_pattern,FortressBot:rally:8/4/4/3/1/1/1/1/0/0,2,,,0.0000,INSUFFICIENT_SAMPLE
Candidate V4,Fortress_defense_pattern,FortressBot:rally:7/7/4/4/2/1/1/1/0/0,2,,,0.0000,INSUFFICIENT_SAMPLE
Candidate V4,Fortress_defense_pattern,FortressBot:rally:9/4/3/3/3/1/1/1/1/0,2,,,0.0000,INSUFFICIENT_SAMPLE
Candidate V4,Fortress_defense_pattern,FortressBot:rally:6/3/2/2/1/1/1/1/0/0,2,,,0.0000,INSUFFICIENT_SAMPLE
Candidate V4,Fortress_defense_pattern,FortressBot:rally:6/4/3/3/2/2/2/2/1/1,2,,,0.0000,INSUFFICIENT_SAMPLE
Candidate V4,Fortress_defense_pattern,FortressBot:rally:4/4/4/2/1/1/1/0/0/0,2,,,0.0000,INSUFFICIENT_SAMPLE
Candidate V4,Fortress_defense_pattern,FortressBot:rally:8/4/3/3/3/2/1/0/0/0,2,,,0.0000,INSUFFICIENT_SAMPLE
Candidate V4,Fortress_defense_pattern,FortressBot:rally:4/2/2/2/2/1/0/0/0/0,2,,,0.0000,INSUFFICIENT_SAMPLE
Candidate V4,Fortress_defense_pattern,FortressBot:rally:9/3/3/2/1/1/1/1/0/0,2,,,0.0000,INSUFFICIENT_SAMPLE
Candidate V4,Fortress_defense_pattern,FortressBot:rally:9/5/3/3/3/1/0/0/0/0,2,,,0.0000,INSUFFICIENT_SAMPLE
Candidate V4,Fortress_defense_pattern,FortressBot:rally:8/7/4/3/3/2/1/1/1/0,2,,,0.0000,INSUFFICIENT_SAMPLE
Candidate V4,Fortress_defense_pattern,FortressBot:rally:7/4/3/3/3/2/2/1/1/1,2,,,0.0000,INSUFFICIENT_SAMPLE
Candidate V4,Fortress_defense_pattern,FortressBot:rally:6/5/2/2/2/2/1/1/0/0,2,,,0.0000,INSUFFICIENT_SAMPLE
Candidate V4,Fortress_defense_pattern,FortressBot:rally:10/4/2/2/2/1/1/1/0/0,2,,,0.0000,INSUFFICIENT_SAMPLE
Candidate V4,Fortress_defense_pattern,FortressBot:receive:7/3/3/0/0,2,,,0.0000,INSUFFICIENT_SAMPLE
Candidate V4,Fortress_defense_pattern,FortressBot:rally:4/3/3/1/1/1/1/0/0/0,2,,,0.0000,INSUFFICIENT_SAMPLE
Candidate V4,Fortress_defense_pattern,FortressBot:rally:6/4/4/4/2/1/1/1/1/0,2,,,0.0000,INSUFFICIENT_SAMPLE
Candidate V4,Fortress_defense_pattern,FortressBot:rally:7/5/4/4/3/2/2/1/1/0,2,,,0.0000,INSUFFICIENT_SAMPLE
Candidate V4,Fortress_defense_pattern,FortressBot:rally:7/4/3/3/2/1/0/0/0/0,2,,,0.0000,INSUFFICIENT_SAMPLE
Candidate V4,Fortress_defense_pattern,FortressBot:rally:6/5/4/3/3/2/2/1/1/0,2,,,0.0000,INSUFFICIENT_SAMPLE
Candidate V4,Fortress_defense_pattern,FortressBot:rally:3/2/2/2/2/2/2/1/1/0,2,,,0.0000,INSUFFICIENT_SAMPLE
Candidate V4,Fortress_defense_pattern,FortressBot:rally:4/4/3/2/2/2/2/0/0/0,2,,,0.0000,INSUFFICIENT_SAMPLE
Candidate V4,Fortress_defense_pattern,FortressBot:rally:8/5/4/3/2/1/1/1/0/0,2,,,0.0000,INSUFFICIENT_SAMPLE
Candidate V4,Fortress_defense_pattern,FortressBot:rally:6/6/3/2/2/1/1/0/0/0,2,,,0.0000,INSUFFICIENT_SAMPLE
Candidate V4,Fortress_defense_pattern,FortressBot:rally:5/4/4/2/1/1/1/1/1/0,2,,,0.0000,INSUFFICIENT_SAMPLE
Candidate V4,Fortress_defense_pattern,FortressBot:rally:8/3/2/2/2/1/1/1/1/0,2,,,0.0000,INSUFFICIENT_SAMPLE
Candidate V4,Fortress_defense_pattern,FortressBot:rally:7/6/4/3/3/2/2/2/1/0,2,,,0.0000,INSUFFICIENT_SAMPLE
Candidate V4,Fortress_defense_pattern,FortressBot:rally:8/3/2/2/2/2/2/2/1/0,2,,,0.0000,INSUFFICIENT_SAMPLE
Candidate V4,Fortress_defense_pattern,FortressBot:rally:6/5/3/3/2/2/2/1/1/0,2,,,0.0000,INSUFFICIENT_SAMPLE
Candidate V4,Fortress_defense_pattern,FortressBot:rally:7/4/4/3/3/2/2/1/1/0,2,,,0.0000,INSUFFICIENT_SAMPLE
Candidate V4,Fortress_defense_pattern,FortressBot:rally:6/2/2/2/2/1/1/1/1/1,2,,,0.0000,INSUFFICIENT_SAMPLE
Candidate V4,Fortress_defense_pattern,FortressBot:rally:8/6/3/3/2/1/1/0/0/0,2,,,0.0000,INSUFFICIENT_SAMPLE
Candidate V4,Fortress_defense_pattern,FortressBot:rally:3/3/3/3/2/2/2/2/2/0,2,,,0.0000,INSUFFICIENT_SAMPLE
Candidate V4,Fortress_defense_pattern,FortressBot:rally:7/7/4/3/2/2/1/1/0/0,2,,,0.0000,INSUFFICIENT_SAMPLE
Candidate V4,Fortress_defense_pattern,FortressBot:rally:10/4/4/4/3/1/1/1/0/0,2,,,0.0000,INSUFFICIENT_SAMPLE
Candidate V4,Fortress_defense_pattern,FortressBot:rally:4/4/3/3/2/1/0/0/0/0,2,,,0.0000,INSUFFICIENT_SAMPLE
Candidate V4,Fortress_defense_pattern,FortressBot:receive:6/1/1/0/0,2,,,0.0000,INSUFFICIENT_SAMPLE
Candidate V4,Fortress_defense_pattern,FortressBot:rally:2/2/2/2/2/2/1/1/1/0,2,,,0.0000,INSUFFICIENT_SAMPLE
Candidate V4,Fortress_defense_pattern,FortressBot:rally:10/3/3/2/2/1/1/1/0/0,2,,,0.0000,INSUFFICIENT_SAMPLE
Candidate V4,Fortress_defense_pattern,FortressBot:receive:4/3/3/2/2,2,,,0.0000,INSUFFICIENT_SAMPLE
Candidate V4,Fortress_defense_pattern,FortressBot:rally:8/4/4/2/1/1/1/1/1/0,2,,,0.0000,INSUFFICIENT_SAMPLE
Candidate V4,Fortress_defense_pattern,FortressBot:rally:5/4/3/2/1/1/1/1/0/0,2,,,0.0000,INSUFFICIENT_SAMPLE
Candidate V4,Fortress_defense_pattern,FortressBot:rally:8/4/2/2/2/2/2/1/1/0,2,,,0.0000,INSUFFICIENT_SAMPLE
Candidate V4,Fortress_defense_pattern,FortressBot:service:6/2/0/0/0,2,,,0.0000,INSUFFICIENT_SAMPLE
Candidate V4,Fortress_defense_pattern,FortressBot:rally:4/4/3/2/2/2/2/2/1/1,2,,,0.0000,INSUFFICIENT_SAMPLE
Candidate V4,Fortress_defense_pattern,FortressBot:rally:9/6/4/4/2/2/1/1/1/0,2,,,0.0000,INSUFFICIENT_SAMPLE
Candidate V4,Fortress_defense_pattern,FortressBot:rally:8/6/3/3/2/2/0/0/0/0,2,,,0.0000,INSUFFICIENT_SAMPLE
Candidate V4,Fortress_defense_pattern,FortressBot:rally:7/4/4/4/1/1/1/1/0/0,2,,,0.0000,INSUFFICIENT_SAMPLE
Candidate V4,Fortress_defense_pattern,FortressBot:rally:8/5/3/3/3/2/2/2/1/0,2,,,0.0000,INSUFFICIENT_SAMPLE
Candidate V4,Fortress_defense_pattern,FortressBot:rally:4/4/4/2/2/2/2/1/1/1,2,,,0.0000,INSUFFICIENT_SAMPLE
Candidate V4,Fortress_defense_pattern,FortressBot:rally:8/3/3/2/2/2/2/1/1/0,2,,,0.0000,INSUFFICIENT_SAMPLE
Candidate V4,Fortress_defense_pattern,FortressBot:rally:7/6/3/3/3/2/1/1/1/1,2,,,0.0000,INSUFFICIENT_SAMPLE
Candidate V4,Fortress_defense_pattern,FortressBot:rally:8/4/4/4/2/1/0/0/0/0,2,,,0.0000,INSUFFICIENT_SAMPLE
Candidate V4,Fortress_defense_pattern,FortressBot:rally:8/4/4/2/2/2/2/0/0/0,2,,,0.0000,INSUFFICIENT_SAMPLE
Candidate V4,Fortress_defense_pattern,FortressBot:rally:8/5/3/3/2/1/1/0/0/0,2,,,0.0000,INSUFFICIENT_SAMPLE
Candidate V4,Fortress_defense_pattern,FortressBot:rally:4/4/3/3/3/3/2/1/0/0,2,,,0.0000,INSUFFICIENT_SAMPLE
Candidate V4,Fortress_defense_pattern,FortressBot:rally:9/5/4/2/2/2/1/1/0/0,2,,,0.0000,INSUFFICIENT_SAMPLE
Candidate V4,Fortress_defense_pattern,FortressBot:rally:7/6/4/3/2/1/1/1/0/0,2,,,0.0000,INSUFFICIENT_SAMPLE
Candidate V4,Fortress_defense_pattern,FortressBot:receive:4/4/3/1/1,2,,,0.0000,INSUFFICIENT_SAMPLE
Candidate V4,Fortress_defense_pattern,FortressBot:rally:9/5/4/3/3/0/0/0/0/0,2,,,0.0000,INSUFFICIENT_SAMPLE
Candidate V4,Fortress_defense_pattern,FortressBot:rally:4/4/4/3/2/1/1/1/0/0,2,,,0.0000,INSUFFICIENT_SAMPLE
Candidate V4,Fortress_defense_pattern,FortressBot:rally:7/4/4/4/3/1/1/0/0/0,2,,,0.0000,INSUFFICIENT_SAMPLE
Candidate V4,Fortress_defense_pattern,FortressBot:rally:4/3/1/1/1/1/1/1/0/0,2,,,0.0000,INSUFFICIENT_SAMPLE
Candidate V4,Fortress_defense_pattern,FortressBot:rally:7/3/3/3/3/2/2/1/0/0,2,,,0.0000,INSUFFICIENT_SAMPLE
Candidate V4,Fortress_defense_pattern,FortressBot:receive:4/3/3/3/0,2,,,0.0000,INSUFFICIENT_SAMPLE
Candidate V4,Fortress_defense_pattern,FortressBot:rally:9/4/3/2/2/2/1/1/1/0,2,,,0.0000,INSUFFICIENT_SAMPLE
Candidate V4,Fortress_defense_pattern,FortressBot:rally:4/3/3/3/2/2/2/2/1/1,2,,,0.0000,INSUFFICIENT_SAMPLE
Candidate V4,Fortress_defense_pattern,FortressBot:rally:3/3/1/1/1/1/1/0/0/0,2,,,0.0000,INSUFFICIENT_SAMPLE
Candidate V4,Fortress_defense_pattern,FortressBot:rally:9/4/2/2/2/2/1/1/0/0,2,,,0.0000,INSUFFICIENT_SAMPLE
Candidate V4,Fortress_defense_pattern,FortressBot:rally:7/5/4/3/2/2/1/1/0/0,2,,,0.0000,INSUFFICIENT_SAMPLE
Candidate V4,Fortress_defense_pattern,FortressBot:rally:9/5/4/2/2/1/1/0/0/0,2,,,0.0000,INSUFFICIENT_SAMPLE
Candidate V4,Fortress_defense_pattern,FortressBot:rally:9/3/3/2/2/1/1/0/0/0,2,,,0.0000,INSUFFICIENT_SAMPLE
Candidate V4,Fortress_defense_pattern,FortressBot:rally:9/4/3/3/3/1/1/0/0/0,2,,,0.0000,INSUFFICIENT_SAMPLE
Candidate V4,Fortress_defense_pattern,FortressBot:rally:10/3/3/3/2/1/1/1/0/0,2,,,0.0000,INSUFFICIENT_SAMPLE
Candidate V4,Fortress_defense_pattern,FortressBot:rally:5/4/4/4/4/1/0/0/0/0,2,,,0.0000,INSUFFICIENT_SAMPLE
Candidate V4,Fortress_defense_pattern,FortressBot:rally:9/4/4/3/1/1/1/0/0/0,2,,,0.0000,INSUFFICIENT_SAMPLE
Candidate V4,Fortress_defense_pattern,FortressBot:rally:7/6/4/4/3/2/1/1/0/0,2,,,0.0000,INSUFFICIENT_SAMPLE
Candidate V4,Fortress_defense_pattern,FortressBot:rally:8/4/2/2/2/1/1/1/0/0,2,,,0.0000,INSUFFICIENT_SAMPLE
Candidate V4,Fortress_defense_pattern,FortressBot:rally:8/3/2/2/2/2/2/2/0/0,2,,,0.0000,INSUFFICIENT_SAMPLE
Candidate V4,Fortress_defense_pattern,FortressBot:rally:6/6/4/3/2/2/2/0/0/0,2,,,0.0000,INSUFFICIENT_SAMPLE
Candidate V4,Fortress_defense_pattern,FortressBot:rally:5/4/4/3/3/2/1/1/1/0,2,,,0.0000,INSUFFICIENT_SAMPLE
Candidate V4,Fortress_defense_pattern,FortressBot:rally:4/4/2/2/2/1/1/1/1/0,2,,,0.0000,INSUFFICIENT_SAMPLE
Candidate V4,Fortress_defense_pattern,FortressBot:rally:6/5/4/2/2/2/2/1/0/0,2,,,0.0000,INSUFFICIENT_SAMPLE
Candidate V4,Fortress_defense_pattern,FortressBot:rally:7/4/4/3/3/1/1/0/0/0,2,,,0.0000,INSUFFICIENT_SAMPLE
Candidate V4,Fortress_defense_pattern,FortressBot:rally:5/4/3/2/2/1/1/1/0/0,2,,,0.0000,INSUFFICIENT_SAMPLE
Candidate V4,Fortress_defense_pattern,FortressBot:rally:9/6/4/3/3/2/1/1/1/0,2,,,0.0000,INSUFFICIENT_SAMPLE
Candidate V4,Fortress_defense_pattern,FortressBot:rally:6/5/3/3/3/1/0/0/0/0,2,,,0.0000,INSUFFICIENT_SAMPLE
Candidate V4,Fortress_defense_pattern,FortressBot:rally:5/3/3/3/3/3/1/1/0/0,2,,,0.0000,INSUFFICIENT_SAMPLE
Candidate V4,Fortress_defense_pattern,FortressBot:rally:3/3/3/2/1/1/1/1/1/0,2,,,0.0000,INSUFFICIENT_SAMPLE
Candidate V4,Fortress_defense_pattern,FortressBot:rally:6/6/4/2/2/1/0/0/0/0,2,,,0.0000,INSUFFICIENT_SAMPLE
Candidate V4,Fortress_defense_pattern,FortressBot:rally:6/5/3/2/2/1/1/0/0/0,2,,,0.0000,INSUFFICIENT_SAMPLE
Candidate V4,Fortress_defense_pattern,FortressBot:rally:4/4/4/3/2/2/1/1/1/1,2,,,0.0000,INSUFFICIENT_SAMPLE
Candidate V4,Fortress_defense_pattern,FortressBot:rally:7/3/3/3/2/2/1/1/1/1,2,,,0.0000,INSUFFICIENT_SAMPLE
Candidate V4,Fortress_defense_pattern,FortressBot:rally:7/4/4/3/2/2/1/1/1/0,2,,,0.0000,INSUFFICIENT_SAMPLE
Candidate V4,Fortress_defense_pattern,FortressBot:rally:7/5/4/2/2/2/1/1/1/0,2,,,0.0000,INSUFFICIENT_SAMPLE
Candidate V4,Fortress_defense_pattern,FortressBot:rally:2/2/1/1/1/1/1/1/1/1,2,,,0.0000,INSUFFICIENT_SAMPLE
Candidate V4,Fortress_defense_pattern,FortressBot:rally:6/5/4/4/2/2/0/0/0/0,2,,,0.0000,INSUFFICIENT_SAMPLE
Candidate V4,Fortress_defense_pattern,FortressBot:rally:8/6/4/3/2/2/1/1/1/0,2,,,0.0000,INSUFFICIENT_SAMPLE
Candidate V4,Fortress_defense_pattern,FortressBot:rally:6/6/4/4/1/1/1/1/0/0,2,,,0.0000,INSUFFICIENT_SAMPLE
Candidate V4,Fortress_defense_pattern,FortressBot:rally:9/6/4/3/3/2/1/0/0/0,2,,,0.0000,INSUFFICIENT_SAMPLE
Candidate V4,Fortress_defense_pattern,FortressBot:rally:11/4/3/2/2/1/1/0/0/0,2,,,0.0000,INSUFFICIENT_SAMPLE
Candidate V4,Fortress_defense_pattern,FortressBot:rally:7/5/3/3/2/2/2/2/1/0,2,,,0.0000,INSUFFICIENT_SAMPLE
Candidate V4,Fortress_defense_pattern,FortressBot:receive:9/2/0/0/0,2,,,0.0000,INSUFFICIENT_SAMPLE
Candidate V4,Fortress_defense_pattern,FortressBot:rally:4/4/3/3/3/2/2/1/1/1,2,,,0.0000,INSUFFICIENT_SAMPLE
Candidate V4,Fortress_defense_pattern,FortressBot:rally:9/4/2/2/2/2/1/1/1/0,2,,,0.0000,INSUFFICIENT_SAMPLE
Candidate V4,Fortress_defense_pattern,FortressBot:rally:6/4/3/3/2/2/2/2/0/0,2,,,0.0000,INSUFFICIENT_SAMPLE
Candidate V4,Fortress_defense_pattern,FortressBot:rally:5/3/3/3/2/1/1/1/1/1,2,,,0.0000,INSUFFICIENT_SAMPLE
Candidate V4,Fortress_defense_pattern,FortressBot:rally:8/4/3/3/1/1/1/1/1/1,2,,,0.0000,INSUFFICIENT_SAMPLE
Candidate V4,Fortress_defense_pattern,FortressBot:rally:3/3/3/2/2/2/1/0/0/0,2,,,0.0000,INSUFFICIENT_SAMPLE
Candidate V4,Fortress_defense_pattern,FortressBot:rally:6/4/3/3/2/2/0/0/0/0,2,,,0.0000,INSUFFICIENT_SAMPLE
Candidate V4,Fortress_defense_pattern,FortressBot:rally:5/3/3/2/2/2/2/2/0/0,2,,,0.0000,INSUFFICIENT_SAMPLE
Candidate V4,Fortress_defense_pattern,FortressBot:rally:8/5/4/3/3/1/1/0/0/0,2,,,0.0000,INSUFFICIENT_SAMPLE
Candidate V4,Fortress_defense_pattern,FortressBot:rally:4/3/3/3/3/2/2/2/0/0,2,,,0.0000,INSUFFICIENT_SAMPLE
Candidate V4,Fortress_defense_pattern,FortressBot:rally:4/4/3/2/2/2/1/0/0/0,2,,,0.0000,INSUFFICIENT_SAMPLE
Candidate V4,Fortress_defense_pattern,FortressBot:rally:7/5/4/2/2/2/2/1/1/0,2,,,0.0000,INSUFFICIENT_SAMPLE
Candidate V4,Fortress_defense_pattern,FortressBot:rally:5/5/3/2/2/2/2/0/0/0,2,,,0.0000,INSUFFICIENT_SAMPLE
Candidate V4,Fortress_defense_pattern,FortressBot:receive:4/4/4/1/0,2,,,0.0000,INSUFFICIENT_SAMPLE
Candidate V4,Fortress_defense_pattern,FortressBot:rally:5/3/3/3/2/2/2/1/0/0,2,,,0.0000,INSUFFICIENT_SAMPLE
Candidate V4,Fortress_defense_pattern,FortressBot:rally:8/5/4/3/2/1/1/1/1/0,2,,,0.0000,INSUFFICIENT_SAMPLE
Candidate V4,Fortress_defense_pattern,FortressBot:rally:5/3/3/3/3/2/1/0/0/0,2,,,0.0000,INSUFFICIENT_SAMPLE
Candidate V4,Fortress_defense_pattern,FortressBot:rally:6/4/4/4/3/1/1/1/0/0,2,,,0.0000,INSUFFICIENT_SAMPLE
Candidate V4,Fortress_defense_pattern,FortressBot:rally:9/4/3/3/3/2/1/1/1/1,2,,,0.0000,INSUFFICIENT_SAMPLE
Candidate V4,Fortress_defense_pattern,FortressBot:rally:4/4/4/3/3/2/1/1/1/1,2,,,0.0000,INSUFFICIENT_SAMPLE
Candidate V4,Fortress_defense_pattern,FortressBot:rally:7/5/3/3/3/1/1/1/0/0,2,,,0.0000,INSUFFICIENT_SAMPLE
Candidate V4,Fortress_defense_pattern,FortressBot:rally:7/4/4/4/3/3/2/2/1/0,2,,,0.0000,INSUFFICIENT_SAMPLE
Candidate V4,Fortress_defense_pattern,FortressBot:rally:6/3/3/3/1/1/1/1/1/0,2,,,0.0000,INSUFFICIENT_SAMPLE
Candidate V4,Fortress_defense_pattern,FortressBot:rally:9/5/4/3/2/1/1/1/0/0,2,,,0.0000,INSUFFICIENT_SAMPLE
Candidate V4,Fortress_defense_pattern,FortressBot:rally:9/5/4/4/3/2/2/1/0/0,2,,,0.0000,INSUFFICIENT_SAMPLE
Candidate V4,Fortress_defense_pattern,FortressBot:rally:6/6/4/3/3/2/2/1/0/0,2,,,0.0000,INSUFFICIENT_SAMPLE
Candidate V4,Fortress_defense_pattern,FortressBot:rally:5/5/3/3/1/1/1/1/1/0,2,,,0.0000,INSUFFICIENT_SAMPLE
Candidate V4,Fortress_defense_pattern,FortressBot:rally:4/3/3/3/3/1/1/1/1/1,2,,,0.0000,INSUFFICIENT_SAMPLE
Candidate V4,Fortress_defense_pattern,FortressBot:rally:3/2/2/2/2/2/2/1/0/0,2,,,0.0000,INSUFFICIENT_SAMPLE
Candidate V4,Fortress_defense_pattern,FortressBot:rally:6/4/2/2/2/2/2/1/0/0,2,,,0.0000,INSUFFICIENT_SAMPLE
Candidate V4,Fortress_defense_pattern,FortressBot:rally:5/4/2/2/2/2/1/1/0/0,2,,,0.0000,INSUFFICIENT_SAMPLE
Candidate V4,Fortress_defense_pattern,FortressBot:rally:9/4/4/2/2/2/1/0/0/0,2,,,0.0000,INSUFFICIENT_SAMPLE
Candidate V4,Fortress_defense_pattern,FortressBot:rally:6/5/2/2/2/2/2/1/1/1,2,,,0.0000,INSUFFICIENT_SAMPLE
Candidate V4,Fortress_defense_pattern,FortressBot:receive:5/1/0/0/0,2,,,0.0000,INSUFFICIENT_SAMPLE
Candidate V4,Fortress_defense_pattern,FortressBot:rally:4/4/4/3/3/1/1/0/0/0,2,,,0.0000,INSUFFICIENT_SAMPLE
Candidate V4,Fortress_defense_pattern,FortressBot:receive:10/3/0/0/0,2,,,0.0000,INSUFFICIENT_SAMPLE
Candidate V4,Fortress_defense_pattern,FortressBot:rally:2/2/2/2/2/2/2/2/1/0,2,,,0.0000,INSUFFICIENT_SAMPLE
Candidate V4,Fortress_defense_pattern,FortressBot:rally:8/4/2/2/2/2/2/1/0/0,2,,,0.0000,INSUFFICIENT_SAMPLE
Candidate V4,Fortress_defense_pattern,FortressBot:rally:3/2/2/2/2/2/1/1/1/1,2,,,0.0000,INSUFFICIENT_SAMPLE
Candidate V4,Fortress_defense_pattern,FortressBot:rally:5/5/4/4/2/2/2/0/0/0,2,,,0.0000,INSUFFICIENT_SAMPLE
Candidate V4,Fortress_defense_pattern,FortressBot:rally:10/4/4/4/2/2/2/1/1/0,2,,,0.0000,INSUFFICIENT_SAMPLE
Candidate V4,Fortress_defense_pattern,FortressBot:rally:11/3/3/3/2/2/0/0/0/0,2,,,0.0000,INSUFFICIENT_SAMPLE
Candidate V4,Fortress_defense_pattern,FortressBot:rally:5/4/2/2/2/1/1/1/1/1,2,,,0.0000,INSUFFICIENT_SAMPLE
Candidate V4,Fortress_defense_pattern,FortressBot:rally:6/4/4/3/3/1/1/1/1/0,2,,,0.0000,INSUFFICIENT_SAMPLE
Candidate V4,Fortress_defense_pattern,FortressBot:rally:8/4/3/3/2/2/2/0/0/0,2,,,0.0000,INSUFFICIENT_SAMPLE
Candidate V4,Fortress_defense_pattern,FortressBot:rally:9/4/4/3/2/2/1/1/1/0,2,,,0.0000,INSUFFICIENT_SAMPLE
Candidate V4,Fortress_defense_pattern,FortressBot:rally:9/5/3/3/2/2/0/0/0/0,2,,,0.0000,INSUFFICIENT_SAMPLE
Candidate V4,Fortress_defense_pattern,FortressBot:rally:3/1/1/1/1/1/1/1/0/0,2,,,0.0000,INSUFFICIENT_SAMPLE
Candidate V4,Fortress_defense_pattern,FortressBot:rally:9/5/4/3/2/2/1/1/0/0,2,,,0.0000,INSUFFICIENT_SAMPLE
Candidate V4,Fortress_defense_pattern,FortressBot:rally:8/5/4/3/3/2/2/1/1/0,2,,,0.0000,INSUFFICIENT_SAMPLE
Candidate V4,Fortress_defense_pattern,FortressBot:rally:9/3/3/3/2/1/0/0/0/0,2,,,0.0000,INSUFFICIENT_SAMPLE
Candidate V4,Fortress_defense_pattern,FortressBot:rally:12/2/2/2/2/1/1/0/0/0,2,,,0.0000,INSUFFICIENT_SAMPLE
Candidate V4,Fortress_defense_pattern,FortressBot:rally:2/2/2/2/1/0/0/0/0/0,2,,,0.0000,INSUFFICIENT_SAMPLE
Candidate V4,Fortress_defense_pattern,FortressBot:rally:6/4/4/3/3/1/1/1/0/0,2,,,0.0000,INSUFFICIENT_SAMPLE
Candidate V4,Fortress_defense_pattern,FortressBot:rally:10/4/4/3/2/1/0/0/0/0,2,,,0.0000,INSUFFICIENT_SAMPLE
Candidate V4,Fortress_defense_pattern,FortressBot:rally:7/6/4/3/2/2/2/1/1/0,2,,,0.0000,INSUFFICIENT_SAMPLE
Candidate V4,Fortress_defense_pattern,FortressBot:rally:5/5/4/3/3/2/2/2/1/0,2,,,0.0000,INSUFFICIENT_SAMPLE
Candidate V4,Fortress_defense_pattern,FortressBot:receive:5/3/2/2/2,2,,,0.0000,INSUFFICIENT_SAMPLE
Candidate V4,Fortress_defense_pattern,FortressBot:rally:5/5/4/2/1/1/1/1/1/0,2,,,0.0000,INSUFFICIENT_SAMPLE
Candidate V4,Fortress_defense_pattern,FortressBot:rally:9/3/2/2/2/2/1/0/0/0,2,,,0.0000,INSUFFICIENT_SAMPLE
Candidate V4,Fortress_defense_pattern,FortressBot:rally:6/4/3/3/3/1/1/0/0/0,2,,,0.0000,INSUFFICIENT_SAMPLE
Candidate V4,Fortress_defense_pattern,FortressBot:rally:7/6/4/3/2/2/1/1/1/0,2,,,0.0000,INSUFFICIENT_SAMPLE
Candidate V4,Fortress_defense_pattern,FortressBot:rally:3/3/3/3/2/2/2/2/1/0,2,,,0.0000,INSUFFICIENT_SAMPLE
Candidate V4,Fortress_defense_pattern,FortressBot:rally:7/5/4/2/2/1/0/0/0/0,2,,,0.0000,INSUFFICIENT_SAMPLE
Candidate V4,Fortress_defense_pattern,FortressBot:rally:7/6/4/4/3/3/2/1/0/0,2,,,0.0000,INSUFFICIENT_SAMPLE
Candidate V4,Fortress_defense_pattern,FortressBot:rally:8/6/4/4/1/1/0/0/0/0,2,,,0.0000,INSUFFICIENT_SAMPLE
Candidate V4,Fortress_defense_pattern,FortressBot:rally:4/4/3/2/2/1/1/1/0/0,2,,,0.0000,INSUFFICIENT_SAMPLE
Candidate V4,Fortress_defense_pattern,FortressBot:receive:6/2/2/2/1,2,,,0.0000,INSUFFICIENT_SAMPLE
Candidate V4,Fortress_defense_pattern,FortressBot:rally:7/6/3/3/3/1/1/0/0/0,2,,,0.0000,INSUFFICIENT_SAMPLE
Candidate V4,Fortress_defense_pattern,FortressBot:rally:6/6/4/4/2/2/1/1/1/0,2,,,0.0000,INSUFFICIENT_SAMPLE
Candidate V4,Fortress_defense_pattern,FortressBot:rally:10/4/4/2/2/1/1/0/0/0,2,,,0.0000,INSUFFICIENT_SAMPLE
Candidate V4,Fortress_defense_pattern,FortressBot:rally:4/4/3/3/2/2/1/0/0/0,2,,,0.0000,INSUFFICIENT_SAMPLE
Candidate V4,Fortress_defense_pattern,FortressBot:rally:3/3/3/2/2/2/2/0/0/0,2,,,0.0000,INSUFFICIENT_SAMPLE
Candidate V4,Fortress_defense_pattern,FortressBot:rally:5/4/4/4/3/1/1/1/1/0,2,,,0.0000,INSUFFICIENT_SAMPLE
Candidate V4,Fortress_defense_pattern,FortressBot:rally:6/4/2/2/2/1/1/1/1/1,2,,,0.0000,INSUFFICIENT_SAMPLE
Candidate V4,Fortress_defense_pattern,FortressBot:rally:7/3/3/3/3/1/1/0/0/0,2,,,0.0000,INSUFFICIENT_SAMPLE
Candidate V4,Fortress_defense_pattern,FortressBot:rally:6/3/3/2/2/2/2/0/0/0,2,,,0.0000,INSUFFICIENT_SAMPLE
Candidate V4,Fortress_defense_pattern,FortressBot:rally:5/3/2/2/1/1/1/1/1/0,2,,,0.0000,INSUFFICIENT_SAMPLE
Candidate V4,Fortress_defense_pattern,FortressBot:rally:8/5/4/3/2/2/2/1/0/0,2,,,0.0000,INSUFFICIENT_SAMPLE
Candidate V4,Fortress_defense_pattern,FortressBot:rally:8/6/2/2/2/2/2/0/0/0,2,,,0.0000,INSUFFICIENT_SAMPLE
Candidate V4,Fortress_defense_pattern,FortressBot:rally:8/5/4/3/3/2/2/2/1/0,2,,,0.0000,INSUFFICIENT_SAMPLE
Candidate V4,Fortress_defense_pattern,FortressBot:rally:4/4/4/3/2/2/2/1/1/0,2,,,0.0000,INSUFFICIENT_SAMPLE
Candidate V4,Fortress_defense_pattern,FortressBot:rally:7/4/2/2/1/1/1/1/1/0,2,,,0.0000,INSUFFICIENT_SAMPLE
Candidate V4,Fortress_defense_pattern,FortressBot:rally:5/5/3/3/2/2/1/0/0/0,2,,,0.0000,INSUFFICIENT_SAMPLE
Candidate V4,Fortress_defense_pattern,FortressBot:rally:7/6/4/4/2/1/0/0/0/0,2,,,0.0000,INSUFFICIENT_SAMPLE
Candidate V4,Fortress_defense_pattern,FortressBot:rally:6/4/2/2/1/1/1/1/0/0,2,,,0.0000,INSUFFICIENT_SAMPLE
Candidate V4,Fortress_defense_pattern,FortressBot:receive:10/2/2/0/0,2,,,0.0000,INSUFFICIENT_SAMPLE
Candidate V4,Fortress_defense_pattern,FortressBot:rally:9/4/4/3/1/1/1/1/0/0,2,,,0.0000,INSUFFICIENT_SAMPLE
Candidate V4,Fortress_defense_pattern,FortressBot:rally:5/3/2/1/1/1/1/1/1/0,2,,,0.0000,INSUFFICIENT_SAMPLE
Candidate V4,Fortress_defense_pattern,FortressBot:rally:8/6/4/3/3/2/2/1/1/0,2,,,0.0000,INSUFFICIENT_SAMPLE
Candidate V4,Fortress_defense_pattern,FortressBot:rally:3/2/2/2/2/0/0/0/0/0,2,,,0.0000,INSUFFICIENT_SAMPLE
Candidate V4,Fortress_defense_pattern,FortressBot:rally:6/4/2/2/2/2/2/2/2/0,2,,,0.0000,INSUFFICIENT_SAMPLE
Candidate V4,Fortress_defense_pattern,FortressBot:service:6/2/1/0/0,2,,,0.0000,INSUFFICIENT_SAMPLE
Candidate V4,Fortress_defense_pattern,FortressBot:rally:10/4/3/3/2/1/1/0/0/0,2,,,0.0000,INSUFFICIENT_SAMPLE
Candidate V4,Fortress_defense_pattern,FortressBot:rally:7/6/4/3/3/2/2/1/0/0,2,,,0.0000,INSUFFICIENT_SAMPLE
Candidate V4,Fortress_defense_pattern,FortressBot:rally:7/5/3/3/3/2/1/0/0/0,2,,,0.0000,INSUFFICIENT_SAMPLE
Candidate V4,Fortress_defense_pattern,FortressBot:rally:4/4/3/3/3/1/1/0/0/0,2,,,0.0000,INSUFFICIENT_SAMPLE
Candidate V4,Fortress_defense_pattern,FortressBot:rally:6/3/3/3/1/1/1/1/1/1,2,,,0.0000,INSUFFICIENT_SAMPLE
Candidate V4,Fortress_defense_pattern,FortressBot:rally:6/5/4/4/2/2/1/1/1/1,2,,,0.0000,INSUFFICIENT_SAMPLE
Candidate V4,Fortress_defense_pattern,FortressBot:rally:4/4/4/2/2/1/1/1/0/0,2,,,0.0000,INSUFFICIENT_SAMPLE
Candidate V4,Fortress_defense_pattern,FortressBot:rally:9/3/3/3/2/2/2/0/0/0,2,,,0.0000,INSUFFICIENT_SAMPLE
Candidate V4,Fortress_defense_pattern,FortressBot:rally:7/5/4/3/3/2/1/1/0/0,2,,,0.0000,INSUFFICIENT_SAMPLE
Candidate V4,Fortress_defense_pattern,FortressBot:rally:2/2/2/2/2/2/2/1/0/0,2,,,0.0000,INSUFFICIENT_SAMPLE
Candidate V4,Fortress_defense_pattern,FortressBot:rally:10/4/3/3/2/1/1/1/0/0,2,,,0.0000,INSUFFICIENT_SAMPLE
Candidate V4,Fortress_defense_pattern,FortressBot:rally:7/6/4/2/2/2/1/1/0/0,2,,,0.0000,INSUFFICIENT_SAMPLE
Candidate V4,Fortress_defense_pattern,FortressBot:rally:8/4/3/2/2/1/1/1/1/1,2,,,0.0000,INSUFFICIENT_SAMPLE
Candidate V4,Fortress_defense_pattern,FortressBot:rally:6/3/1/1/1/1/0/0/0/0,2,,,0.0000,INSUFFICIENT_SAMPLE
Candidate V4,Fortress_defense_pattern,FortressBot:rally:4/4/2/1/1/1/0/0/0/0,2,,,0.0000,INSUFFICIENT_SAMPLE
Candidate V4,Fortress_defense_pattern,FortressBot:rally:4/2/1/1/1/1/1/1/1/0,2,,,0.0000,INSUFFICIENT_SAMPLE
Candidate V4,Fortress_defense_pattern,FortressBot:rally:3/3/3/2/2/1/1/1/1/1,2,,,0.0000,INSUFFICIENT_SAMPLE
Candidate V4,Fortress_defense_pattern,FortressBot:rally:7/5/4/3/2/2/2/1/1/0,2,,,0.0000,INSUFFICIENT_SAMPLE
Candidate V4,Fortress_defense_pattern,FortressBot:rally:8/4/4/4/2/2/1/1/0/0,2,,,0.0000,INSUFFICIENT_SAMPLE
Candidate V4,Fortress_defense_pattern,FortressBot:rally:3/3/3/3/2/2/1/1/1/1,2,,,0.0000,INSUFFICIENT_SAMPLE
Candidate V4,Fortress_defense_pattern,FortressBot:rally:6/4/3/2/2/2/2/0/0/0,2,,,0.0000,INSUFFICIENT_SAMPLE
Candidate V4,Fortress_defense_pattern,FortressBot:rally:5/4/3/2/2/2/2/0/0/0,2,,,0.0000,INSUFFICIENT_SAMPLE
Candidate V4,Fortress_defense_pattern,FortressBot:rally:6/5/3/3/3/2/1/0/0/0,2,,,0.0000,INSUFFICIENT_SAMPLE
Candidate V4,Fortress_defense_pattern,FortressBot:rally:5/5/4/4/2/2/1/1/0/0,2,,,0.0000,INSUFFICIENT_SAMPLE
Candidate V4,Fortress_defense_pattern,FortressBot:rally:11/4/2/2/2/1/1/1/0/0,2,,,0.0000,INSUFFICIENT_SAMPLE
Candidate V4,Fortress_defense_pattern,FortressBot:rally:3/3/3/3/2/2/2/0/0/0,2,,,0.0000,INSUFFICIENT_SAMPLE
Candidate V4,Fortress_defense_pattern,FortressBot:rally:9/3/2/2/1/1/1/1/0/0,2,,,0.0000,INSUFFICIENT_SAMPLE
Candidate V4,Fortress_defense_pattern,FortressBot:rally:7/5/2/2/2/2/1/0/0/0,2,,,0.0000,INSUFFICIENT_SAMPLE
Candidate V4,Fortress_defense_pattern,FortressBot:rally:7/4/4/2/2/1/1/1/1/1,2,,,0.0000,INSUFFICIENT_SAMPLE
Candidate V4,Fortress_defense_pattern,FortressBot:rally:5/5/4/3/2/2/1/1/1/1,2,,,0.0000,INSUFFICIENT_SAMPLE
Candidate V4,Fortress_defense_pattern,FortressBot:rally:12/3/2/2/2/1/0/0/0/0,2,,,0.0000,INSUFFICIENT_SAMPLE
Candidate V4,Fortress_defense_pattern,FortressBot:receive:8/1/1/0/0,2,,,0.0000,INSUFFICIENT_SAMPLE
Candidate V4,Fortress_defense_pattern,FortressBot:rally:7/5/3/3/3/2/2/1/0/0,1,,,0.0000,INSUFFICIENT_SAMPLE
Candidate V4,Fortress_defense_pattern,FortressBot:rally:2/2/2/1/1/1/1/1/1/1,1,,,0.0000,INSUFFICIENT_SAMPLE
Candidate V4,Fortress_defense_pattern,FortressBot:rally:4/4/2/2/1/1/1/0/0/0,1,,,0.0000,INSUFFICIENT_SAMPLE
Candidate V4,Fortress_defense_pattern,FortressBot:rally:6/4/2/1/1/1/0/0/0/0,1,,,0.0000,INSUFFICIENT_SAMPLE
Candidate V4,Fortress_defense_pattern,FortressBot:service:7/1/1/0/0,1,,,0.0000,INSUFFICIENT_SAMPLE
Candidate V4,Fortress_defense_pattern,FortressBot:rally:5/2/2/1/1/1/1/1/1/0,1,,,0.0000,INSUFFICIENT_SAMPLE
Candidate V4,Fortress_defense_pattern,FortressBot:rally:6/4/4/4/2/2/1/0/0/0,1,,,0.0000,INSUFFICIENT_SAMPLE
Candidate V4,Fortress_defense_pattern,FortressBot:rally:4/3/3/3/1/1/1/0/0/0,1,,,0.0000,INSUFFICIENT_SAMPLE
Candidate V4,Fortress_defense_pattern,FortressBot:rally:8/4/4/3/2/1/1/1/1/0,1,,,0.0000,INSUFFICIENT_SAMPLE
Candidate V4,Fortress_defense_pattern,FortressBot:rally:10/4/3/3/2/2/0/0/0/0,1,,,0.0000,INSUFFICIENT_SAMPLE
Candidate V4,Fortress_defense_pattern,FortressBot:rally:8/6/4/3/3/1/1/0/0/0,1,,,0.0000,INSUFFICIENT_SAMPLE
Candidate V4,Fortress_defense_pattern,FortressBot:rally:4/4/4/4/3/2/2/1/0/0,1,,,0.0000,INSUFFICIENT_SAMPLE
Candidate V4,Fortress_defense_pattern,FortressBot:rally:9/6/4/3/3/1/1/1/0/0,1,,,0.0000,INSUFFICIENT_SAMPLE
Candidate V4,Fortress_defense_pattern,FortressBot:rally:11/3/3/3/3/3/2/2/1/1,1,,,0.0000,INSUFFICIENT_SAMPLE
Candidate V4,Fortress_defense_pattern,FortressBot:rally:7/6/4/2/2/2/0/0/0/0,1,,,0.0000,INSUFFICIENT_SAMPLE
Candidate V4,Fortress_defense_pattern,FortressBot:rally:6/4/3/3/3/3/2/1/1/1,1,,,0.0000,INSUFFICIENT_SAMPLE
Candidate V4,Fortress_defense_pattern,FortressBot:rally:7/5/4/3/3/2/2/2/0/0,1,,,0.0000,INSUFFICIENT_SAMPLE
Candidate V4,Fortress_defense_pattern,FortressBot:rally:7/7/4/2/2/1/1/0/0/0,1,,,0.0000,INSUFFICIENT_SAMPLE
Candidate V4,Fortress_defense_pattern,FortressBot:rally:7/6/4/4/2/2/2/1/0/0,1,,,0.0000,INSUFFICIENT_SAMPLE
Candidate V4,Fortress_defense_pattern,FortressBot:rally:7/5/4/4/3/2/1/1/0/0,1,,,0.0000,INSUFFICIENT_SAMPLE
Candidate V4,Fortress_defense_pattern,FortressBot:rally:4/4/4/3/3/3/2/1/0/0,1,,,0.0000,INSUFFICIENT_SAMPLE
Candidate V4,Fortress_defense_pattern,FortressBot:receive:5/1/1/0/0,1,,,0.0000,INSUFFICIENT_SAMPLE
Candidate V4,Fortress_defense_pattern,FortressBot:rally:7/5/4/3/3/2/2/0/0/0,1,,,0.0000,INSUFFICIENT_SAMPLE
Candidate V4,Fortress_defense_pattern,FortressBot:rally:4/3/3/2/2/2/1/0/0/0,1,,,0.0000,INSUFFICIENT_SAMPLE
Candidate V4,Fortress_defense_pattern,FortressBot:rally:7/6/4/3/3/1/1/1/1/0,1,,,0.0000,INSUFFICIENT_SAMPLE
Candidate V4,Fortress_defense_pattern,FortressBot:rally:6/5/4/3/3/1/1/1/0/0,1,,,0.0000,INSUFFICIENT_SAMPLE
Candidate V4,Fortress_defense_pattern,FortressBot:rally:4/4/4/3/3/3/2/1/1/0,1,,,0.0000,INSUFFICIENT_SAMPLE
Candidate V4,Fortress_defense_pattern,FortressBot:rally:7/5/3/3/2/2/2/2/2/0,1,,,0.0000,INSUFFICIENT_SAMPLE
Candidate V4,Fortress_defense_pattern,FortressBot:rally:7/6/2/2/2/2/2/0/0/0,1,,,0.0000,INSUFFICIENT_SAMPLE
Candidate V4,Fortress_defense_pattern,FortressBot:rally:4/3/1/1/1/1/0/0/0/0,1,,,0.0000,INSUFFICIENT_SAMPLE
Candidate V4,Fortress_defense_pattern,FortressBot:rally:9/6/3/3/3/2/2/2/1/0,1,,,0.0000,INSUFFICIENT_SAMPLE
Candidate V4,Fortress_defense_pattern,FortressBot:rally:6/6/4/3/2/0/0/0/0/0,1,,,0.0000,INSUFFICIENT_SAMPLE
Candidate V4,Fortress_defense_pattern,FortressBot:rally:6/6/4/3/3/3/2/1/0/0,1,,,0.0000,INSUFFICIENT_SAMPLE
Candidate V4,Fortress_defense_pattern,FortressBot:rally:4/2/2/1/1/1/1/1/1/1,1,,,0.0000,INSUFFICIENT_SAMPLE
Candidate V4,Fortress_defense_pattern,FortressBot:rally:11/3/3/3/2/2/2/0/0/0,1,,,0.0000,INSUFFICIENT_SAMPLE
Candidate V4,Fortress_defense_pattern,FortressBot:rally:7/4/4/3/2/2/2/1/1/0,1,,,0.0000,INSUFFICIENT_SAMPLE
Candidate V4,Fortress_defense_pattern,FortressBot:rally:10/4/3/2/2/2/2/2/1/1,1,,,0.0000,INSUFFICIENT_SAMPLE
Candidate V4,Fortress_defense_pattern,FortressBot:rally:4/4/4/4/2/2/1/1/1/1,1,,,0.0000,INSUFFICIENT_SAMPLE
Candidate V4,Fortress_defense_pattern,FortressBot:rally:9/4/4/3/3/2/2/2/1/0,1,,,0.0000,INSUFFICIENT_SAMPLE
Candidate V4,Fortress_defense_pattern,FortressBot:rally:4/2/2/2/2/2/2/2/2/1,1,,,0.0000,INSUFFICIENT_SAMPLE
Candidate V4,Fortress_defense_pattern,FortressBot:rally:6/2/2/2/2/2/1/1/1/0,1,,,0.0000,INSUFFICIENT_SAMPLE
Candidate V4,Fortress_defense_pattern,FortressBot:rally:9/4/3/3/3/2/2/2/1/1,1,,,0.0000,INSUFFICIENT_SAMPLE
Candidate V4,Fortress_defense_pattern,FortressBot:rally:9/7/3/3/3/2/2/1/0/0,1,,,0.0000,INSUFFICIENT_SAMPLE
Candidate V4,Fortress_defense_pattern,FortressBot:rally:8/4/3/3/2/2/2/1/1/0,1,,,0.0000,INSUFFICIENT_SAMPLE
Candidate V4,Fortress_defense_pattern,FortressBot:rally:8/6/3/3/3/2/1/1/1/0,1,,,0.0000,INSUFFICIENT_SAMPLE
Candidate V4,Fortress_defense_pattern,FortressBot:rally:9/5/4/4/3/1/1/1/1/0,1,,,0.0000,INSUFFICIENT_SAMPLE
Candidate V4,Fortress_defense_pattern,FortressBot:rally:6/5/4/4/1/0/0/0/0/0,1,,,0.0000,INSUFFICIENT_SAMPLE
Candidate V4,Fortress_defense_pattern,FortressBot:rally:6/3/2/2/2/2/2/1/0/0,1,,,0.0000,INSUFFICIENT_SAMPLE
Candidate V4,Fortress_defense_pattern,FortressBot:rally:5/4/2/2/2/1/1/1/0/0,1,,,0.0000,INSUFFICIENT_SAMPLE
Candidate V4,Fortress_defense_pattern,FortressBot:rally:9/5/4/3/1/1/1/0/0/0,1,,,0.0000,INSUFFICIENT_SAMPLE
Candidate V4,Fortress_defense_pattern,FortressBot:rally:5/3/3/1/1/1/1/0/0/0,1,,,0.0000,INSUFFICIENT_SAMPLE
Candidate V4,Fortress_defense_pattern,FortressBot:rally:6/6/4/3/2/2/2/1/1/0,1,,,0.0000,INSUFFICIENT_SAMPLE
Candidate V4,Fortress_defense_pattern,FortressBot:rally:9/4/3/2/1/1/1/0/0/0,1,,,0.0000,INSUFFICIENT_SAMPLE
Candidate V4,Fortress_defense_pattern,FortressBot:rally:11/4/4/3/2/1/1/0/0/0,1,,,0.0000,INSUFFICIENT_SAMPLE
Candidate V4,Fortress_defense_pattern,FortressBot:rally:3/3/3/2/1/1/1/1/1/1,1,,,0.0000,INSUFFICIENT_SAMPLE
Candidate V4,Fortress_defense_pattern,FortressBot:rally:8/5/4/3/2/2/1/0/0/0,1,,,0.0000,INSUFFICIENT_SAMPLE
Candidate V4,Fortress_defense_pattern,FortressBot:rally:4/4/4/2/1/1/1/1/1/1,1,,,0.0000,INSUFFICIENT_SAMPLE
Candidate V4,Fortress_defense_pattern,FortressBot:rally:10/6/4/4/4/1/1/0/0/0,1,,,0.0000,INSUFFICIENT_SAMPLE
Candidate V4,Fortress_defense_pattern,FortressBot:rally:8/5/3/3/2/2/2/2/0/0,1,,,0.0000,INSUFFICIENT_SAMPLE
Candidate V4,Fortress_defense_pattern,FortressBot:rally:2/2/2/2/2/2/2/0/0/0,1,,,0.0000,INSUFFICIENT_SAMPLE
Candidate V4,Fortress_defense_pattern,FortressBot:rally:8/4/4/3/3/3/2/2/1/1,1,,,0.0000,INSUFFICIENT_SAMPLE
Candidate V4,Fortress_defense_pattern,FortressBot:rally:7/5/3/3/2/2/2/0/0/0,1,,,0.0000,INSUFFICIENT_SAMPLE
Candidate V4,Fortress_defense_pattern,FortressBot:rally:6/3/2/1/1/1/1/1/1/0,1,,,0.0000,INSUFFICIENT_SAMPLE
Candidate V4,Fortress_defense_pattern,FortressBot:rally:11/4/4/2/1/1/1/1/1/0,1,,,0.0000,INSUFFICIENT_SAMPLE
Candidate V4,Fortress_defense_pattern,FortressBot:rally:6/5/4/3/2/2/1/1/1/0,1,,,0.0000,INSUFFICIENT_SAMPLE
Candidate V4,Fortress_defense_pattern,FortressBot:rally:10/4/4/4/3/2/2/1/0/0,1,,,0.0000,INSUFFICIENT_SAMPLE
Candidate V4,Fortress_defense_pattern,FortressBot:rally:12/4/4/4/2/2/1/0/0/0,1,,,0.0000,INSUFFICIENT_SAMPLE
Candidate V4,Fortress_defense_pattern,FortressBot:rally:5/3/2/2/1/1/1/0/0/0,1,,,0.0000,INSUFFICIENT_SAMPLE
Candidate V4,Fortress_defense_pattern,FortressBot:rally:6/5/3/3/3/2/2/1/0/0,1,,,0.0000,INSUFFICIENT_SAMPLE
Candidate V4,Fortress_defense_pattern,FortressBot:rally:4/4/4/2/2/1/1/1/1/1,1,,,0.0000,INSUFFICIENT_SAMPLE
Candidate V4,Fortress_defense_pattern,FortressBot:rally:6/5/3/3/3/1/1/1/0/0,1,,,0.0000,INSUFFICIENT_SAMPLE
Candidate V4,Fortress_defense_pattern,FortressBot:rally:9/4/3/3/3/2/2/1/1/1,1,,,0.0000,INSUFFICIENT_SAMPLE
Candidate V4,Fortress_defense_pattern,FortressBot:service:5/4/0/0/0,1,,,0.0000,INSUFFICIENT_SAMPLE
Candidate V4,Fortress_defense_pattern,FortressBot:rally:8/8/4/4/4/2/2/1/1/0,1,,,0.0000,INSUFFICIENT_SAMPLE
Candidate V4,Fortress_defense_pattern,FortressBot:rally:7/7/4/3/3/2/2/1/0/0,1,,,0.0000,INSUFFICIENT_SAMPLE
Candidate V4,Fortress_defense_pattern,FortressBot:rally:8/4/4/3/3/2/2/1/1/0,1,,,0.0000,INSUFFICIENT_SAMPLE
Candidate V4,Fortress_defense_pattern,FortressBot:receive:4/4/2/2/2,1,,,0.0000,INSUFFICIENT_SAMPLE
Candidate V4,Fortress_defense_pattern,FortressBot:rally:5/3/3/3/3/2/1/1/0/0,1,,,0.0000,INSUFFICIENT_SAMPLE
Candidate V4,Fortress_defense_pattern,FortressBot:rally:9/4/4/4/3/1/1/1/0/0,1,,,0.0000,INSUFFICIENT_SAMPLE
Candidate V4,Fortress_defense_pattern,FortressBot:rally:6/5/4/3/3/2/2/1/1/1,1,,,0.0000,INSUFFICIENT_SAMPLE
Candidate V4,Fortress_defense_pattern,FortressBot:rally:6/3/2/2/1/1/0/0/0/0,1,,,0.0000,INSUFFICIENT_SAMPLE
Candidate V4,Fortress_defense_pattern,FortressBot:rally:9/4/4/3/3/1/1/1/1/0,1,,,0.0000,INSUFFICIENT_SAMPLE
Candidate V4,Fortress_defense_pattern,FortressBot:rally:7/4/4/2/2/2/2/2/1/0,1,,,0.0000,INSUFFICIENT_SAMPLE
Candidate V4,Fortress_defense_pattern,FortressBot:rally:4/3/2/1/1/1/1/1/1/1,1,,,0.0000,INSUFFICIENT_SAMPLE
Candidate V4,Fortress_defense_pattern,FortressBot:rally:4/2/2/2/2/2/2/1/1/0,1,,,0.0000,INSUFFICIENT_SAMPLE
Candidate V4,Fortress_defense_pattern,FortressBot:rally:5/5/3/2/2/2/2/2/0/0,1,,,0.0000,INSUFFICIENT_SAMPLE
Candidate V4,Fortress_defense_pattern,FortressBot:rally:4/4/3/1/1/1/1/1/0/0,1,,,0.0000,INSUFFICIENT_SAMPLE
Candidate V4,Fortress_defense_pattern,FortressBot:rally:4/4/2/2/1/1/1/1/0/0,1,,,0.0000,INSUFFICIENT_SAMPLE
Candidate V4,Fortress_defense_pattern,FortressBot:rally:8/5/3/3/3/2/2/1/0/0,1,,,0.0000,INSUFFICIENT_SAMPLE
Candidate V4,Fortress_defense_pattern,FortressBot:rally:6/6/2/2/2/2/1/0/0/0,1,,,0.0000,INSUFFICIENT_SAMPLE
Candidate V4,Fortress_defense_pattern,FortressBot:receive:4/4/3/3/0,1,,,0.0000,INSUFFICIENT_SAMPLE
Candidate V4,Fortress_defense_pattern,FortressBot:rally:6/5/4/4/3/3/2/1/0/0,1,,,0.0000,INSUFFICIENT_SAMPLE
Candidate V4,Fortress_defense_pattern,FortressBot:rally:4/4/4/4/3/1/1/1/1/0,1,,,0.0000,INSUFFICIENT_SAMPLE
Candidate V4,Fortress_defense_pattern,FortressBot:rally:8/7/4/3/3/3/1/0/0/0,1,,,0.0000,INSUFFICIENT_SAMPLE
Candidate V4,Fortress_defense_pattern,FortressBot:rally:4/4/3/2/2/2/2/2/2/1,1,,,0.0000,INSUFFICIENT_SAMPLE
Candidate V4,Fortress_defense_pattern,FortressBot:rally:9/4/3/3/3/2/2/2/1/0,1,,,0.0000,INSUFFICIENT_SAMPLE
Candidate V4,Fortress_defense_pattern,FortressBot:rally:5/4/2/2/2/1/0/0/0/0,1,,,0.0000,INSUFFICIENT_SAMPLE
Candidate V4,Fortress_defense_pattern,FortressBot:rally:8/7/4/3/3/2/1/0/0/0,1,,,0.0000,INSUFFICIENT_SAMPLE
Candidate V4,Fortress_defense_pattern,FortressBot:rally:7/3/3/3/1/1/1/1/0/0,1,,,0.0000,INSUFFICIENT_SAMPLE
Candidate V4,Fortress_defense_pattern,FortressBot:rally:9/5/3/3/2/2/2/1/0/0,1,,,0.0000,INSUFFICIENT_SAMPLE
Candidate V4,Fortress_defense_pattern,FortressBot:rally:5/5/4/4/3/2/0/0/0/0,1,,,0.0000,INSUFFICIENT_SAMPLE
Candidate V4,Fortress_defense_pattern,FortressBot:rally:6/5/4/4/4/2/2/1/1/1,1,,,0.0000,INSUFFICIENT_SAMPLE
Candidate V4,Fortress_defense_pattern,FortressBot:rally:5/2/2/0/0/0/0/0/0/0,1,,,0.0000,INSUFFICIENT_SAMPLE
Candidate V4,Fortress_defense_pattern,FortressBot:rally:9/4/4/4/3/3/2/2/1/1,1,,,0.0000,INSUFFICIENT_SAMPLE
Candidate V4,Fortress_defense_pattern,FortressBot:rally:10/4/4/4/2/0/0/0/0/0,1,,,0.0000,INSUFFICIENT_SAMPLE
Candidate V4,Fortress_defense_pattern,FortressBot:rally:6/5/3/2/2/2/2/1/1/1,1,,,0.0000,INSUFFICIENT_SAMPLE
Candidate V4,Fortress_defense_pattern,FortressBot:receive:4/3/0/0/0,1,,,0.0000,INSUFFICIENT_SAMPLE
Candidate V4,Fortress_defense_pattern,FortressBot:rally:6/3/2/2/2/2/1/0/0/0,1,,,0.0000,INSUFFICIENT_SAMPLE
Candidate V4,Fortress_defense_pattern,FortressBot:rally:8/4/3/3/2/0/0/0/0/0,1,,,0.0000,INSUFFICIENT_SAMPLE
Candidate V4,Fortress_defense_pattern,FortressBot:rally:3/3/2/2/2/2/2/0/0/0,1,,,0.0000,INSUFFICIENT_SAMPLE
Candidate V4,Fortress_defense_pattern,FortressBot:rally:8/8/4/3/3/2/1/0/0/0,1,,,0.0000,INSUFFICIENT_SAMPLE
Candidate V4,Fortress_defense_pattern,FortressBot:rally:7/3/3/3/2/2/1/0/0/0,1,,,0.0000,INSUFFICIENT_SAMPLE
Candidate V4,Fortress_defense_pattern,FortressBot:rally:4/3/3/3/3/3/3/0/0/0,1,,,0.0000,INSUFFICIENT_SAMPLE
Candidate V4,Fortress_defense_pattern,FortressBot:rally:11/4/3/2/1/1/1/1/0/0,1,,,0.0000,INSUFFICIENT_SAMPLE
Candidate V4,Fortress_defense_pattern,FortressBot:rally:7/4/4/3/3/2/1/1/0/0,1,,,0.0000,INSUFFICIENT_SAMPLE
Candidate V4,Fortress_defense_pattern,FortressBot:rally:4/2/1/1/1/1/1/1/1/1,1,,,0.0000,INSUFFICIENT_SAMPLE
Candidate V4,Fortress_defense_pattern,FortressBot:rally:9/5/3/3/2/2/2/1/1/0,1,,,0.0000,INSUFFICIENT_SAMPLE
Candidate V4,Fortress_defense_pattern,FortressBot:rally:8/4/4/3/3/1/1/0/0/0,1,,,0.0000,INSUFFICIENT_SAMPLE
Candidate V4,Fortress_defense_pattern,FortressBot:rally:7/7/3/3/2/2/0/0/0/0,1,,,0.0000,INSUFFICIENT_SAMPLE
Candidate V4,Fortress_defense_pattern,FortressBot:receive:5/0/0/0/0,1,,,0.0000,INSUFFICIENT_SAMPLE
Candidate V4,Fortress_defense_pattern,FortressBot:rally:11/3/3/2/1/1/1/1/0/0,1,,,0.0000,INSUFFICIENT_SAMPLE
Candidate V4,Fortress_defense_pattern,FortressBot:rally:7/5/4/4/2/2/1/1/0/0,1,,,0.0000,INSUFFICIENT_SAMPLE
Candidate V4,Fortress_defense_pattern,FortressBot:rally:10/4/4/3/3/1/1/1/1/1,1,,,0.0000,INSUFFICIENT_SAMPLE
Candidate V4,Fortress_defense_pattern,FortressBot:rally:5/3/3/2/2/1/0/0/0/0,1,,,0.0000,INSUFFICIENT_SAMPLE
Candidate V4,Fortress_defense_pattern,FortressBot:rally:9/4/3/3/2/2/1/1/0/0,1,,,0.0000,INSUFFICIENT_SAMPLE
Candidate V4,Fortress_defense_pattern,FortressBot:rally:9/4/3/3/3/2/2/1/0/0,1,,,0.0000,INSUFFICIENT_SAMPLE
Candidate V4,Fortress_defense_pattern,FortressBot:rally:7/3/2/2/1/1/1/1/1/1,1,,,0.0000,INSUFFICIENT_SAMPLE
Candidate V4,Fortress_defense_pattern,FortressBot:rally:9/4/3/3/2/2/2/0/0/0,1,,,0.0000,INSUFFICIENT_SAMPLE
Candidate V4,Fortress_defense_pattern,FortressBot:rally:8/3/3/2/1/1/1/1/1/0,1,,,0.0000,INSUFFICIENT_SAMPLE
Candidate V4,Fortress_defense_pattern,FortressBot:rally:5/3/2/1/1/1/1/1/0/0,1,,,0.0000,INSUFFICIENT_SAMPLE
Candidate V4,Fortress_defense_pattern,FortressBot:rally:7/6/3/3/2/2/2/1/0/0,1,,,0.0000,INSUFFICIENT_SAMPLE
Candidate V4,Fortress_defense_pattern,FortressBot:rally:6/3/3/2/1/1/1/0/0/0,1,,,0.0000,INSUFFICIENT_SAMPLE
Candidate V4,Fortress_defense_pattern,FortressBot:rally:3/3/3/3/2/2/1/0/0/0,1,,,0.0000,INSUFFICIENT_SAMPLE
Candidate V4,Fortress_defense_pattern,FortressBot:rally:7/4/3/3/2/2/1/1/1/1,1,,,0.0000,INSUFFICIENT_SAMPLE
Candidate V4,Fortress_defense_pattern,FortressBot:rally:4/3/3/2/1/0/0/0/0/0,1,,,0.0000,INSUFFICIENT_SAMPLE
Candidate V4,Fortress_defense_pattern,FortressBot:rally:9/4/4/3/3/0/0/0/0/0,1,,,0.0000,INSUFFICIENT_SAMPLE
Candidate V4,Fortress_defense_pattern,FortressBot:rally:6/5/4/3/3/2/1/1/1/0,1,,,0.0000,INSUFFICIENT_SAMPLE
Candidate V4,Fortress_defense_pattern,FortressBot:rally:5/5/3/3/3/3/0/0/0/0,1,,,0.0000,INSUFFICIENT_SAMPLE
Candidate V4,Fortress_defense_pattern,FortressBot:rally:6/4/4/3/2/2/2/1/1/0,1,,,0.0000,INSUFFICIENT_SAMPLE
Candidate V4,Fortress_defense_pattern,FortressBot:rally:6/3/3/2/1/1/1/1/0/0,1,,,0.0000,INSUFFICIENT_SAMPLE
Candidate V4,Fortress_defense_pattern,FortressBot:rally:3/3/3/1/1/1/1/1/1/0,1,,,0.0000,INSUFFICIENT_SAMPLE
Candidate V4,Fortress_defense_pattern,FortressBot:rally:6/3/2/2/2/2/2/2/1/1,1,,,0.0000,INSUFFICIENT_SAMPLE
Candidate V4,Fortress_defense_pattern,FortressBot:rally:6/2/2/2/2/1/1/0/0/0,1,,,0.0000,INSUFFICIENT_SAMPLE
Candidate V4,Fortress_defense_pattern,FortressBot:rally:5/2/2/2/1/1/0/0/0/0,1,,,0.0000,INSUFFICIENT_SAMPLE
Candidate V4,Fortress_defense_pattern,FortressBot:rally:7/6/4/3/2/2/2/2/1/1,1,,,0.0000,INSUFFICIENT_SAMPLE
Candidate V4,Fortress_defense_pattern,FortressBot:rally:6/4/3/3/3/3/2/1/0/0,1,,,0.0000,INSUFFICIENT_SAMPLE
Candidate V4,Fortress_defense_pattern,FortressBot:rally:6/6/4/3/3/1/0/0/0/0,1,,,0.0000,INSUFFICIENT_SAMPLE
Candidate V4,Fortress_defense_pattern,FortressBot:rally:6/6/4/4/3/2/2/1/1/0,1,,,0.0000,INSUFFICIENT_SAMPLE
Candidate V4,Fortress_defense_pattern,FortressBot:rally:7/3/3/3/3/1/0/0/0/0,1,,,0.0000,INSUFFICIENT_SAMPLE
Candidate V4,Fortress_defense_pattern,FortressBot:rally:5/4/2/1/1/1/1/1/0/0,1,,,0.0000,INSUFFICIENT_SAMPLE
Candidate V4,Fortress_defense_pattern,FortressBot:rally:7/4/2/2/2/2/2/1/1/0,1,,,0.0000,INSUFFICIENT_SAMPLE
Candidate V4,Fortress_defense_pattern,FortressBot:rally:12/3/3/3/2/1/0/0/0/0,1,,,0.0000,INSUFFICIENT_SAMPLE
Candidate V4,Fortress_defense_pattern,FortressBot:rally:6/5/4/4/3/3/1/1/1/1,1,,,0.0000,INSUFFICIENT_SAMPLE
Candidate V4,Fortress_defense_pattern,FortressBot:rally:8/4/4/4/2/2/0/0/0/0,1,,,0.0000,INSUFFICIENT_SAMPLE
Candidate V4,Fortress_defense_pattern,FortressBot:rally:5/4/4/4/4/1/1/1/0/0,1,,,0.0000,INSUFFICIENT_SAMPLE
Candidate V4,Fortress_defense_pattern,FortressBot:rally:7/6/3/3/3/1/0/0/0/0,1,,,0.0000,INSUFFICIENT_SAMPLE
Candidate V4,Fortress_defense_pattern,FortressBot:rally:6/2/1/1/1/1/1/0/0/0,1,,,0.0000,INSUFFICIENT_SAMPLE
Candidate V4,Fortress_defense_pattern,FortressBot:rally:4/4/3/2/2/1/0/0/0/0,1,,,0.0000,INSUFFICIENT_SAMPLE
Candidate V4,Fortress_defense_pattern,FortressBot:rally:6/5/2/2/2/2/1/0/0/0,1,,,0.0000,INSUFFICIENT_SAMPLE
Candidate V4,Fortress_defense_pattern,FortressBot:receive:4/4/4/2/0,1,,,0.0000,INSUFFICIENT_SAMPLE
Candidate V4,Fortress_defense_pattern,FortressBot:rally:10/7/4/4/3/1/1/1/0/0,1,,,0.0000,INSUFFICIENT_SAMPLE
Candidate V4,Fortress_defense_pattern,FortressBot:rally:8/6/4/3/3/2/1/1/0/0,1,,,0.0000,INSUFFICIENT_SAMPLE
Candidate V4,Fortress_defense_pattern,FortressBot:rally:4/2/2/2/1/1/1/1/1/1,1,,,0.0000,INSUFFICIENT_SAMPLE
Candidate V4,Fortress_defense_pattern,FortressBot:rally:7/6/3/2/2/2/1/0/0/0,1,,,0.0000,INSUFFICIENT_SAMPLE
Candidate V4,Fortress_defense_pattern,FortressBot:rally:10/4/4/2/1/1/1/0/0/0,1,,,0.0000,INSUFFICIENT_SAMPLE
Candidate V4,Fortress_defense_pattern,FortressBot:rally:7/5/2/2/2/2/2/2/0/0,1,,,0.0000,INSUFFICIENT_SAMPLE
Candidate V4,Fortress_defense_pattern,FortressBot:rally:9/4/3/2/1/1/0/0/0/0,1,,,0.0000,INSUFFICIENT_SAMPLE
Candidate V4,Fortress_defense_pattern,FortressBot:rally:5/4/3/1/1/1/1/1/1/0,1,,,0.0000,INSUFFICIENT_SAMPLE
Candidate V4,Fortress_defense_pattern,FortressBot:rally:9/5/4/3/3/1/1/0/0/0,1,,,0.0000,INSUFFICIENT_SAMPLE
Candidate V4,Fortress_defense_pattern,FortressBot:rally:11/3/3/3/1/1/0/0/0/0,1,,,0.0000,INSUFFICIENT_SAMPLE
Candidate V4,Fortress_defense_pattern,FortressBot:rally:7/3/3/2/2/2/2/2/1/1,1,,,0.0000,INSUFFICIENT_SAMPLE
Candidate V4,Fortress_defense_pattern,FortressBot:rally:4/4/2/1/1/1/1/1/1/0,1,,,0.0000,INSUFFICIENT_SAMPLE
Candidate V4,Fortress_defense_pattern,FortressBot:rally:5/5/3/3/3/2/2/0/0/0,1,,,0.0000,INSUFFICIENT_SAMPLE
Candidate V4,Fortress_defense_pattern,FortressBot:rally:7/4/4/4/1/1/0/0/0/0,1,,,0.0000,INSUFFICIENT_SAMPLE
Candidate V4,Fortress_defense_pattern,FortressBot:rally:6/6/4/3/2/2/1/1/1/1,1,,,0.0000,INSUFFICIENT_SAMPLE
Candidate V4,Fortress_defense_pattern,FortressBot:rally:8/5/4/3/3/2/1/1/0/0,1,,,0.0000,INSUFFICIENT_SAMPLE
Candidate V4,Fortress_defense_pattern,FortressBot:rally:7/5/4/3/3/2/1/1/1/0,1,,,0.0000,INSUFFICIENT_SAMPLE
Candidate V4,Fortress_defense_pattern,FortressBot:rally:9/6/3/3/2/2/1/0/0/0,1,,,0.0000,INSUFFICIENT_SAMPLE
Candidate V4,Fortress_defense_pattern,FortressBot:rally:9/6/3/3/3/2/2/1/1/0,1,,,0.0000,INSUFFICIENT_SAMPLE
Candidate V4,Fortress_defense_pattern,FortressBot:rally:6/4/4/4/3/1/1/0/0/0,1,,,0.0000,INSUFFICIENT_SAMPLE
Candidate V4,Fortress_defense_pattern,FortressBot:rally:7/6/4/3/1/1/1/0/0/0,1,,,0.0000,INSUFFICIENT_SAMPLE
Candidate V4,Fortress_defense_pattern,FortressBot:rally:8/6/4/4/2/2/1/1/1/0,1,,,0.0000,INSUFFICIENT_SAMPLE
Candidate V4,Fortress_defense_pattern,FortressBot:rally:3/2/0/0/0/0/0/0/0/0,1,,,0.0000,INSUFFICIENT_SAMPLE
Candidate V4,Fortress_defense_pattern,FortressBot:rally:7/6/4/4/1/1/0/0/0/0,1,,,0.0000,INSUFFICIENT_SAMPLE
Candidate V4,Fortress_defense_pattern,FortressBot:rally:5/4/4/3/3/1/1/1/1/1,1,,,0.0000,INSUFFICIENT_SAMPLE
Candidate V4,Fortress_defense_pattern,FortressBot:rally:9/4/3/2/2/2/2/2/1/0,1,,,0.0000,INSUFFICIENT_SAMPLE
Candidate V4,Fortress_defense_pattern,FortressBot:rally:3/3/3/2/2/2/2/2/2/0,1,,,0.0000,INSUFFICIENT_SAMPLE
Candidate V4,Fortress_defense_pattern,FortressBot:rally:8/3/2/1/1/1/1/0/0/0,1,,,0.0000,INSUFFICIENT_SAMPLE
Candidate V4,Fortress_defense_pattern,FortressBot:rally:5/5/3/3/3/3/2/1/0/0,1,,,0.0000,INSUFFICIENT_SAMPLE
Candidate V4,Fortress_defense_pattern,FortressBot:rally:6/2/2/2/1/0/0/0/0/0,1,,,0.0000,INSUFFICIENT_SAMPLE
Candidate V4,Fortress_defense_pattern,FortressBot:rally:4/3/3/1/1/1/1/1/1/0,1,,,0.0000,INSUFFICIENT_SAMPLE
Candidate V4,Fortress_defense_pattern,FortressBot:rally:7/3/3/3/2/1/1/1/0/0,1,,,0.0000,INSUFFICIENT_SAMPLE
Candidate V4,Fortress_defense_pattern,FortressBot:rally:5/4/2/2/1/1/1/1/1/0,1,,,0.0000,INSUFFICIENT_SAMPLE
Candidate V4,Fortress_defense_pattern,FortressBot:rally:5/4/4/4/3/2/2/2/1/1,1,,,0.0000,INSUFFICIENT_SAMPLE
Candidate V4,Fortress_defense_pattern,FortressBot:rally:7/4/3/3/2/2/0/0/0/0,1,,,0.0000,INSUFFICIENT_SAMPLE
Candidate V4,Fortress_defense_pattern,FortressBot:receive:5/3/0/0/0,1,,,0.0000,INSUFFICIENT_SAMPLE
Candidate V4,Fortress_defense_pattern,FortressBot:rally:4/3/1/1/1/0/0/0/0/0,1,,,0.0000,INSUFFICIENT_SAMPLE
Candidate V4,Fortress_defense_pattern,FortressBot:rally:8/4/3/3/3/0/0/0/0/0,1,,,0.0000,INSUFFICIENT_SAMPLE
Candidate V4,Fortress_defense_pattern,FortressBot:rally:8/6/4/3/3/3/2/0/0/0,1,,,0.0000,INSUFFICIENT_SAMPLE
Candidate V4,Fortress_defense_pattern,FortressBot:rally:6/3/3/2/1/0/0/0/0/0,1,,,0.0000,INSUFFICIENT_SAMPLE
Candidate V4,Fortress_defense_pattern,FortressBot:rally:7/4/4/3/2/2/2/1/1/1,1,,,0.0000,INSUFFICIENT_SAMPLE
Candidate V4,Fortress_defense_pattern,FortressBot:rally:7/5/4/4/1/1/1/1/1/0,1,,,0.0000,INSUFFICIENT_SAMPLE
Candidate V4,Fortress_defense_pattern,FortressBot:rally:5/5/4/3/3/2/1/1/1/0,1,,,0.0000,INSUFFICIENT_SAMPLE
Candidate V4,Fortress_defense_pattern,FortressBot:rally:7/6/3/3/3/3/2/1/0/0,1,,,0.0000,INSUFFICIENT_SAMPLE
Candidate V4,Fortress_defense_pattern,FortressBot:rally:7/4/4/4/2/2/2/2/1/1,1,,,0.0000,INSUFFICIENT_SAMPLE
Candidate V4,Fortress_defense_pattern,FortressBot:rally:6/4/4/3/2/2/1/1/1/1,1,,,0.0000,INSUFFICIENT_SAMPLE
Candidate V4,Fortress_defense_pattern,FortressBot:rally:10/6/4/4/3/2/1/1/0/0,1,,,0.0000,INSUFFICIENT_SAMPLE
Candidate V4,Fortress_defense_pattern,FortressBot:rally:5/2/1/1/1/1/1/1/1/1,1,,,0.0000,INSUFFICIENT_SAMPLE
Candidate V4,Fortress_defense_pattern,FortressBot:rally:4/3/3/2/2/2/0/0/0/0,1,,,0.0000,INSUFFICIENT_SAMPLE
Candidate V4,Fortress_defense_pattern,FortressBot:rally:7/4/4/2/2/2/1/1/1/1,1,,,0.0000,INSUFFICIENT_SAMPLE
Candidate V4,Fortress_defense_pattern,FortressBot:rally:6/6/4/4/3/2/1/1/0/0,1,,,0.0000,INSUFFICIENT_SAMPLE
Candidate V4,Fortress_defense_pattern,FortressBot:rally:6/4/3/3/3/2/1/1/1/1,1,,,0.0000,INSUFFICIENT_SAMPLE
Candidate V4,Fortress_defense_pattern,FortressBot:rally:10/8/4/4/3/1/1/0/0/0,1,,,0.0000,INSUFFICIENT_SAMPLE
Candidate V4,Fortress_defense_pattern,FortressBot:rally:8/4/4/4/3/2/2/1/1/1,1,,,0.0000,INSUFFICIENT_SAMPLE
Candidate V4,Fortress_defense_pattern,FortressBot:rally:4/3/2/2/2/2/2/0/0/0,1,,,0.0000,INSUFFICIENT_SAMPLE
Candidate V4,Fortress_defense_pattern,FortressBot:rally:6/4/4/3/2/2/2/1/1/1,1,,,0.0000,INSUFFICIENT_SAMPLE
Candidate V4,Fortress_defense_pattern,FortressBot:rally:5/4/4/3/3/3/2/1/1/0,1,,,0.0000,INSUFFICIENT_SAMPLE
Candidate V4,Fortress_defense_pattern,FortressBot:rally:6/5/4/4/2/2/1/1/0/0,1,,,0.0000,INSUFFICIENT_SAMPLE
Candidate V4,Fortress_defense_pattern,FortressBot:rally:11/3/3/2/2/1/1/0/0/0,1,,,0.0000,INSUFFICIENT_SAMPLE
Candidate V4,Fortress_defense_pattern,FortressBot:rally:6/4/4/3/3/2/2/1/1/1,1,,,0.0000,INSUFFICIENT_SAMPLE
Candidate V4,Fortress_defense_pattern,FortressBot:rally:4/4/3/2/2/1/1/1/1/1,1,,,0.0000,INSUFFICIENT_SAMPLE
Candidate V4,Fortress_defense_pattern,FortressBot:rally:10/4/3/2/2/2/0/0/0/0,1,,,0.0000,INSUFFICIENT_SAMPLE
Candidate V4,Fortress_defense_pattern,FortressBot:rally:9/7/4/4/2/2/1/0/0/0,1,,,0.0000,INSUFFICIENT_SAMPLE
Candidate V4,Fortress_defense_pattern,FortressBot:rally:8/6/3/3/3/3/2/1/1/0,1,,,0.0000,INSUFFICIENT_SAMPLE
Candidate V4,Fortress_defense_pattern,FortressBot:rally:6/5/4/3/3/2/1/0/0/0,1,,,0.0000,INSUFFICIENT_SAMPLE
Candidate V4,Fortress_defense_pattern,FortressBot:rally:6/3/2/2/2/1/1/1/1/1,1,,,0.0000,INSUFFICIENT_SAMPLE
Candidate V4,Fortress_defense_pattern,FortressBot:rally:9/3/3/2/1/1/1/0/0/0,1,,,0.0000,INSUFFICIENT_SAMPLE
Candidate V4,Fortress_defense_pattern,FortressBot:rally:7/5/3/3/3/3/2/1/1/0,1,,,0.0000,INSUFFICIENT_SAMPLE
Candidate V4,Fortress_defense_pattern,FortressBot:rally:5/4/2/2/2/1/1/1/1/0,1,,,0.0000,INSUFFICIENT_SAMPLE
Candidate V4,Fortress_defense_pattern,FortressBot:rally:7/7/4/4/3/2/2/1/0/0,1,,,0.0000,INSUFFICIENT_SAMPLE
Candidate V4,Fortress_defense_pattern,FortressBot:rally:5/5/4/4/3/2/1/0/0/0,1,,,0.0000,INSUFFICIENT_SAMPLE
Candidate V4,Fortress_defense_pattern,FortressBot:rally:7/7/4/3/3/1/0/0/0/0,1,,,0.0000,INSUFFICIENT_SAMPLE
Candidate V4,Fortress_defense_pattern,FortressBot:rally:5/3/3/3/2/1/1/0/0/0,1,,,0.0000,INSUFFICIENT_SAMPLE
Candidate V4,Fortress_defense_pattern,FortressBot:rally:9/5/4/3/3/2/2/0/0/0,1,,,0.0000,INSUFFICIENT_SAMPLE
Candidate V4,Fortress_defense_pattern,FortressBot:rally:10/4/4/2/2/2/2/1/1/1,1,,,0.0000,INSUFFICIENT_SAMPLE
Candidate V4,Fortress_defense_pattern,FortressBot:rally:8/5/4/4/2/1/1/1/1/0,1,,,0.0000,INSUFFICIENT_SAMPLE
Candidate V4,Fortress_defense_pattern,FortressBot:rally:7/6/3/3/2/2/1/1/0/0,1,,,0.0000,INSUFFICIENT_SAMPLE
Candidate V4,Fortress_defense_pattern,FortressBot:rally:3/2/2/2/2/1/1/1/1/1,1,,,0.0000,INSUFFICIENT_SAMPLE
Candidate V4,Fortress_defense_pattern,FortressBot:rally:2/2/2/2/2/2/1/1/0/0,1,,,0.0000,INSUFFICIENT_SAMPLE
Candidate V4,Fortress_defense_pattern,FortressBot:rally:7/5/2/2/2/2/2/1/1/0,1,,,0.0000,INSUFFICIENT_SAMPLE
Candidate V4,Fortress_defense_pattern,FortressBot:rally:8/5/4/4/3/2/1/1/1/1,1,,,0.0000,INSUFFICIENT_SAMPLE
Candidate V4,Fortress_defense_pattern,FortressBot:rally:8/8/4/4/2/2/1/1/0/0,1,,,0.0000,INSUFFICIENT_SAMPLE
Candidate V4,Fortress_defense_pattern,FortressBot:rally:7/6/4/3/3/1/1/1/0/0,1,,,0.0000,INSUFFICIENT_SAMPLE
Candidate V4,Fortress_defense_pattern,FortressBot:rally:4/4/2/2/1/1/0/0/0/0,1,,,0.0000,INSUFFICIENT_SAMPLE
Candidate V4,Fortress_defense_pattern,FortressBot:rally:3/3/3/3/3/2/1/1/0/0,1,,,0.0000,INSUFFICIENT_SAMPLE
Candidate V4,Fortress_defense_pattern,FortressBot:rally:12/3/3/2/1/1/1/1/0/0,1,,,0.0000,INSUFFICIENT_SAMPLE
Candidate V4,Fortress_defense_pattern,FortressBot:rally:11/4/4/1/1/1/0/0/0/0,1,,,0.0000,INSUFFICIENT_SAMPLE
Candidate V4,Fortress_defense_pattern,FortressBot:rally:9/5/4/3/2/2/2/2/0/0,1,,,0.0000,INSUFFICIENT_SAMPLE
Candidate V4,Fortress_defense_pattern,FortressBot:rally:10/7/4/3/3/2/1/0/0/0,1,,,0.0000,INSUFFICIENT_SAMPLE
Candidate V4,Fortress_defense_pattern,FortressBot:rally:8/5/4/4/2/2/2/0/0/0,1,,,0.0000,INSUFFICIENT_SAMPLE
Candidate V4,Fortress_defense_pattern,FortressBot:rally:8/4/4/4/2/1/1/0/0/0,1,,,0.0000,INSUFFICIENT_SAMPLE
Candidate V4,Fortress_defense_pattern,FortressBot:rally:7/7/4/4/3/1/1/0/0/0,1,,,0.0000,INSUFFICIENT_SAMPLE
Candidate V4,Fortress_defense_pattern,FortressBot:rally:9/4/2/2/2/1/1/0/0/0,1,,,0.0000,INSUFFICIENT_SAMPLE
Candidate V4,Fortress_defense_pattern,FortressBot:rally:8/4/4/4/2/1/1/1/1/1,1,,,0.0000,INSUFFICIENT_SAMPLE
Candidate V4,Fortress_defense_pattern,FortressBot:rally:10/4/2/1/1/1/1/1/0/0,1,,,0.0000,INSUFFICIENT_SAMPLE
Candidate V4,Fortress_defense_pattern,FortressBot:rally:7/4/3/3/3/3/2/2/1/1,1,,,0.0000,INSUFFICIENT_SAMPLE
Candidate V4,Fortress_defense_pattern,FortressBot:rally:6/4/2/2/2/1/1/1/0/0,1,,,0.0000,INSUFFICIENT_SAMPLE
Candidate V4,Fortress_defense_pattern,FortressBot:rally:11/4/4/4/2/2/1/1/1/0,1,,,0.0000,INSUFFICIENT_SAMPLE
Candidate V4,Fortress_defense_pattern,FortressBot:rally:8/4/4/3/2/2/1/1/1/0,1,,,0.0000,INSUFFICIENT_SAMPLE
Candidate V4,Fortress_defense_pattern,FortressBot:rally:8/4/2/2/2/1/1/0/0/0,1,,,0.0000,INSUFFICIENT_SAMPLE
Candidate V4,Fortress_defense_pattern,FortressBot:rally:10/4/4/2/2/1/1/1/0/0,1,,,0.0000,INSUFFICIENT_SAMPLE
Candidate V4,Fortress_defense_pattern,FortressBot:rally:10/6/4/4/2/1/1/0/0/0,1,,,0.0000,INSUFFICIENT_SAMPLE
Candidate V4,Fortress_defense_pattern,FortressBot:rally:5/3/3/3/3/3/2/0/0/0,1,,,0.0000,INSUFFICIENT_SAMPLE
Candidate V4,Fortress_defense_pattern,FortressBot:rally:7/4/4/2/2/2/2/0/0/0,1,,,0.0000,INSUFFICIENT_SAMPLE
Candidate V4,Fortress_defense_pattern,FortressBot:rally:6/6/4/4/3/2/2/1/1/1,1,,,0.0000,INSUFFICIENT_SAMPLE
Candidate V4,Fortress_defense_pattern,FortressBot:rally:7/4/3/3/3/3/2/2/2/0,1,,,0.0000,INSUFFICIENT_SAMPLE
Candidate V4,Fortress_defense_pattern,FortressBot:rally:9/4/3/2/2/0/0/0/0/0,1,,,0.0000,INSUFFICIENT_SAMPLE
Candidate V4,Fortress_defense_pattern,FortressBot:rally:12/4/2/2/2/2/0/0/0/0,1,,,0.0000,INSUFFICIENT_SAMPLE
Candidate V4,Fortress_defense_pattern,FortressBot:rally:5/5/3/3/2/1/1/0/0/0,1,,,0.0000,INSUFFICIENT_SAMPLE
Candidate V4,Fortress_defense_pattern,FortressBot:rally:9/6/4/4/2/1/1/0/0/0,1,,,0.0000,INSUFFICIENT_SAMPLE
Candidate V4,Fortress_defense_pattern,FortressBot:rally:7/5/4/3/1/1/0/0/0/0,1,,,0.0000,INSUFFICIENT_SAMPLE
Candidate V4,Fortress_defense_pattern,FortressBot:rally:6/5/4/3/3/2/1/1/1/1,1,,,0.0000,INSUFFICIENT_SAMPLE
Candidate V4,Fortress_defense_pattern,FortressBot:rally:6/4/3/3/3/3/3/2/2/0,1,,,0.0000,INSUFFICIENT_SAMPLE
Candidate V4,Fortress_defense_pattern,FortressBot:rally:12/4/3/2/2/1/1/0/0/0,1,,,0.0000,INSUFFICIENT_SAMPLE
Candidate V4,Fortress_defense_pattern,FortressBot:rally:6/5/4/2/2/1/0/0/0/0,1,,,0.0000,INSUFFICIENT_SAMPLE
Candidate V4,Fortress_defense_pattern,FortressBot:rally:5/3/3/3/2/2/1/0/0/0,1,,,0.0000,INSUFFICIENT_SAMPLE
Candidate V4,Fortress_defense_pattern,FortressBot:rally:3/3/2/2/1/0/0/0/0/0,1,,,0.0000,INSUFFICIENT_SAMPLE
Candidate V4,Fortress_defense_pattern,FortressBot:rally:5/3/2/2/2/2/2/1/1/0,1,,,0.0000,INSUFFICIENT_SAMPLE
Candidate V4,Fortress_defense_pattern,FortressBot:rally:4/4/4/2/2/2/2/2/1/1,1,,,0.0000,INSUFFICIENT_SAMPLE
Candidate V4,Fortress_defense_pattern,FortressBot:rally:9/4/4/3/3/3/2/1/1/0,1,,,0.0000,INSUFFICIENT_SAMPLE
Candidate V4,Fortress_defense_pattern,FortressBot:rally:4/3/3/2/2/2/2/2/2/1,1,,,0.0000,INSUFFICIENT_SAMPLE
Candidate V4,Fortress_defense_pattern,FortressBot:rally:8/4/3/3/3/2/1/1/1/0,1,,,0.0000,INSUFFICIENT_SAMPLE
Candidate V4,Fortress_defense_pattern,FortressBot:rally:5/3/2/2/2/2/2/1/0/0,1,,,0.0000,INSUFFICIENT_SAMPLE
Candidate V4,Fortress_defense_pattern,FortressBot:rally:10/3/2/2/2/2/1/1/0/0,1,,,0.0000,INSUFFICIENT_SAMPLE
Candidate V4,Fortress_defense_pattern,FortressBot:rally:6/5/4/4/3/3/1/1/1/0,1,,,0.0000,INSUFFICIENT_SAMPLE
Candidate V4,Fortress_defense_pattern,FortressBot:rally:6/3/2/2/1/1/1/1/1/1,1,,,0.0000,INSUFFICIENT_SAMPLE
Candidate V4,Fortress_defense_pattern,FortressBot:rally:11/3/3/3/2/1/1/0/0/0,1,,,0.0000,INSUFFICIENT_SAMPLE
Candidate V4,Fortress_defense_pattern,FortressBot:rally:6/4/4/4/2/2/2/2/1/0,1,,,0.0000,INSUFFICIENT_SAMPLE
Candidate V4,Fortress_defense_pattern,FortressBot:rally:4/3/2/2/1/0/0/0/0/0,1,,,0.0000,INSUFFICIENT_SAMPLE
Candidate V4,Fortress_defense_pattern,FortressBot:rally:11/4/3/1/1/1/1/1/0/0,1,,,0.0000,INSUFFICIENT_SAMPLE
Candidate V4,Fortress_defense_pattern,FortressBot:rally:7/2/2/2/2/2/2/1/0/0,1,,,0.0000,INSUFFICIENT_SAMPLE
Candidate V4,Fortress_defense_pattern,FortressBot:rally:4/3/3/2/2/1/0/0/0/0,1,,,0.0000,INSUFFICIENT_SAMPLE
Candidate V4,Fortress_defense_pattern,FortressBot:rally:7/4/4/2/2/2/2/1/1/0,1,,,0.0000,INSUFFICIENT_SAMPLE
Candidate V4,Fortress_defense_pattern,FortressBot:rally:10/4/3/3/3/2/1/0/0/0,1,,,0.0000,INSUFFICIENT_SAMPLE
Candidate V4,Fortress_defense_pattern,FortressBot:rally:9/4/3/3/2/2/2/2/1/0,1,,,0.0000,INSUFFICIENT_SAMPLE
Candidate V4,Fortress_defense_pattern,FortressBot:rally:4/4/4/3/3/3/1/0/0/0,1,,,0.0000,INSUFFICIENT_SAMPLE
Candidate V4,Fortress_defense_pattern,FortressBot:rally:6/5/3/3/3/2/2/0/0/0,1,,,0.0000,INSUFFICIENT_SAMPLE
Candidate V4,Fortress_defense_pattern,FortressBot:rally:9/4/2/2/2/1/0/0/0/0,1,,,0.0000,INSUFFICIENT_SAMPLE
Candidate V4,Fortress_defense_pattern,FortressBot:rally:8/6/4/3/2/2/2/1/1/0,1,,,0.0000,INSUFFICIENT_SAMPLE
Candidate V4,Fortress_defense_pattern,FortressBot:rally:9/3/3/3/3/2/2/1/0/0,1,,,0.0000,INSUFFICIENT_SAMPLE
Candidate V4,Fortress_defense_pattern,FortressBot:rally:8/7/4/4/4/1/1/1/0/0,1,,,0.0000,INSUFFICIENT_SAMPLE
Candidate V4,Fortress_defense_pattern,FortressBot:rally:9/6/4/3/3/2/0/0/0/0,1,,,0.0000,INSUFFICIENT_SAMPLE
Candidate V4,Fortress_defense_pattern,FortressBot:rally:3/3/2/2/2/2/2/2/0/0,1,,,0.0000,INSUFFICIENT_SAMPLE
Candidate V4,Fortress_defense_pattern,FortressBot:rally:8/6/4/3/3/2/1/1/1/1,1,,,0.0000,INSUFFICIENT_SAMPLE
Candidate V4,Fortress_defense_pattern,FortressBot:rally:9/2/2/2/2/2/1/0/0/0,1,,,0.0000,INSUFFICIENT_SAMPLE
Candidate V4,Fortress_defense_pattern,FortressBot:rally:6/2/2/2/2/2/2/1/1/1,1,,,0.0000,INSUFFICIENT_SAMPLE
Candidate V4,Fortress_defense_pattern,FortressBot:rally:5/5/3/2/2/2/2/2/1/0,1,,,0.0000,INSUFFICIENT_SAMPLE
Candidate V4,Fortress_defense_pattern,FortressBot:rally:7/3/2/2/2/1/1/1/1/1,1,,,0.0000,INSUFFICIENT_SAMPLE
Candidate V4,Fortress_defense_pattern,FortressBot:rally:10/4/3/3/3/2/2/0/0/0,1,,,0.0000,INSUFFICIENT_SAMPLE
Candidate V4,Fortress_defense_pattern,FortressBot:rally:4/2/0/0/0/0/0/0/0/0,1,,,0.0000,INSUFFICIENT_SAMPLE
Candidate V4,Fortress_defense_pattern,FortressBot:rally:3/3/3/3/3/1/1/1/1/1,1,,,0.0000,INSUFFICIENT_SAMPLE
Candidate V4,Fortress_defense_pattern,FortressBot:rally:9/3/2/2/2/2/1/1/1/0,1,,,0.0000,INSUFFICIENT_SAMPLE
Candidate V4,Fortress_defense_pattern,FortressBot:rally:4/4/4/4/3/3/2/0/0/0,1,,,0.0000,INSUFFICIENT_SAMPLE
Candidate V4,Fortress_defense_pattern,FortressBot:rally:6/5/4/3/3/2/0/0/0/0,1,,,0.0000,INSUFFICIENT_SAMPLE
Candidate V4,Fortress_defense_pattern,FortressBot:rally:10/2/2/2/2/2/2/1/1/0,1,,,0.0000,INSUFFICIENT_SAMPLE
Candidate V4,Fortress_defense_pattern,FortressBot:rally:7/4/3/2/2/2/2/1/1/1,1,,,0.0000,INSUFFICIENT_SAMPLE
Candidate V4,Fortress_defense_pattern,FortressBot:rally:7/7/4/4/2/2/1/1/0/0,1,,,0.0000,INSUFFICIENT_SAMPLE
Candidate V4,Fortress_defense_pattern,FortressBot:rally:6/4/4/3/3/2/2/2/1/0,1,,,0.0000,INSUFFICIENT_SAMPLE
Candidate V4,Fortress_defense_pattern,FortressBot:rally:8/3/3/2/2/0/0/0/0/0,1,,,0.0000,INSUFFICIENT_SAMPLE
Candidate V4,Fortress_defense_pattern,FortressBot:rally:6/6/2/2/2/2/2/2/0/0,1,,,0.0000,INSUFFICIENT_SAMPLE
Candidate V4,Fortress_defense_pattern,FortressBot:rally:6/5/3/3/2/2/2/2/1/1,1,,,0.0000,INSUFFICIENT_SAMPLE
Candidate V4,Fortress_defense_pattern,FortressBot:rally:2/2/2/2/2/2/2/1/1/1,1,,,0.0000,INSUFFICIENT_SAMPLE
Candidate V4,Fortress_defense_pattern,FortressBot:receive:12/1/0/0/0,1,,,0.0000,INSUFFICIENT_SAMPLE
Candidate V4,Fortress_defense_pattern,FortressBot:rally:9/4/3/3/3/3/2/1/0/0,1,,,0.0000,INSUFFICIENT_SAMPLE
Candidate V4,Fortress_defense_pattern,FortressBot:rally:7/4/3/3/3/2/2/2/1/1,1,,,0.0000,INSUFFICIENT_SAMPLE
Candidate V4,Fortress_defense_pattern,FortressBot:rally:5/2/2/2/1/1/1/0/0/0,1,,,0.0000,INSUFFICIENT_SAMPLE
Candidate V4,Fortress_defense_pattern,FortressBot:rally:6/6/4/4/2/1/1/1/1/0,1,,,0.0000,INSUFFICIENT_SAMPLE
Candidate V4,Fortress_defense_pattern,FortressBot:rally:7/4/3/1/1/1/1/1/1/0,1,,,0.0000,INSUFFICIENT_SAMPLE
Candidate V4,Fortress_defense_pattern,FortressBot:rally:9/5/4/3/3/2/1/1/0/0,1,,,0.0000,INSUFFICIENT_SAMPLE
Candidate V4,Fortress_defense_pattern,FortressBot:rally:9/4/4/2/2/2/2/2/1/0,1,,,0.0000,INSUFFICIENT_SAMPLE
Candidate V4,Fortress_defense_pattern,FortressBot:rally:4/4/4/3/3/2/1/0/0/0,1,,,0.0000,INSUFFICIENT_SAMPLE
Candidate V4,Fortress_defense_pattern,FortressBot:rally:6/6/3/3/2/2/2/2/2/0,1,,,0.0000,INSUFFICIENT_SAMPLE
Candidate V4,Fortress_defense_pattern,FortressBot:rally:8/5/4/4/2/2/1/1/1/0,1,,,0.0000,INSUFFICIENT_SAMPLE
Candidate V4,Fortress_defense_pattern,FortressBot:rally:5/3/2/1/1/1/1/0/0/0,1,,,0.0000,INSUFFICIENT_SAMPLE
Candidate V4,Fortress_defense_pattern,FortressBot:rally:8/4/4/4/2/1/1/1/1/0,1,,,0.0000,INSUFFICIENT_SAMPLE
Candidate V4,Fortress_defense_pattern,FortressBot:service:6/1/1/1/0,1,,,0.0000,INSUFFICIENT_SAMPLE
Candidate V4,Fortress_defense_pattern,FortressBot:rally:10/3/3/3/2/2/2/1/0/0,1,,,0.0000,INSUFFICIENT_SAMPLE
Candidate V4,Fortress_defense_pattern,FortressBot:rally:3/3/2/2/2/2/2/2/1/0,1,,,0.0000,INSUFFICIENT_SAMPLE
Candidate V4,Fortress_defense_pattern,FortressBot:rally:11/4/4/2/1/1/1/0/0/0,1,,,0.0000,INSUFFICIENT_SAMPLE
Candidate V4,Fortress_defense_pattern,FortressBot:receive:11/1/1/0/0,1,,,0.0000,INSUFFICIENT_SAMPLE
Candidate V4,Fortress_defense_pattern,FortressBot:rally:11/4/4/3/2/1/1/1/1/0,1,,,0.0000,INSUFFICIENT_SAMPLE
Candidate V4,Fortress_defense_pattern,FortressBot:rally:7/6/4/3/3/3/2/1/0/0,1,,,0.0000,INSUFFICIENT_SAMPLE
Candidate V4,Fortress_defense_pattern,FortressBot:rally:4/3/3/3/3/1/1/1/0/0,1,,,0.0000,INSUFFICIENT_SAMPLE
Candidate V4,Fortress_defense_pattern,FortressBot:rally:12/4/3/3/2/2/1/1/1/1,1,,,0.0000,INSUFFICIENT_SAMPLE
Candidate V4,Fortress_defense_pattern,FortressBot:rally:4/4/4/4/3/3/1/1/0/0,1,,,0.0000,INSUFFICIENT_SAMPLE
Candidate V4,Fortress_defense_pattern,FortressBot:rally:5/3/2/2/1/0/0/0/0/0,1,,,0.0000,INSUFFICIENT_SAMPLE
Candidate V4,Fortress_defense_pattern,FortressBot:rally:6/5/4/4/2/2/1/0/0/0,1,,,0.0000,INSUFFICIENT_SAMPLE
Candidate V4,Fortress_defense_pattern,FortressBot:rally:11/4/3/3/3/2/1/1/1/0,1,,,0.0000,INSUFFICIENT_SAMPLE
Candidate V4,Fortress_defense_pattern,FortressBot:rally:5/5/4/3/1/1/1/0/0/0,1,,,0.0000,INSUFFICIENT_SAMPLE
Candidate V4,Fortress_defense_pattern,FortressBot:rally:7/3/2/2/2/2/2/2/1/0,1,,,0.0000,INSUFFICIENT_SAMPLE
Candidate V4,Fortress_defense_pattern,FortressBot:rally:3/3/3/1/1/0/0/0/0/0,1,,,0.0000,INSUFFICIENT_SAMPLE
Candidate V4,Fortress_defense_pattern,FortressBot:rally:5/4/4/3/3/2/2/1/1/1,1,,,0.0000,INSUFFICIENT_SAMPLE
Candidate V4,Fortress_defense_pattern,FortressBot:rally:5/3/2/2/2/2/2/2/2/0,1,,,0.0000,INSUFFICIENT_SAMPLE
Candidate V4,Fortress_defense_pattern,FortressBot:rally:7/5/4/3/3/2/2/1/0/0,1,,,0.0000,INSUFFICIENT_SAMPLE
Candidate V4,Fortress_defense_pattern,FortressBot:rally:6/4/4/4/2/1/0/0/0/0,1,,,0.0000,INSUFFICIENT_SAMPLE
Candidate V4,Fortress_defense_pattern,FortressBot:rally:8/7/4/3/2/2/1/0/0/0,1,,,0.0000,INSUFFICIENT_SAMPLE
Candidate V4,Fortress_defense_pattern,FortressBot:rally:5/5/4/4/3/2/2/1/1/0,1,,,0.0000,INSUFFICIENT_SAMPLE
Candidate V4,Fortress_defense_pattern,FortressBot:receive:4/3/3/3/1,1,,,0.0000,INSUFFICIENT_SAMPLE
Candidate V4,Fortress_defense_pattern,FortressBot:rally:6/3/2/2/2/1/1/1/1/0,1,,,0.0000,INSUFFICIENT_SAMPLE
Candidate V4,Fortress_defense_pattern,FortressBot:rally:7/6/4/3/3/2/2/1/1/1,1,,,0.0000,INSUFFICIENT_SAMPLE
Candidate V4,Fortress_defense_pattern,FortressBot:rally:9/4/3/2/2/1/1/1/1/1,1,,,0.0000,INSUFFICIENT_SAMPLE
Candidate V4,Fortress_defense_pattern,FortressBot:rally:8/5/4/4/3/3/2/1/0/0,1,,,0.0000,INSUFFICIENT_SAMPLE
Candidate V4,Fortress_defense_pattern,FortressBot:rally:6/5/4/4/3/3/2/1/1/0,1,,,0.0000,INSUFFICIENT_SAMPLE
Candidate V4,Fortress_defense_pattern,FortressBot:receive:5/1/1/1/1,1,,,0.0000,INSUFFICIENT_SAMPLE
Candidate V4,Fortress_defense_pattern,FortressBot:rally:8/6/4/2/2/2/0/0/0/0,1,,,0.0000,INSUFFICIENT_SAMPLE
Candidate V4,Fortress_defense_pattern,FortressBot:rally:5/4/3/3/3/3/2/2/2/0,1,,,0.0000,INSUFFICIENT_SAMPLE
Candidate V4,Fortress_defense_pattern,FortressBot:rally:4/2/2/2/2/2/1/0/0/0,1,,,0.0000,INSUFFICIENT_SAMPLE
Candidate V4,Fortress_defense_pattern,FortressBot:rally:6/4/4/3/3/2/1/1/1/0,1,,,0.0000,INSUFFICIENT_SAMPLE
Candidate V4,Fortress_defense_pattern,FortressBot:receive:5/5/3/0/0,1,,,0.0000,INSUFFICIENT_SAMPLE
Candidate V4,Fortress_defense_pattern,FortressBot:rally:6/6/3/3/2/2/1/1/0/0,1,,,0.0000,INSUFFICIENT_SAMPLE
Candidate V4,Fortress_defense_pattern,FortressBot:rally:5/3/2/2/2/1/1/1/1/1,1,,,0.0000,INSUFFICIENT_SAMPLE
Candidate V4,Fortress_defense_pattern,FortressBot:rally:5/4/3/3/3/2/1/1/1/1,1,,,0.0000,INSUFFICIENT_SAMPLE
Candidate V4,Fortress_defense_pattern,FortressBot:rally:11/4/4/3/2/2/2/1/0/0,1,,,0.0000,INSUFFICIENT_SAMPLE
Candidate V4,Fortress_defense_pattern,FortressBot:rally:7/5/4/3/3/1/1/0/0/0,1,,,0.0000,INSUFFICIENT_SAMPLE
Candidate V4,Fortress_defense_pattern,FortressBot:rally:8/5/4/2/2/2/1/1/1/0,1,,,0.0000,INSUFFICIENT_SAMPLE
Candidate V4,Fortress_defense_pattern,FortressBot:rally:6/5/4/4/3/2/2/0/0/0,1,,,0.0000,INSUFFICIENT_SAMPLE
Candidate V4,Fortress_defense_pattern,FortressBot:rally:7/6/4/3/3/2/1/1/0/0,1,,,0.0000,INSUFFICIENT_SAMPLE
Candidate V4,Fortress_defense_pattern,FortressBot:rally:3/3/3/3/2/1/0/0/0/0,1,,,0.0000,INSUFFICIENT_SAMPLE
Candidate V4,Fortress_defense_pattern,FortressBot:rally:9/5/4/2/2/2/0/0/0/0,1,,,0.0000,INSUFFICIENT_SAMPLE
Candidate V4,Fortress_defense_pattern,FortressBot:rally:8/4/3/2/2/1/0/0/0/0,1,,,0.0000,INSUFFICIENT_SAMPLE
Candidate V4,Fortress_defense_pattern,FortressBot:rally:5/5/3/3/3/1/0/0/0/0,1,,,0.0000,INSUFFICIENT_SAMPLE
Candidate V4,Fortress_defense_pattern,FortressBot:rally:5/3/2/2/1/1/1/1/1/1,1,,,0.0000,INSUFFICIENT_SAMPLE
Candidate V4,Fortress_defense_pattern,FortressBot:rally:8/4/3/3/1/1/1/0/0/0,1,,,0.0000,INSUFFICIENT_SAMPLE
Candidate V4,Fortress_defense_pattern,FortressBot:rally:6/4/3/2/1/1/1/1/0/0,1,,,0.0000,INSUFFICIENT_SAMPLE
Candidate V4,Fortress_defense_pattern,FortressBot:rally:9/4/2/2/2/2/2/1/0/0,1,,,0.0000,INSUFFICIENT_SAMPLE
Candidate V4,Fortress_defense_pattern,FortressBot:rally:6/4/3/3/2/2/1/0/0/0,1,,,0.0000,INSUFFICIENT_SAMPLE
Candidate V4,Fortress_defense_pattern,FortressBot:rally:6/4/4/3/2/2/2/2/0/0,1,,,0.0000,INSUFFICIENT_SAMPLE
Candidate V4,Fortress_defense_pattern,FortressBot:rally:6/3/3/2/2/1/1/1/0/0,1,,,0.0000,INSUFFICIENT_SAMPLE
Candidate V4,Fortress_defense_pattern,FortressBot:rally:9/4/4/2/2/1/1/0/0/0,1,,,0.0000,INSUFFICIENT_SAMPLE
Candidate V4,Fortress_defense_pattern,FortressBot:rally:7/3/2/2/2/2/2/0/0/0,1,,,0.0000,INSUFFICIENT_SAMPLE
Candidate V4,Fortress_defense_pattern,FortressBot:rally:5/4/4/3/3/1/1/0/0/0,1,,,0.0000,INSUFFICIENT_SAMPLE
Candidate V4,Fortress_defense_pattern,FortressBot:rally:9/4/4/4/2/2/2/1/0/0,1,,,0.0000,INSUFFICIENT_SAMPLE
Candidate V4,Fortress_defense_pattern,FortressBot:rally:6/3/3/2/1/1/1/1/1/0,1,,,0.0000,INSUFFICIENT_SAMPLE
Candidate V4,Fortress_defense_pattern,FortressBot:rally:7/4/4/3/2/2/2/2/1/0,1,,,0.0000,INSUFFICIENT_SAMPLE
Candidate V4,Fortress_defense_pattern,FortressBot:rally:6/4/4/3/2/1/0/0/0/0,1,,,0.0000,INSUFFICIENT_SAMPLE
Candidate V4,Fortress_defense_pattern,FortressBot:rally:5/3/3/3/2/2/2/0/0/0,1,,,0.0000,INSUFFICIENT_SAMPLE
Candidate V4,Fortress_defense_pattern,FortressBot:rally:6/6/4/2/1/1/1/0/0/0,1,,,0.0000,INSUFFICIENT_SAMPLE
Candidate V4,Fortress_defense_pattern,FortressBot:rally:6/6/3/3/3/2/1/0/0/0,1,,,0.0000,INSUFFICIENT_SAMPLE
Candidate V4,Fortress_defense_pattern,FortressBot:rally:8/4/4/2/1/1/0/0/0/0,1,,,0.0000,INSUFFICIENT_SAMPLE
Candidate V4,Fortress_defense_pattern,FortressBot:rally:9/4/3/3/2/2/0/0/0/0,1,,,0.0000,INSUFFICIENT_SAMPLE
Candidate V4,Fortress_defense_pattern,FortressBot:rally:7/4/4/3/1/1/1/1/1/1,1,,,0.0000,INSUFFICIENT_SAMPLE
Candidate V4,Fortress_defense_pattern,FortressBot:rally:7/6/4/4/2/1/1/1/0/0,1,,,0.0000,INSUFFICIENT_SAMPLE
Candidate V4,Fortress_defense_pattern,FortressBot:rally:6/4/4/2/2/2/2/2/1/1,1,,,0.0000,INSUFFICIENT_SAMPLE
Candidate V4,Fortress_defense_pattern,FortressBot:rally:8/6/4/3/3/3/2/2/1/1,1,,,0.0000,INSUFFICIENT_SAMPLE
Candidate V4,Fortress_defense_pattern,FortressBot:rally:6/3/3/3/3/2/2/1/0/0,1,,,0.0000,INSUFFICIENT_SAMPLE
Candidate V4,Fortress_defense_pattern,FortressBot:rally:7/3/3/2/2/2/1/1/1/1,1,,,0.0000,INSUFFICIENT_SAMPLE
Candidate V4,Fortress_defense_pattern,FortressBot:rally:8/3/3/3/2/2/2/1/1/0,1,,,0.0000,INSUFFICIENT_SAMPLE
Candidate V4,Fortress_defense_pattern,FortressBot:rally:4/4/3/3/3/2/2/0/0/0,1,,,0.0000,INSUFFICIENT_SAMPLE
Candidate V4,Fortress_defense_pattern,FortressBot:rally:11/4/4/4/2/2/0/0/0/0,1,,,0.0000,INSUFFICIENT_SAMPLE
Candidate V4,Fortress_defense_pattern,FortressBot:rally:6/5/4/4/3/2/2/1/0/0,1,,,0.0000,INSUFFICIENT_SAMPLE
Candidate V4,Fortress_defense_pattern,FortressBot:rally:5/4/2/2/1/1/1/1/0/0,1,,,0.0000,INSUFFICIENT_SAMPLE
Candidate V4,Fortress_defense_pattern,FortressBot:rally:6/6/3/2/2/2/2/1/1/1,1,,,0.0000,INSUFFICIENT_SAMPLE
Candidate V4,Fortress_defense_pattern,FortressBot:rally:5/5/3/3/2/2/2/2/1/0,1,,,0.0000,INSUFFICIENT_SAMPLE
Candidate V4,Fortress_defense_pattern,FortressBot:receive:12/2/0/0/0,1,,,0.0000,INSUFFICIENT_SAMPLE
Candidate V4,Fortress_defense_pattern,FortressBot:rally:7/3/2/2/2/2/2/1/1/1,1,,,0.0000,INSUFFICIENT_SAMPLE
Candidate V4,Fortress_defense_pattern,FortressBot:rally:7/4/4/4/1/1/1/1/1/0,1,,,0.0000,INSUFFICIENT_SAMPLE
Candidate V4,Fortress_defense_pattern,FortressBot:rally:6/6/3/3/3/2/2/1/0/0,1,,,0.0000,INSUFFICIENT_SAMPLE
Candidate V4,Fortress_defense_pattern,FortressBot:rally:7/4/3/3/3/2/2/1/1/0,1,,,0.0000,INSUFFICIENT_SAMPLE
Candidate V4,Fortress_defense_pattern,FortressBot:service:7/2/0/0/0,1,,,0.0000,INSUFFICIENT_SAMPLE
Candidate V4,Fortress_defense_pattern,FortressBot:rally:5/3/3/1/1/1/1/1/1/0,1,,,0.0000,INSUFFICIENT_SAMPLE
Candidate V4,Fortress_defense_pattern,FortressBot:rally:9/4/4/4/2/2/2/1/1/0,1,,,0.0000,INSUFFICIENT_SAMPLE
Candidate V4,Fortress_defense_pattern,FortressBot:rally:8/7/4/4/3/1/0/0/0/0,1,,,0.0000,INSUFFICIENT_SAMPLE
Candidate V4,Fortress_defense_pattern,FortressBot:rally:6/5/4/4/2/1/1/1/1/0,1,,,0.0000,INSUFFICIENT_SAMPLE
Candidate V4,Fortress_defense_pattern,FortressBot:rally:6/4/3/3/3/3/1/1/0/0,1,,,0.0000,INSUFFICIENT_SAMPLE
Candidate V4,Fortress_defense_pattern,FortressBot:rally:6/5/4/3/2/2/2/1/1/1,1,,,0.0000,INSUFFICIENT_SAMPLE
Candidate V4,Fortress_defense_pattern,FortressBot:rally:8/5/2/2/2/2/2/0/0/0,1,,,0.0000,INSUFFICIENT_SAMPLE
Candidate V4,Fortress_defense_pattern,FortressBot:rally:11/4/2/2/1/1/1/1/0/0,1,,,0.0000,INSUFFICIENT_SAMPLE
Candidate V4,Fortress_defense_pattern,FortressBot:service:6/1/0/0/0,1,,,0.0000,INSUFFICIENT_SAMPLE
Candidate V4,Fortress_defense_pattern,FortressBot:rally:10/4/4/3/2/2/1/1/0/0,1,,,0.0000,INSUFFICIENT_SAMPLE
Candidate V4,Fortress_defense_pattern,FortressBot:rally:8/7/4/4/3/1/1/1/1/0,1,,,0.0000,INSUFFICIENT_SAMPLE
Candidate V4,Fortress_defense_pattern,FortressBot:rally:6/5/3/3/2/2/2/0/0/0,1,,,0.0000,INSUFFICIENT_SAMPLE
Candidate V4,Fortress_defense_pattern,FortressBot:rally:3/3/3/3/3/2/1/1/1/1,1,,,0.0000,INSUFFICIENT_SAMPLE
Candidate V4,Fortress_defense_pattern,FortressBot:rally:7/3/3/3/2/1/1/1/1/1,1,,,0.0000,INSUFFICIENT_SAMPLE
Candidate V4,Fortress_defense_pattern,FortressBot:rally:10/4/2/2/2/1/1/1/1/0,1,,,0.0000,INSUFFICIENT_SAMPLE
Candidate V4,Fortress_defense_pattern,FortressBot:rally:8/6/4/3/2/1/1/0/0/0,1,,,0.0000,INSUFFICIENT_SAMPLE
Candidate V4,Fortress_defense_pattern,FortressBot:rally:6/5/4/3/3/2/2/2/1/1,1,,,0.0000,INSUFFICIENT_SAMPLE
Candidate V4,Fortress_defense_pattern,FortressBot:rally:10/4/3/3/2/1/0/0/0/0,1,,,0.0000,INSUFFICIENT_SAMPLE
Candidate V4,Fortress_defense_pattern,FortressBot:rally:9/3/2/2/2/2/2/1/0/0,1,,,0.0000,INSUFFICIENT_SAMPLE
Candidate V4,Fortress_defense_pattern,FortressBot:rally:9/2/2/2/2/2/2/2/0/0,1,,,0.0000,INSUFFICIENT_SAMPLE
Candidate V4,Fortress_defense_pattern,FortressBot:rally:7/4/4/4/3/2/2/1/1/1,1,,,0.0000,INSUFFICIENT_SAMPLE
Candidate V4,Fortress_defense_pattern,FortressBot:rally:8/4/4/4/3/3/1/1/1/1,1,,,0.0000,INSUFFICIENT_SAMPLE
Candidate V4,Fortress_defense_pattern,FortressBot:rally:4/3/2/1/0/0/0/0/0/0,1,,,0.0000,INSUFFICIENT_SAMPLE
Candidate V4,Fortress_defense_pattern,FortressBot:rally:8/5/4/4/3/2/2/1/1/0,1,,,0.0000,INSUFFICIENT_SAMPLE
Candidate V4,Fortress_defense_pattern,FortressBot:rally:4/4/4/3/3/2/2/1/0/0,1,,,0.0000,INSUFFICIENT_SAMPLE
Candidate V4,Fortress_defense_pattern,FortressBot:rally:5/5/4/3/3/2/2/1/1/0,1,,,0.0000,INSUFFICIENT_SAMPLE
Candidate V4,Fortress_defense_pattern,FortressBot:rally:10/5/3/3/3/2/2/1/1/0,1,,,0.0000,INSUFFICIENT_SAMPLE
Candidate V4,Fortress_defense_pattern,FortressBot:rally:5/5/2/2/2/2/1/1/1/0,1,,,0.0000,INSUFFICIENT_SAMPLE
Candidate V4,Fortress_defense_pattern,FortressBot:rally:5/5/3/3/3/3/1/0/0/0,1,,,0.0000,INSUFFICIENT_SAMPLE
Candidate V4,Fortress_defense_pattern,FortressBot:rally:6/6/4/3/3/3/2/2/1/0,1,,,0.0000,INSUFFICIENT_SAMPLE
Candidate V4,Fortress_defense_pattern,FortressBot:rally:10/4/4/4/3/2/2/0/0/0,1,,,0.0000,INSUFFICIENT_SAMPLE
Candidate V4,Fortress_defense_pattern,FortressBot:rally:8/4/4/4/1/1/1/1/0/0,1,,,0.0000,INSUFFICIENT_SAMPLE
Candidate V4,Fortress_defense_pattern,FortressBot:rally:8/7/4/3/2/1/1/0/0/0,1,,,0.0000,INSUFFICIENT_SAMPLE
Candidate V4,Fortress_defense_pattern,FortressBot:rally:8/5/3/3/2/2/2/2/1/0,1,,,0.0000,INSUFFICIENT_SAMPLE
Candidate V4,Fortress_defense_pattern,FortressBot:rally:5/3/3/2/2/1/1/0/0/0,1,,,0.0000,INSUFFICIENT_SAMPLE
Candidate V4,Fortress_defense_pattern,FortressBot:rally:6/5/4/3/3/2/2/1/0/0,1,,,0.0000,INSUFFICIENT_SAMPLE
Candidate V4,Fortress_defense_pattern,FortressBot:rally:6/3/3/3/2/2/2/2/1/0,1,,,0.0000,INSUFFICIENT_SAMPLE
Candidate V4,Fortress_defense_pattern,FortressBot:rally:10/4/4/2/2/2/1/0/0/0,1,,,0.0000,INSUFFICIENT_SAMPLE
Candidate V4,Fortress_defense_pattern,FortressBot:rally:5/3/3/3/3/2/1/1/1/1,1,,,0.0000,INSUFFICIENT_SAMPLE
Candidate V4,Fortress_defense_pattern,FortressBot:rally:7/4/4/4/2/2/1/1/1/1,1,,,0.0000,INSUFFICIENT_SAMPLE
Candidate V4,Fortress_defense_pattern,FortressBot:rally:9/4/3/3/3/2/1/0/0/0,1,,,0.0000,INSUFFICIENT_SAMPLE
Candidate V4,Fortress_defense_pattern,FortressBot:rally:7/5/5/4/3/3/2/1/0/0,1,,,0.0000,INSUFFICIENT_SAMPLE
Candidate V4,Fortress_defense_pattern,FortressBot:rally:11/5/4/3/2/2/2/1/0/0,1,,,0.0000,INSUFFICIENT_SAMPLE
Candidate V4,Fortress_defense_pattern,FortressBot:rally:4/4/2/2/2/2/2/1/1/1,1,,,0.0000,INSUFFICIENT_SAMPLE
Candidate V4,Fortress_defense_pattern,FortressBot:rally:9/4/2/1/1/1/1/1/1/0,1,,,0.0000,INSUFFICIENT_SAMPLE
Candidate V4,Fortress_defense_pattern,FortressBot:rally:8/5/2/2/2/2/2/1/0/0,1,,,0.0000,INSUFFICIENT_SAMPLE
Candidate V4,Fortress_defense_pattern,FortressBot:rally:6/6/4/3/2/2/2/2/1/0,1,,,0.0000,INSUFFICIENT_SAMPLE
Candidate V4,Fortress_defense_pattern,FortressBot:rally:10/4/3/3/3/2/2/1/1/0,1,,,0.0000,INSUFFICIENT_SAMPLE
Candidate V4,Fortress_defense_pattern,FortressBot:rally:5/4/4/4/2/2/2/0/0/0,1,,,0.0000,INSUFFICIENT_SAMPLE
Candidate V4,Fortress_defense_pattern,FortressBot:receive:5/2/0/0/0,1,,,0.0000,INSUFFICIENT_SAMPLE
Candidate V4,Fortress_defense_pattern,FortressBot:rally:11/4/4/2/1/0/0/0/0/0,1,,,0.0000,INSUFFICIENT_SAMPLE
Candidate V4,Fortress_defense_pattern,FortressBot:rally:3/3/3/3/3/1/1/1/1/0,1,,,0.0000,INSUFFICIENT_SAMPLE
Candidate V4,Fortress_defense_pattern,FortressBot:rally:10/3/2/2/2/1/1/0/0/0,1,,,0.0000,INSUFFICIENT_SAMPLE
Candidate V4,Fortress_defense_pattern,FortressBot:rally:8/7/3/3/2/2/2/1/0/0,1,,,0.0000,INSUFFICIENT_SAMPLE
Candidate V4,Fortress_defense_pattern,FortressBot:rally:9/4/2/2/2/1/1/1/1/1,1,,,0.0000,INSUFFICIENT_SAMPLE
Candidate V4,Fortress_defense_pattern,FortressBot:rally:9/6/4/3/2/2/2/1/0/0,1,,,0.0000,INSUFFICIENT_SAMPLE
Candidate V4,Fortress_defense_pattern,FortressBot:rally:8/4/3/3/3/2/2/2/1/0,1,,,0.0000,INSUFFICIENT_SAMPLE
Candidate V4,Fortress_defense_pattern,FortressBot:rally:5/2/2/2/2/2/2/1/1/1,1,,,0.0000,INSUFFICIENT_SAMPLE
Candidate V4,Fortress_defense_pattern,FortressBot:rally:8/6/4/3/2/2/0/0/0/0,1,,,0.0000,INSUFFICIENT_SAMPLE
Candidate V4,Fortress_defense_pattern,FortressBot:rally:4/4/4/3/2/2/2/2/1/0,1,,,0.0000,INSUFFICIENT_SAMPLE
Candidate V4,Fortress_defense_pattern,FortressBot:rally:11/3/2/2/2/2/1/1/0/0,1,,,0.0000,INSUFFICIENT_SAMPLE
Candidate V4,Fortress_defense_pattern,FortressBot:rally:4/3/3/3/3/1/1/1/1/0,1,,,0.0000,INSUFFICIENT_SAMPLE
Candidate V4,Fortress_defense_pattern,FortressBot:rally:7/6/3/3/3/3/3/1/0/0,1,,,0.0000,INSUFFICIENT_SAMPLE
Candidate V4,Fortress_defense_pattern,FortressBot:rally:6/5/4/4/1/1/1/1/1/1,1,,,0.0000,INSUFFICIENT_SAMPLE
Candidate V4,Fortress_defense_pattern,FortressBot:rally:9/4/4/4/3/2/1/1/0/0,1,,,0.0000,INSUFFICIENT_SAMPLE
Candidate V4,Fortress_defense_pattern,FortressBot:rally:6/5/4/4/3/2/2/1/1/0,1,,,0.0000,INSUFFICIENT_SAMPLE
Candidate V4,Fortress_defense_pattern,FortressBot:rally:5/3/2/2/2/1/1/0/0/0,1,,,0.0000,INSUFFICIENT_SAMPLE
Candidate V4,Fortress_defense_pattern,FortressBot:rally:4/2/2/2/2/2/2/2/1/0,1,,,0.0000,INSUFFICIENT_SAMPLE
Candidate V4,Fortress_defense_pattern,FortressBot:rally:8/4/3/2/1/1/1/0/0/0,1,,,0.0000,INSUFFICIENT_SAMPLE
Candidate V4,Fortress_defense_pattern,FortressBot:rally:8/5/3/2/2/2/2/1/1/0,1,,,0.0000,INSUFFICIENT_SAMPLE
Candidate V4,Fortress_defense_pattern,FortressBot:rally:9/6/4/3/3/1/1/0/0/0,1,,,0.0000,INSUFFICIENT_SAMPLE
Candidate V4,Fortress_defense_pattern,FortressBot:rally:9/5/3/3/2/2/1/1/0/0,1,,,0.0000,INSUFFICIENT_SAMPLE
Candidate V4,Fortress_defense_pattern,FortressBot:receive:5/2/2/2/2,1,,,0.0000,INSUFFICIENT_SAMPLE
Candidate V4,Fortress_defense_pattern,FortressBot:rally:5/4/4/4/3/2/1/0/0/0,1,,,0.0000,INSUFFICIENT_SAMPLE
Candidate V4,Fortress_defense_pattern,FortressBot:rally:3/3/2/1/1/1/1/1/1/1,1,,,0.0000,INSUFFICIENT_SAMPLE
Candidate V4,Fortress_defense_pattern,FortressBot:rally:3/2/2/2/2/2/2/2/1/1,1,,,0.0000,INSUFFICIENT_SAMPLE
Candidate V4,Fortress_defense_pattern,FortressBot:rally:6/4/4/4/3/2/1/1/1/0,1,,,0.0000,INSUFFICIENT_SAMPLE
Candidate V4,Fortress_defense_pattern,FortressBot:rally:6/3/2/2/2/2/1/1/0/0,1,,,0.0000,INSUFFICIENT_SAMPLE
Candidate V4,Fortress_defense_pattern,FortressBot:rally:10/6/4/4/3/2/0/0/0/0,1,,,0.0000,INSUFFICIENT_SAMPLE
Candidate V4,Fortress_defense_pattern,FortressBot:rally:7/4/4/4/2/1/1/1/0/0,1,,,0.0000,INSUFFICIENT_SAMPLE
Candidate V4,Fortress_defense_pattern,FortressBot:rally:7/5/4/3/3/2/0/0/0/0,1,,,0.0000,INSUFFICIENT_SAMPLE
Candidate V4,Fortress_defense_pattern,FortressBot:rally:8/4/4/3/2/2/2/1/0/0,1,,,0.0000,INSUFFICIENT_SAMPLE
Candidate V4,Fortress_defense_pattern,FortressBot:rally:8/5/4/3/2/2/2/2/1/0,1,,,0.0000,INSUFFICIENT_SAMPLE
Candidate V4,Fortress_defense_pattern,FortressBot:rally:9/4/4/2/2/2/0/0/0/0,1,,,0.0000,INSUFFICIENT_SAMPLE
Candidate V4,Fortress_defense_pattern,FortressBot:rally:7/6/4/3/3/2/1/1/1/1,1,,,0.0000,INSUFFICIENT_SAMPLE
Candidate V4,Fortress_defense_pattern,FortressBot:rally:7/7/4/3/3/2/1/1/1/0,1,,,0.0000,INSUFFICIENT_SAMPLE
Candidate V4,Fortress_defense_pattern,FortressBot:rally:7/5/3/3/2/2/2/1/0/0,1,,,0.0000,INSUFFICIENT_SAMPLE
Candidate V4,Fortress_defense_pattern,FortressBot:rally:9/5/4/4/2/2/1/0/0/0,1,,,0.0000,INSUFFICIENT_SAMPLE
Candidate V4,Fortress_defense_pattern,FortressBot:rally:9/4/4/3/3/2/2/1/1/1,1,,,0.0000,INSUFFICIENT_SAMPLE
Candidate V4,Fortress_defense_pattern,FortressBot:rally:8/6/4/4/4/2/1/1/0/0,1,,,0.0000,INSUFFICIENT_SAMPLE
Candidate V4,Fortress_defense_pattern,FortressBot:rally:8/4/3/3/2/1/1/1/1/1,1,,,0.0000,INSUFFICIENT_SAMPLE
Candidate V4,Fortress_defense_pattern,FortressBot:rally:9/3/3/3/3/2/1/0/0/0,1,,,0.0000,INSUFFICIENT_SAMPLE
Candidate V4,Fortress_defense_pattern,FortressBot:rally:5/5/3/3/3/3/1/1/0/0,1,,,0.0000,INSUFFICIENT_SAMPLE
Candidate V4,Fortress_defense_pattern,FortressBot:rally:6/2/2/1/1/1/1/0/0/0,1,,,0.0000,INSUFFICIENT_SAMPLE
Candidate V4,Fortress_defense_pattern,FortressBot:rally:5/5/4/4/3/2/2/2/2/0,1,,,0.0000,INSUFFICIENT_SAMPLE
Candidate V4,Fortress_defense_pattern,FortressBot:rally:6/5/4/3/3/2/2/2/0/0,1,,,0.0000,INSUFFICIENT_SAMPLE
Candidate V4,Fortress_defense_pattern,FortressBot:rally:5/2/2/2/2/1/1/1/1/1,1,,,0.0000,INSUFFICIENT_SAMPLE
Candidate V4,Fortress_defense_pattern,FortressBot:rally:8/3/3/3/2/2/2/2/1/0,1,,,0.0000,INSUFFICIENT_SAMPLE
Candidate V4,Fortress_defense_pattern,FortressBot:rally:10/4/4/4/1/1/0/0/0/0,1,,,0.0000,INSUFFICIENT_SAMPLE
Candidate V4,Fortress_defense_pattern,FortressBot:rally:10/4/4/4/2/2/2/1/0/0,1,,,0.0000,INSUFFICIENT_SAMPLE
Candidate V4,Fortress_defense_pattern,FortressBot:rally:5/3/2/2/1/1/0/0/0/0,1,,,0.0000,INSUFFICIENT_SAMPLE
Candidate V4,Fortress_defense_pattern,FortressBot:rally:6/5/4/3/3/3/2/2/1/1,1,,,0.0000,INSUFFICIENT_SAMPLE
Candidate V4,Fortress_defense_pattern,FortressBot:rally:7/5/3/3/2/2/1/1/1/1,1,,,0.0000,INSUFFICIENT_SAMPLE
Candidate V4,Fortress_defense_pattern,FortressBot:rally:6/3/3/2/2/2/1/0/0/0,1,,,0.0000,INSUFFICIENT_SAMPLE
Candidate V4,Fortress_defense_pattern,FortressBot:rally:9/5/4/3/2/2/2/1/1/1,1,,,0.0000,INSUFFICIENT_SAMPLE
Candidate V4,Fortress_defense_pattern,FortressBot:rally:4/4/3/3/3/2/2/2/0/0,1,,,0.0000,INSUFFICIENT_SAMPLE
Candidate V4,Fortress_defense_pattern,FortressBot:rally:10/4/4/3/2/2/2/1/0/0,1,,,0.0000,INSUFFICIENT_SAMPLE
Candidate V4,Fortress_defense_pattern,FortressBot:rally:8/4/4/3/2/1/1/1/1/1,1,,,0.0000,INSUFFICIENT_SAMPLE
Candidate V4,Fortress_defense_pattern,FortressBot:rally:5/5/4/3/1/1/1/1/1/1,1,,,0.0000,INSUFFICIENT_SAMPLE
Candidate V4,Fortress_defense_pattern,FortressBot:rally:5/4/3/2/2/2/1/0/0/0,1,,,0.0000,INSUFFICIENT_SAMPLE
Candidate V4,Fortress_defense_pattern,FortressBot:rally:10/4/4/2/2/2/0/0/0/0,1,,,0.0000,INSUFFICIENT_SAMPLE
Candidate V4,Fortress_defense_pattern,FortressBot:rally:8/3/2/2/2/2/2/1/1/1,1,,,0.0000,INSUFFICIENT_SAMPLE
Candidate V4,Fortress_defense_pattern,FortressBot:rally:7/7/3/3/2/2/1/0/0/0,1,,,0.0000,INSUFFICIENT_SAMPLE
Candidate V4,Fortress_defense_pattern,FortressBot:rally:8/7/3/3/3/2/1/1/0/0,1,,,0.0000,INSUFFICIENT_SAMPLE
Candidate V4,Fortress_defense_pattern,FortressBot:rally:8/4/4/3/1/1/1/1/1/0,1,,,0.0000,INSUFFICIENT_SAMPLE
Candidate V4,Fortress_defense_pattern,FortressBot:receive:7/1/1/0/0,1,,,0.0000,INSUFFICIENT_SAMPLE
Candidate V4,Fortress_defense_pattern,FortressBot:rally:10/3/3/2/2/1/1/1/1/0,1,,,0.0000,INSUFFICIENT_SAMPLE
Candidate V4,Fortress_defense_pattern,FortressBot:rally:11/5/4/4/3/3/2/1/0/0,1,,,0.0000,INSUFFICIENT_SAMPLE
Candidate V4,Fortress_defense_pattern,FortressBot:rally:3/3/3/2/2/2/0/0/0/0,1,,,0.0000,INSUFFICIENT_SAMPLE
Candidate V4,Fortress_defense_pattern,FortressBot:rally:10/4/3/2/2/2/2/2/1/0,1,,,0.0000,INSUFFICIENT_SAMPLE
Candidate V4,Fortress_defense_pattern,FortressBot:rally:10/3/3/2/2/2/1/1/1/0,1,,,0.0000,INSUFFICIENT_SAMPLE
Candidate V4,Fortress_defense_pattern,FortressBot:rally:6/6/3/3/1/1/1/0/0/0,1,,,0.0000,INSUFFICIENT_SAMPLE
Candidate V4,Fortress_defense_pattern,FortressBot:rally:7/5/4/3/2/2/1/1/1/0,1,,,0.0000,INSUFFICIENT_SAMPLE
Candidate V4,Fortress_defense_pattern,FortressBot:receive:6/2/1/0/0,1,,,0.0000,INSUFFICIENT_SAMPLE
Candidate V4,Fortress_defense_pattern,FortressBot:rally:8/4/3/3/3/3/1/1/1/0,1,,,0.0000,INSUFFICIENT_SAMPLE
Candidate V4,Fortress_defense_pattern,FortressBot:rally:3/3/3/3/3/3/1/1/1/1,1,,,0.0000,INSUFFICIENT_SAMPLE
Candidate V4,Fortress_defense_pattern,FortressBot:rally:10/4/4/2/2/2/2/1/0/0,1,,,0.0000,INSUFFICIENT_SAMPLE
Candidate V4,Fortress_defense_pattern,FortressBot:rally:7/3/3/2/2/2/2/0/0/0,1,,,0.0000,INSUFFICIENT_SAMPLE
Candidate V4,Fortress_defense_pattern,FortressBot:rally:6/6/3/3/3/3/2/1/1/1,1,,,0.0000,INSUFFICIENT_SAMPLE
Candidate V4,Fortress_defense_pattern,FortressBot:rally:7/5/4/3/2/2/1/1/1/1,1,,,0.0000,INSUFFICIENT_SAMPLE
Candidate V4,Fortress_defense_pattern,FortressBot:rally:8/6/4/4/3/2/1/1/0/0,1,,,0.0000,INSUFFICIENT_SAMPLE
Candidate V4,Fortress_defense_pattern,FortressBot:rally:8/6/4/4/2/2/2/1/1/0,1,,,0.0000,INSUFFICIENT_SAMPLE
Candidate V4,Fortress_defense_pattern,FortressBot:rally:10/4/2/2/1/1/1/0/0/0,1,,,0.0000,INSUFFICIENT_SAMPLE
Candidate V4,Fortress_defense_pattern,FortressBot:rally:5/5/2/2/2/2/1/1/0/0,1,,,0.0000,INSUFFICIENT_SAMPLE
Candidate V4,Fortress_defense_pattern,FortressBot:rally:4/3/3/3/3/2/2/2/1/1,1,,,0.0000,INSUFFICIENT_SAMPLE
Candidate V4,Fortress_defense_pattern,FortressBot:rally:8/5/4/3/3/1/1/1/1/1,1,,,0.0000,INSUFFICIENT_SAMPLE
Candidate V4,Fortress_defense_pattern,FortressBot:rally:8/6/4/3/3/0/0/0/0/0,1,,,0.0000,INSUFFICIENT_SAMPLE
Candidate V4,Fortress_defense_pattern,FortressBot:rally:9/4/3/3/1/1/1/1/1/0,1,,,0.0000,INSUFFICIENT_SAMPLE
Candidate V4,Fortress_defense_pattern,FortressBot:rally:6/6/4/3/3/2/2/2/1/1,1,,,0.0000,INSUFFICIENT_SAMPLE
Candidate V4,Fortress_defense_pattern,FortressBot:rally:8/6/4/3/3/2/2/1/1/1,1,,,0.0000,INSUFFICIENT_SAMPLE
Candidate V4,Fortress_defense_pattern,FortressBot:rally:13/4/4/2/1/1/1/1/1/0,1,,,0.0000,INSUFFICIENT_SAMPLE
Candidate V4,Fortress_defense_pattern,FortressBot:rally:10/6/4/4/3/1/1/1/0/0,1,,,0.0000,INSUFFICIENT_SAMPLE
Candidate V4,Fortress_defense_pattern,FortressBot:rally:9/4/3/2/1/1/1/1/1/1,1,,,0.0000,INSUFFICIENT_SAMPLE
Candidate V4,Fortress_defense_pattern,FortressBot:rally:9/6/4/3/3/2/2/1/1/0,1,,,0.0000,INSUFFICIENT_SAMPLE
Candidate V4,Fortress_defense_pattern,FortressBot:rally:4/3/2/1/1/1/0/0/0/0,1,,,0.0000,INSUFFICIENT_SAMPLE
Candidate V4,Fortress_defense_pattern,FortressBot:rally:5/4/4/4/2/2/1/1/0/0,1,,,0.0000,INSUFFICIENT_SAMPLE
Candidate V4,Fortress_defense_pattern,FortressBot:rally:7/7/3/3/3/2/1/1/0/0,1,,,0.0000,INSUFFICIENT_SAMPLE
Candidate V4,Fortress_defense_pattern,FortressBot:rally:5/4/2/2/2/1/1/0/0/0,1,,,0.0000,INSUFFICIENT_SAMPLE
Candidate V4,Fortress_defense_pattern,FortressBot:rally:6/6/4/2/2/2/1/0/0/0,1,,,0.0000,INSUFFICIENT_SAMPLE
Candidate V4,Fortress_defense_pattern,FortressBot:rally:9/4/4/4/2/1/1/0/0/0,1,,,0.0000,INSUFFICIENT_SAMPLE
Candidate V4,Fortress_defense_pattern,FortressBot:rally:6/5/3/2/2/2/2/2/1/1,1,,,0.0000,INSUFFICIENT_SAMPLE
Candidate V4,Fortress_defense_pattern,FortressBot:rally:8/6/4/4/2/0/0/0/0/0,1,,,0.0000,INSUFFICIENT_SAMPLE
Candidate V4,Fortress_defense_pattern,FortressBot:rally:3/1/1/0/0/0/0/0/0/0,1,,,0.0000,INSUFFICIENT_SAMPLE
Candidate V4,Fortress_defense_pattern,FortressBot:rally:8/6/3/3/2/2/2/2/0/0,1,,,0.0000,INSUFFICIENT_SAMPLE
Candidate V4,Fortress_defense_pattern,FortressBot:rally:4/4/2/2/2/2/2/2/1/0,1,,,0.0000,INSUFFICIENT_SAMPLE
Candidate V4,Fortress_defense_pattern,FortressBot:rally:8/6/4/3/1/1/1/0/0/0,1,,,0.0000,INSUFFICIENT_SAMPLE
Candidate V4,Fortress_defense_pattern,FortressBot:rally:7/4/2/2/2/2/1/0/0/0,1,,,0.0000,INSUFFICIENT_SAMPLE
Candidate V4,Fortress_defense_pattern,FortressBot:rally:5/5/3/3/3/2/2/1/0/0,1,,,0.0000,INSUFFICIENT_SAMPLE
Candidate V4,Fortress_defense_pattern,FortressBot:rally:11/2/2/2/2/1/1/0/0/0,1,,,0.0000,INSUFFICIENT_SAMPLE
Candidate V4,Fortress_defense_pattern,FortressBot:rally:5/4/4/4/2/1/1/1/1/0,1,,,0.0000,INSUFFICIENT_SAMPLE
Candidate V4,Fortress_defense_pattern,FortressBot:rally:9/4/3/3/3/2/1/1/1/0,1,,,0.0000,INSUFFICIENT_SAMPLE
Candidate V4,Fortress_defense_pattern,FortressBot:rally:5/5/4/2/2/1/1/1/1/1,1,,,0.0000,INSUFFICIENT_SAMPLE
Candidate V4,Fortress_defense_pattern,FortressBot:rally:9/7/4/4/2/2/1/1/0/0,1,,,0.0000,INSUFFICIENT_SAMPLE
Candidate V4,Fortress_defense_pattern,FortressBot:rally:10/5/4/4/2/2/1/1/1/0,1,,,0.0000,INSUFFICIENT_SAMPLE
Candidate V4,Fortress_defense_pattern,FortressBot:rally:7/6/4/3/2/2/1/1/0/0,1,,,0.0000,INSUFFICIENT_SAMPLE
Candidate V4,Fortress_defense_pattern,FortressBot:rally:7/4/4/4/2/2/2/2/0/0,1,,,0.0000,INSUFFICIENT_SAMPLE
Candidate V4,Fortress_defense_pattern,FortressBot:rally:9/4/4/2/2/2/2/1/0/0,1,,,0.0000,INSUFFICIENT_SAMPLE
Candidate V4,Fortress_defense_pattern,FortressBot:rally:9/4/3/3/2/2/2/1/1/1,1,,,0.0000,INSUFFICIENT_SAMPLE
Candidate V4,Fortress_defense_pattern,FortressBot:rally:9/2/2/2/2/2/2/2/1/0,1,,,0.0000,INSUFFICIENT_SAMPLE
Candidate V4,Fortress_defense_pattern,FortressBot:rally:5/5/4/3/3/3/0/0/0/0,1,,,0.0000,INSUFFICIENT_SAMPLE
Candidate V4,Fortress_defense_pattern,FortressBot:rally:4/1/1/1/1/1/1/0/0/0,1,,,0.0000,INSUFFICIENT_SAMPLE
Candidate V4,Fortress_defense_pattern,FortressBot:rally:7/3/3/3/2/2/2/2/1/0,1,,,0.0000,INSUFFICIENT_SAMPLE
Candidate V4,Fortress_defense_pattern,FortressBot:rally:6/4/3/3/2/2/2/2/1/0,1,,,0.0000,INSUFFICIENT_SAMPLE
Candidate V4,Fortress_defense_pattern,FortressBot:rally:7/6/4/3/2/2/2/1/0/0,1,,,0.0000,INSUFFICIENT_SAMPLE
Candidate V4,Fortress_defense_pattern,FortressBot:receive:11/2/0/0/0,1,,,0.0000,INSUFFICIENT_SAMPLE
Candidate V4,Fortress_defense_pattern,FortressBot:rally:10/4/3/2/2/2/1/1/1/0,1,,,0.0000,INSUFFICIENT_SAMPLE
Candidate V4,Fortress_defense_pattern,FortressBot:rally:4/4/3/1/1/1/1/1/1/1,1,,,0.0000,INSUFFICIENT_SAMPLE
Candidate V4,Fortress_defense_pattern,FortressBot:rally:4/4/4/3/2/2/2/1/1/1,1,,,0.0000,INSUFFICIENT_SAMPLE
Candidate V4,Fortress_defense_pattern,FortressBot:rally:6/5/4/3/3/3/1/1/1/0,1,,,0.0000,INSUFFICIENT_SAMPLE
Candidate V4,Fortress_defense_pattern,FortressBot:rally:8/3/2/2/2/2/1/0/0/0,1,,,0.0000,INSUFFICIENT_SAMPLE
Candidate V4,Fortress_defense_pattern,FortressBot:rally:7/7/4/4/1/1/0/0/0/0,1,,,0.0000,INSUFFICIENT_SAMPLE
Candidate V4,Fortress_defense_pattern,FortressBot:rally:8/6/3/3/3/3/1/1/0/0,1,,,0.0000,INSUFFICIENT_SAMPLE
Candidate V4,Fortress_defense_pattern,FortressBot:rally:8/5/4/3/3/2/1/1/1/0,1,,,0.0000,INSUFFICIENT_SAMPLE
Candidate V4,Fortress_defense_pattern,FortressBot:rally:10/3/3/3/3/1/1/0/0/0,1,,,0.0000,INSUFFICIENT_SAMPLE
Candidate V4,Fortress_defense_pattern,FortressBot:rally:7/6/4/3/2/2/2/2/1/0,1,,,0.0000,INSUFFICIENT_SAMPLE
Candidate V4,Fortress_defense_pattern,FortressBot:rally:8/5/4/4/2/2/1/1/1/1,1,,,0.0000,INSUFFICIENT_SAMPLE
Candidate V4,Fortress_defense_pattern,FortressBot:rally:7/7/3/3/2/2/1/1/0/0,1,,,0.0000,INSUFFICIENT_SAMPLE
Candidate V4,Fortress_defense_pattern,FortressBot:rally:8/6/4/3/3/2/1/1/1/0,1,,,0.0000,INSUFFICIENT_SAMPLE
Candidate V4,Fortress_defense_pattern,FortressBot:rally:11/4/3/3/1/1/1/0/0/0,1,,,0.0000,INSUFFICIENT_SAMPLE
Candidate V4,Fortress_defense_pattern,FortressBot:rally:6/6/3/3/3/1/1/0/0/0,1,,,0.0000,INSUFFICIENT_SAMPLE
Candidate V4,Fortress_defense_pattern,FortressBot:rally:9/7/3/3/2/2/2/0/0/0,1,,,0.0000,INSUFFICIENT_SAMPLE
Candidate V4,Fortress_defense_pattern,FortressBot:rally:11/4/3/3/3/3/1/1/0/0,1,,,0.0000,INSUFFICIENT_SAMPLE
Candidate V4,Fortress_defense_pattern,FortressBot:rally:10/4/4/3/3/2/1/1/0/0,1,,,0.0000,INSUFFICIENT_SAMPLE
Candidate V4,Fortress_defense_pattern,FortressBot:rally:10/7/4/3/2/2/2/0/0/0,1,,,0.0000,INSUFFICIENT_SAMPLE
Candidate V4,Fortress_defense_pattern,FortressBot:receive:5/3/3/3/0,1,,,0.0000,INSUFFICIENT_SAMPLE
Candidate V4,Fortress_defense_pattern,FortressBot:rally:4/3/3/3/3/2/1/0/0/0,1,,,0.0000,INSUFFICIENT_SAMPLE
Candidate V4,Fortress_defense_pattern,FortressBot:rally:9/4/4/2/2/2/1/1/1/0,1,,,0.0000,INSUFFICIENT_SAMPLE
Candidate V4,Fortress_defense_pattern,FortressBot:rally:6/4/4/3/3/1/0/0/0/0,1,,,0.0000,INSUFFICIENT_SAMPLE
Candidate V4,Fortress_defense_pattern,FortressBot:rally:6/5/3/3/3/2/1/1/1/0,1,,,0.0000,INSUFFICIENT_SAMPLE
Candidate V4,Fortress_defense_pattern,FortressBot:rally:7/5/3/3/3/2/1/1/0/0,1,,,0.0000,INSUFFICIENT_SAMPLE
Candidate V4,Fortress_defense_pattern,FortressBot:rally:4/4/4/3/1/1/1/1/1/0,1,,,0.0000,INSUFFICIENT_SAMPLE
Candidate V4,Fortress_defense_pattern,FortressBot:rally:10/4/4/3/2/2/1/1/1/0,1,,,0.0000,INSUFFICIENT_SAMPLE
Candidate V4,Fortress_defense_pattern,FortressBot:rally:7/7/4/4/1/1/1/0/0/0,1,,,0.0000,INSUFFICIENT_SAMPLE
Candidate V4,Fortress_defense_pattern,FortressBot:rally:5/5/4/2/2/2/2/1/1/1,1,,,0.0000,INSUFFICIENT_SAMPLE
Candidate V4,Fortress_defense_pattern,FortressBot:rally:8/3/3/3/2/1/1/1/1/1,1,,,0.0000,INSUFFICIENT_SAMPLE
Candidate V4,Fortress_defense_pattern,FortressBot:rally:6/5/4/4/1/1/1/1/0/0,1,,,0.0000,INSUFFICIENT_SAMPLE
Candidate V4,Fortress_defense_pattern,FortressBot:rally:5/5/4/2/2/2/1/1/1/1,1,,,0.0000,INSUFFICIENT_SAMPLE
Candidate V4,Fortress_defense_pattern,FortressBot:rally:12/4/3/3/3/2/1/0/0/0,1,,,0.0000,INSUFFICIENT_SAMPLE
Candidate V4,Fortress_defense_pattern,FortressBot:rally:4/3/3/3/1/1/1/1/1/0,1,,,0.0000,INSUFFICIENT_SAMPLE
Candidate V4,Fortress_defense_pattern,FortressBot:rally:9/5/3/3/3/3/1/1/1/0,1,,,0.0000,INSUFFICIENT_SAMPLE
Candidate V4,Fortress_defense_pattern,FortressBot:rally:4/2/2/1/1/1/1/1/1/0,1,,,0.0000,INSUFFICIENT_SAMPLE
Candidate V4,Fortress_defense_pattern,FortressBot:rally:9/5/4/2/2/2/2/1/0/0,1,,,0.0000,INSUFFICIENT_SAMPLE
Candidate V4,Fortress_defense_pattern,FortressBot:rally:6/5/4/3/3/3/2/0/0/0,1,,,0.0000,INSUFFICIENT_SAMPLE
Candidate V4,Fortress_defense_pattern,FortressBot:rally:7/7/4/3/2/2/1/0/0/0,1,,,0.0000,INSUFFICIENT_SAMPLE
Candidate V4,Fortress_defense_pattern,FortressBot:rally:4/3/2/2/2/2/2/2/0/0,1,,,0.0000,INSUFFICIENT_SAMPLE
Candidate V4,Fortress_defense_pattern,FortressBot:rally:4/4/4/4/3/2/1/1/0/0,1,,,0.0000,INSUFFICIENT_SAMPLE
Candidate V4,Fortress_defense_pattern,FortressBot:rally:7/5/3/2/2/2/2/2/1/0,1,,,0.0000,INSUFFICIENT_SAMPLE
Candidate V4,Fortress_defense_pattern,FortressBot:rally:6/3/3/3/2/1/1/0/0/0,1,,,0.0000,INSUFFICIENT_SAMPLE
Candidate V4,Fortress_defense_pattern,FortressBot:rally:5/4/2/2/2/2/2/2/2/1,1,,,0.0000,INSUFFICIENT_SAMPLE
Candidate V4,Fortress_defense_pattern,FortressBot:rally:5/4/3/3/3/2/2/2/0/0,1,,,0.0000,INSUFFICIENT_SAMPLE
Candidate V4,Fortress_defense_pattern,FortressBot:rally:5/4/3/3/3/1/1/1/0/0,1,,,0.0000,INSUFFICIENT_SAMPLE
Candidate V4,Fortress_defense_pattern,FortressBot:rally:10/5/4/3/3/1/0/0/0/0,1,,,0.0000,INSUFFICIENT_SAMPLE
Candidate V4,Fortress_defense_pattern,FortressBot:rally:9/6/3/3/3/2/2/1/0/0,1,,,0.0000,INSUFFICIENT_SAMPLE
Candidate V4,Fortress_defense_pattern,FortressBot:rally:7/6/4/3/2/2/2/0/0/0,1,,,0.0000,INSUFFICIENT_SAMPLE
Candidate V4,Fortress_defense_pattern,FortressBot:rally:9/6/4/3/3/2/1/1/0/0,1,,,0.0000,INSUFFICIENT_SAMPLE
Candidate V4,Fortress_defense_pattern,FortressBot:rally:6/5/4/3/3/3/2/2/0/0,1,,,0.0000,INSUFFICIENT_SAMPLE
Candidate V4,Fortress_defense_pattern,FortressBot:rally:6/3/3/3/3/3/2/1/0/0,1,,,0.0000,INSUFFICIENT_SAMPLE
Candidate V4,Fortress_defense_pattern,FortressBot:rally:8/4/4/4/2/1/1/1/0/0,1,,,0.0000,INSUFFICIENT_SAMPLE
Candidate V4,Fortress_defense_pattern,FortressBot:rally:5/4/3/3/2/2/2/0/0/0,1,,,0.0000,INSUFFICIENT_SAMPLE
Candidate V4,Fortress_defense_pattern,FortressBot:rally:5/3/3/3/3/2/2/2/0/0,1,,,0.0000,INSUFFICIENT_SAMPLE
Candidate V4,Fortress_defense_pattern,FortressBot:rally:5/2/2/2/2/2/2/1/0/0,1,,,0.0000,INSUFFICIENT_SAMPLE
Candidate V4,Fortress_defense_pattern,FortressBot:rally:7/5/4/2/2/2/1/1/1/1,1,,,0.0000,INSUFFICIENT_SAMPLE
Candidate V4,Fortress_defense_pattern,FortressBot:rally:8/6/4/4/2/1/1/0/0/0,1,,,0.0000,INSUFFICIENT_SAMPLE
Candidate V4,Fortress_defense_pattern,FortressBot:rally:5/4/3/2/1/1/0/0/0/0,1,,,0.0000,INSUFFICIENT_SAMPLE
Candidate V4,Fortress_defense_pattern,FortressBot:rally:6/6/4/4/2/1/1/0/0/0,1,,,0.0000,INSUFFICIENT_SAMPLE
Candidate V4,Fortress_defense_pattern,FortressBot:rally:5/4/2/2/2/2/2/0/0/0,1,,,0.0000,INSUFFICIENT_SAMPLE
Candidate V4,Fortress_defense_pattern,FortressBot:rally:7/7/4/3/2/2/1/1/1/0,1,,,0.0000,INSUFFICIENT_SAMPLE
Candidate V4,Fortress_defense_pattern,FortressBot:rally:5/4/2/2/1/1/1/0/0/0,1,,,0.0000,INSUFFICIENT_SAMPLE
Candidate V4,Fortress_defense_pattern,FortressBot:rally:9/5/4/3/2/1/1/0/0/0,1,,,0.0000,INSUFFICIENT_SAMPLE
Candidate V4,Fortress_defense_pattern,FortressBot:receive:6/1/0/0/0,1,,,0.0000,INSUFFICIENT_SAMPLE
Candidate V4,Fortress_defense_pattern,FortressBot:rally:3/2/2/1/1/1/1/1/1/1,1,,,0.0000,INSUFFICIENT_SAMPLE
Candidate V4,Fortress_defense_pattern,FortressBot:rally:8/4/4/4/2/2/1/1/1/1,1,,,0.0000,INSUFFICIENT_SAMPLE
Candidate V4,Fortress_defense_pattern,FortressBot:rally:8/3/3/2/2/1/1/1/1/1,1,,,0.0000,INSUFFICIENT_SAMPLE
Candidate V4,Fortress_defense_pattern,FortressBot:rally:8/5/4/4/2/2/1/0/0/0,1,,,0.0000,INSUFFICIENT_SAMPLE
Candidate V4,Fortress_defense_pattern,FortressBot:rally:10/6/4/4/2/2/1/0/0/0,1,,,0.0000,INSUFFICIENT_SAMPLE
Candidate V4,Fortress_defense_pattern,FortressBot:rally:8/6/4/2/2/2/2/1/0/0,1,,,0.0000,INSUFFICIENT_SAMPLE
Candidate V4,Fortress_defense_pattern,FortressBot:rally:8/4/3/3/3/1/1/1/0/0,1,,,0.0000,INSUFFICIENT_SAMPLE
Candidate V4,Fortress_defense_pattern,FortressBot:rally:6/5/4/3/1/1/1/1/1/1,1,,,0.0000,INSUFFICIENT_SAMPLE
Candidate V4,Fortress_defense_pattern,FortressBot:rally:7/4/4/3/3/1/1/1/0/0,1,,,0.0000,INSUFFICIENT_SAMPLE
Candidate V4,Fortress_defense_pattern,FortressBot:rally:7/4/4/4/3/2/1/1/1/0,1,,,0.0000,INSUFFICIENT_SAMPLE
Candidate V4,Fortress_defense_pattern,FortressBot:rally:8/6/4/2/2/2/1/1/0/0,1,,,0.0000,INSUFFICIENT_SAMPLE
Candidate V4,Fortress_defense_pattern,FortressBot:rally:7/2/2/2/2/2/1/1/1/1,1,,,0.0000,INSUFFICIENT_SAMPLE
Candidate V4,Fortress_defense_pattern,FortressBot:rally:9/4/3/3/2/1/1/1/1/0,1,,,0.0000,INSUFFICIENT_SAMPLE
Candidate V4,Fortress_defense_pattern,FortressBot:rally:5/3/3/2/1/1/0/0/0/0,1,,,0.0000,INSUFFICIENT_SAMPLE
Candidate V4,Fortress_defense_pattern,FortressBot:rally:10/4/3/3/2/2/1/1/0/0,1,,,0.0000,INSUFFICIENT_SAMPLE
Candidate V4,Fortress_defense_pattern,FortressBot:rally:8/4/4/3/3/2/2/2/1/0,1,,,0.0000,INSUFFICIENT_SAMPLE
Candidate V4,Fortress_defense_pattern,FortressBot:rally:7/5/4/3/3/2/2/2/1/0,1,,,0.0000,INSUFFICIENT_SAMPLE
Candidate V4,Fortress_defense_pattern,FortressBot:rally:6/4/3/3/3/2/0/0/0/0,1,,,0.0000,INSUFFICIENT_SAMPLE
Candidate V4,Fortress_defense_pattern,FortressBot:rally:8/4/3/3/2/2/2/1/0/0,1,,,0.0000,INSUFFICIENT_SAMPLE
Candidate V4,Fortress_defense_pattern,FortressBot:rally:8/8/4/3/2/2/2/0/0/0,1,,,0.0000,INSUFFICIENT_SAMPLE
Candidate V4,Fortress_defense_pattern,FortressBot:rally:10/3/3/3/3/0/0/0/0/0,1,,,0.0000,INSUFFICIENT_SAMPLE
Candidate V4,Fortress_defense_pattern,FortressBot:rally:5/5/3/3/1/1/1/1/0/0,1,,,0.0000,INSUFFICIENT_SAMPLE
Candidate V4,Fortress_defense_pattern,FortressBot:rally:9/6/4/4/3/1/1/1/0/0,1,,,0.0000,INSUFFICIENT_SAMPLE
Candidate V4,Fortress_defense_pattern,FortressBot:rally:5/3/2/2/2/2/1/0/0/0,1,,,0.0000,INSUFFICIENT_SAMPLE
Candidate V4,Fortress_defense_pattern,FortressBot:receive:6/2/0/0/0,1,,,0.0000,INSUFFICIENT_SAMPLE
Candidate V4,Fortress_defense_pattern,FortressBot:rally:7/6/3/3/3/2/1/1/1/0,1,,,0.0000,INSUFFICIENT_SAMPLE
Candidate V4,Fortress_defense_pattern,FortressBot:rally:9/6/4/4/2/2/1/0/0/0,1,,,0.0000,INSUFFICIENT_SAMPLE
Candidate V4,Fortress_defense_pattern,FortressBot:rally:7/7/4/3/2/2/0/0/0/0,1,,,0.0000,INSUFFICIENT_SAMPLE
Candidate V4,Fortress_defense_pattern,FortressBot:rally:8/5/4/4/2/0/0/0/0/0,1,,,0.0000,INSUFFICIENT_SAMPLE
Candidate V4,Fortress_defense_pattern,FortressBot:rally:5/4/4/3/2/2/1/1/1/1,1,,,0.0000,INSUFFICIENT_SAMPLE
Candidate V4,Fortress_defense_pattern,FortressBot:rally:5/5/3/3/3/1/1/1/1/0,1,,,0.0000,INSUFFICIENT_SAMPLE
Candidate V4,Fortress_defense_pattern,FortressBot:rally:5/2/2/2/2/1/1/0/0/0,1,,,0.0000,INSUFFICIENT_SAMPLE
Candidate V4,Fortress_defense_pattern,FortressBot:rally:7/4/2/2/2/1/1/1/0/0,1,,,0.0000,INSUFFICIENT_SAMPLE
Candidate V4,Fortress_defense_pattern,FortressBot:rally:5/2/2/1/1/1/1/0/0/0,1,,,0.0000,INSUFFICIENT_SAMPLE
Candidate V4,Fortress_defense_pattern,FortressBot:rally:9/4/3/2/2/2/2/2/1/1,1,,,0.0000,INSUFFICIENT_SAMPLE
Candidate V4,Fortress_defense_pattern,FortressBot:rally:4/4/4/2/2/1/1/1/1/0,1,,,0.0000,INSUFFICIENT_SAMPLE
Candidate V4,Fortress_defense_pattern,FortressBot:rally:7/5/4/4/2/1/1/1/0/0,1,,,0.0000,INSUFFICIENT_SAMPLE
Candidate V4,Fortress_defense_pattern,FortressBot:rally:8/4/3/3/3/2/2/1/1/0,1,,,0.0000,INSUFFICIENT_SAMPLE
Candidate V4,Fortress_defense_pattern,FortressBot:rally:7/6/4/4/3/2/2/1/1/0,1,,,0.0000,INSUFFICIENT_SAMPLE
Candidate V4,Fortress_defense_pattern,FortressBot:rally:7/4/4/2/2/1/0/0/0/0,1,,,0.0000,INSUFFICIENT_SAMPLE
Candidate V4,Fortress_defense_pattern,FortressBot:rally:9/3/3/2/2/2/2/1/1/0,1,,,0.0000,INSUFFICIENT_SAMPLE
Candidate V4,Fortress_defense_pattern,FortressBot:rally:3/3/3/2/1/1/1/0/0/0,1,,,0.0000,INSUFFICIENT_SAMPLE
Candidate V4,Fortress_defense_pattern,FortressBot:rally:8/7/4/4/3/3/3/1/0/0,1,,,0.0000,INSUFFICIENT_SAMPLE
Candidate V4,Fortress_defense_pattern,FortressBot:rally:7/4/4/3/2/2/1/1/1/1,1,,,0.0000,INSUFFICIENT_SAMPLE
Candidate V4,Fortress_defense_pattern,FortressBot:rally:9/6/3/3/2/2/2/0/0/0,1,,,0.0000,INSUFFICIENT_SAMPLE
Candidate V4,Fortress_defense_pattern,FortressBot:rally:6/5/3/3/2/1/0/0/0/0,1,,,0.0000,INSUFFICIENT_SAMPLE
Candidate V4,Fortress_defense_pattern,FortressBot:rally:7/4/4/3/3/2/1/1/1/1,1,,,0.0000,INSUFFICIENT_SAMPLE
Candidate V4,Fortress_defense_pattern,FortressBot:rally:9/5/4/3/2/1/0/0/0/0,1,,,0.0000,INSUFFICIENT_SAMPLE
Candidate V4,Fortress_defense_pattern,FortressBot:rally:6/3/3/3/3/2/2/1/1/0,1,,,0.0000,INSUFFICIENT_SAMPLE
Candidate V4,Fortress_defense_pattern,FortressBot:rally:3/3/3/2/2/1/0/0/0/0,1,,,0.0000,INSUFFICIENT_SAMPLE
Candidate V4,Fortress_defense_pattern,FortressBot:rally:11/3/3/2/2/2/1/0/0/0,1,,,0.0000,INSUFFICIENT_SAMPLE
Candidate V4,Fortress_defense_pattern,FortressBot:rally:5/3/2/2/2/0/0/0/0/0,1,,,0.0000,INSUFFICIENT_SAMPLE
Candidate V4,Fortress_defense_pattern,FortressBot:rally:4/4/3/3/3/3/2/2/0/0,1,,,0.0000,INSUFFICIENT_SAMPLE
Candidate V4,Fortress_defense_pattern,FortressBot:rally:7/5/4/4/2/2/2/1/1/0,1,,,0.0000,INSUFFICIENT_SAMPLE
Candidate V4,Fortress_defense_pattern,FortressBot:rally:8/5/4/4/3/1/1/1/0/0,1,,,0.0000,INSUFFICIENT_SAMPLE
Candidate V4,Fortress_defense_pattern,FortressBot:rally:7/4/4/3/2/0/0/0/0/0,1,,,0.0000,INSUFFICIENT_SAMPLE
Candidate V4,Fortress_defense_pattern,FortressBot:rally:6/5/3/2/2/2/0/0/0/0,1,,,0.0000,INSUFFICIENT_SAMPLE
Candidate V4,Fortress_defense_pattern,FortressBot:rally:10/4/4/3/2/1/1/0/0/0,1,,,0.0000,INSUFFICIENT_SAMPLE
Candidate V4,Fortress_defense_pattern,FortressBot:rally:8/5/4/4/3/2/2/1/0/0,1,,,0.0000,INSUFFICIENT_SAMPLE
Candidate V4,Fortress_defense_pattern,FortressBot:rally:8/3/2/2/2/2/2/0/0/0,1,,,0.0000,INSUFFICIENT_SAMPLE
Candidate V4,Fortress_defense_pattern,FortressBot:rally:5/4/3/2/2/1/0/0/0/0,1,,,0.0000,INSUFFICIENT_SAMPLE
Candidate V4,Fortress_defense_pattern,FortressBot:rally:6/6/4/3/1/1/0/0/0/0,1,,,0.0000,INSUFFICIENT_SAMPLE
Candidate V4,Fortress_defense_pattern,FortressBot:rally:6/4/4/2/2/2/2/2/1/0,1,,,0.0000,INSUFFICIENT_SAMPLE
Candidate V4,Fortress_defense_pattern,FortressBot:rally:10/4/4/3/2/1/1/1/0/0,1,,,0.0000,INSUFFICIENT_SAMPLE
Candidate V4,Fortress_defense_pattern,FortressBot:rally:5/5/4/4/1/1/1/1/1/0,1,,,0.0000,INSUFFICIENT_SAMPLE
Candidate V4,Fortress_defense_pattern,FortressBot:rally:6/5/3/3/1/1/1/0/0/0,1,,,0.0000,INSUFFICIENT_SAMPLE
Candidate V4,Fortress_defense_pattern,FortressBot:rally:8/5/4/4/2/1/1/0/0/0,1,,,0.0000,INSUFFICIENT_SAMPLE
Candidate V4,Fortress_defense_pattern,FortressBot:rally:9/4/4/4/1/1/0/0/0/0,1,,,0.0000,INSUFFICIENT_SAMPLE
Candidate V4,Fortress_defense_pattern,FortressBot:rally:7/6/4/3/3/2/1/1/1/0,1,,,0.0000,INSUFFICIENT_SAMPLE
Candidate V4,Fortress_defense_pattern,FortressBot:rally:7/3/2/2/1/1/1/0/0/0,1,,,0.0000,INSUFFICIENT_SAMPLE
Candidate V4,Fortress_defense_pattern,FortressBot:rally:8/4/4/3/1/1/0/0/0/0,1,,,0.0000,INSUFFICIENT_SAMPLE
Candidate V4,Fortress_defense_pattern,FortressBot:rally:7/7/4/4/2/0/0/0/0/0,1,,,0.0000,INSUFFICIENT_SAMPLE
Candidate V4,Fortress_defense_pattern,FortressBot:rally:5/4/4/4/3/3/1/1/1/0,1,,,0.0000,INSUFFICIENT_SAMPLE
Candidate V4,Fortress_defense_pattern,FortressBot:rally:11/4/4/3/2/2/1/0/0/0,1,,,0.0000,INSUFFICIENT_SAMPLE
Candidate V4,Fortress_defense_pattern,FortressBot:rally:9/5/4/3/2/2/1/0/0/0,1,,,0.0000,INSUFFICIENT_SAMPLE
Candidate V4,Fortress_defense_pattern,FortressBot:rally:3/3/2/2/2/0/0/0/0/0,1,,,0.0000,INSUFFICIENT_SAMPLE
Candidate V4,Fortress_defense_pattern,FortressBot:rally:4/3/2/2/2/1/0/0/0/0,1,,,0.0000,INSUFFICIENT_SAMPLE
Candidate V4,Fortress_defense_pattern,FortressBot:rally:7/7/4/2/2/2/0/0/0/0,1,,,0.0000,INSUFFICIENT_SAMPLE
Candidate V4,Fortress_defense_pattern,FortressBot:rally:7/5/3/3/3/2/2/1/1/0,1,,,0.0000,INSUFFICIENT_SAMPLE
Candidate V4,Fortress_defense_pattern,FortressBot:rally:8/3/3/3/1/1/1/0/0/0,1,,,0.0000,INSUFFICIENT_SAMPLE
Candidate V4,Fortress_defense_pattern,FortressBot:rally:5/4/4/4/2/1/1/0/0/0,1,,,0.0000,INSUFFICIENT_SAMPLE
Candidate V4,Fortress_defense_pattern,FortressBot:rally:8/6/4/4/2/2/2/1/0/0,1,,,0.0000,INSUFFICIENT_SAMPLE
Candidate V4,Fortress_defense_pattern,FortressBot:rally:7/4/4/3/3/2/1/1/1/0,1,,,0.0000,INSUFFICIENT_SAMPLE
Candidate V4,Fortress_defense_pattern,FortressBot:rally:11/5/4/4/2/2/1/1/1/0,1,,,0.0000,INSUFFICIENT_SAMPLE
Candidate V4,Fortress_defense_pattern,FortressBot:rally:6/4/4/4/2/2/2/2/1/1,1,,,0.0000,INSUFFICIENT_SAMPLE
Candidate V4,Fortress_defense_pattern,FortressBot:rally:7/6/3/2/2/2/2/1/0/0,1,,,0.0000,INSUFFICIENT_SAMPLE
Candidate V4,Fortress_defense_pattern,FortressBot:rally:9/5/4/2/2/2/2/2/0/0,1,,,0.0000,INSUFFICIENT_SAMPLE
Candidate V4,Fortress_defense_pattern,FortressBot:rally:4/4/3/3/3/2/1/1/1/1,1,,,0.0000,INSUFFICIENT_SAMPLE
Candidate V4,Fortress_defense_pattern,FortressBot:rally:9/7/4/4/3/1/1/0/0/0,1,,,0.0000,INSUFFICIENT_SAMPLE
Candidate V4,Fortress_defense_pattern,FortressBot:rally:10/3/2/2/2/2/2/1/0/0,1,,,0.0000,INSUFFICIENT_SAMPLE
Candidate V4,Fortress_defense_pattern,FortressBot:rally:9/3/3/3/2/2/1/1/1/1,1,,,0.0000,INSUFFICIENT_SAMPLE
Candidate V4,Fortress_defense_pattern,FortressBot:rally:4/2/2/2/1/0/0/0/0/0,1,,,0.0000,INSUFFICIENT_SAMPLE
Candidate V4,Fortress_defense_pattern,FortressBot:rally:7/6/4/4/3/2/1/1/1/1,1,,,0.0000,INSUFFICIENT_SAMPLE
Candidate V4,Fortress_defense_pattern,FortressBot:rally:3/3/1/1/1/1/1/1/0/0,1,,,0.0000,INSUFFICIENT_SAMPLE
Candidate V4,Fortress_defense_pattern,FortressBot:rally:7/7/4/3/3/0/0/0/0/0,1,,,0.0000,INSUFFICIENT_SAMPLE
Candidate V4,Fortress_defense_pattern,FortressBot:rally:6/6/3/3/2/2/2/0/0/0,1,,,0.0000,INSUFFICIENT_SAMPLE
Candidate V4,Fortress_defense_pattern,FortressBot:rally:2/2/2/2/2/1/0/0/0/0,1,,,0.0000,INSUFFICIENT_SAMPLE
Candidate V4,Fortress_defense_pattern,FortressBot:rally:10/5/4/3/3/2/2/1/0/0,1,,,0.0000,INSUFFICIENT_SAMPLE
Candidate V4,Fortress_defense_pattern,FortressBot:rally:8/4/3/3/3/1/1/0/0/0,1,,,0.0000,INSUFFICIENT_SAMPLE
Candidate V4,Fortress_defense_pattern,FortressBot:rally:6/4/3/3/2/2/2/1/1/1,1,,,0.0000,INSUFFICIENT_SAMPLE
Candidate V4,Fortress_defense_pattern,FortressBot:rally:7/4/4/4/2/2/1/0/0/0,1,,,0.0000,INSUFFICIENT_SAMPLE
Candidate V4,Fortress_defense_pattern,FortressBot:rally:5/3/3/2/2/1/1/1/1/0,1,,,0.0000,INSUFFICIENT_SAMPLE
Candidate V4,Fortress_defense_pattern,FortressBot:rally:7/4/4/4/2/2/1/1/0/0,1,,,0.0000,INSUFFICIENT_SAMPLE
Candidate V4,Fortress_defense_pattern,FortressBot:rally:5/4/3/3/2/2/2/2/1/1,1,,,0.0000,INSUFFICIENT_SAMPLE
Candidate V4,Fortress_defense_pattern,FortressBot:rally:9/4/4/3/2/2/2/1/0/0,1,,,0.0000,INSUFFICIENT_SAMPLE
Candidate V4,Fortress_defense_pattern,FortressBot:rally:6/4/2/2/2/2/1/0/0/0,1,,,0.0000,INSUFFICIENT_SAMPLE
Candidate V4,Fortress_defense_pattern,FortressBot:rally:2/2/1/1/1/1/1/1/1/0,1,,,0.0000,INSUFFICIENT_SAMPLE
Candidate V4,Fortress_defense_pattern,FortressBot:rally:3/3/1/1/1/1/1/1/1/0,1,,,0.0000,INSUFFICIENT_SAMPLE
Candidate V4,Fortress_defense_pattern,FortressBot:rally:5/5/4/2/2/2/2/1/1/0,1,,,0.0000,INSUFFICIENT_SAMPLE
Candidate V4,Fortress_defense_pattern,FortressBot:rally:5/5/4/3/3/3/2/2/1/1,1,,,0.0000,INSUFFICIENT_SAMPLE
Candidate V4,Fortress_defense_pattern,FortressBot:rally:8/6/4/3/2/2/1/0/0/0,1,,,0.0000,INSUFFICIENT_SAMPLE
Candidate V4,Fortress_defense_pattern,FortressBot:rally:8/4/3/3/3/3/2/1/1/0,1,,,0.0000,INSUFFICIENT_SAMPLE
Candidate V4,Fortress_defense_pattern,FortressBot:rally:4/1/1/1/1/0/0/0/0/0,1,,,0.0000,INSUFFICIENT_SAMPLE
Candidate V4,Fortress_defense_pattern,FortressBot:rally:9/8/4/4/4/1/1/1/0/0,1,,,0.0000,INSUFFICIENT_SAMPLE
Candidate V4,Fortress_defense_pattern,FortressBot:rally:9/5/4/4/4/1/1/1/0/0,1,,,0.0000,INSUFFICIENT_SAMPLE
Candidate V4,Fortress_defense_pattern,FortressBot:rally:5/3/3/2/2/1/1/1/1/1,1,,,0.0000,INSUFFICIENT_SAMPLE
Candidate V4,Fortress_defense_pattern,FortressBot:rally:12/3/3/2/2/1/1/1/0/0,1,,,0.0000,INSUFFICIENT_SAMPLE
Candidate V4,Fortress_defense_pattern,FortressBot:rally:8/4/4/3/2/2/1/1/0/0,1,,,0.0000,INSUFFICIENT_SAMPLE
Candidate V4,Fortress_defense_pattern,FortressBot:rally:10/4/3/3/3/1/0/0/0/0,1,,,0.0000,INSUFFICIENT_SAMPLE
Candidate V4,Fortress_defense_pattern,FortressBot:rally:5/3/3/3/3/2/2/1/1/1,1,,,0.0000,INSUFFICIENT_SAMPLE
Candidate V4,Fortress_defense_pattern,FortressBot:rally:6/2/2/1/1/1/1/1/0/0,1,,,0.0000,INSUFFICIENT_SAMPLE
Candidate V4,Fortress_defense_pattern,FortressBot:rally:11/4/3/3/3/3/2/2/1/1,1,,,0.0000,INSUFFICIENT_SAMPLE
Candidate V4,Fortress_defense_pattern,FortressBot:rally:9/5/3/2/2/2/1/0/0/0,1,,,0.0000,INSUFFICIENT_SAMPLE
Candidate V4,Fortress_defense_pattern,FortressBot:rally:11/4/3/3/2/1/1/0/0/0,1,,,0.0000,INSUFFICIENT_SAMPLE
Candidate V4,Fortress_defense_pattern,FortressBot:rally:2/2/2/2/2/2/1/1/1/1,1,,,0.0000,INSUFFICIENT_SAMPLE
Candidate V4,Fortress_defense_pattern,FortressBot:rally:8/6/3/3/3/2/1/1/0/0,1,,,0.0000,INSUFFICIENT_SAMPLE
Candidate V4,Fortress_defense_pattern,FortressBot:rally:4/4/2/2/2/2/1/1/0/0,1,,,0.0000,INSUFFICIENT_SAMPLE
Candidate V4,Fortress_defense_pattern,FortressBot:rally:7/4/4/3/3/2/2/0/0/0,1,,,0.0000,INSUFFICIENT_SAMPLE
Candidate V4,Fortress_defense_pattern,FortressBot:rally:6/2/2/2/2/2/2/1/1/0,1,,,0.0000,INSUFFICIENT_SAMPLE
Candidate V4,Fortress_defense_pattern,FortressBot:rally:7/2/2/2/2/2/1/1/1/0,1,,,0.0000,INSUFFICIENT_SAMPLE
Candidate V4,Fortress_defense_pattern,FortressBot:rally:12/3/2/2/1/1/1/0/0/0,1,,,0.0000,INSUFFICIENT_SAMPLE
Candidate V4,Fortress_defense_pattern,FortressBot:rally:7/7/4/3/2/2/2/1/0/0,1,,,0.0000,INSUFFICIENT_SAMPLE
Candidate V4,Fortress_defense_pattern,FortressBot:rally:4/4/4/4/4/1/1/0/0/0,1,,,0.0000,INSUFFICIENT_SAMPLE
Candidate V4,Fortress_defense_pattern,FortressBot:rally:8/4/3/3/2/2/1/1/1/1,1,,,0.0000,INSUFFICIENT_SAMPLE
Candidate V4,Fortress_defense_pattern,FortressBot:rally:10/4/2/2/2/1/0/0/0/0,1,,,0.0000,INSUFFICIENT_SAMPLE
Candidate V4,Fortress_defense_pattern,FortressBot:rally:5/3/3/3/3/2/2/2/2/2,1,,,0.0000,INSUFFICIENT_SAMPLE
Candidate V4,Fortress_defense_pattern,FortressBot:rally:7/5/4/3/3/3/2/1/1/0,1,,,0.0000,INSUFFICIENT_SAMPLE
