mode,analysis_type,policy_or_allocation,observations,wins,win_rate,allocation_share,sample_status
Legacy,bot_policy,BluffDefenseBot,2493,1546,0.6201,,observed_only
Legacy,bot_policy,BalancedBot,2584,1427,0.5522,,observed_only
Legacy,bot_policy,FortressBot,2477,1330,0.5369,,observed_only
Legacy,bot_policy,Top3AwareDefenseBot,2524,1526,0.6046,,observed_only
Legacy,bot_policy,WeaknessHunterBot,2473,876,0.3542,,observed_only
Legacy,bot_policy,RandomBot,2546,437,0.1716,,observed_only
Legacy,bot_policy,GreedyAttackBot,2456,1444,0.5879,,observed_only
Legacy,bot_policy,AdaptiveBot,2447,1114,0.4553,,observed_only
Candidate,bot_policy,BluffDefenseBot,2493,1713,0.6871,,observed_only
Candidate,bot_policy,BalancedBot,2584,1087,0.4207,,observed_only
Candidate,bot_policy,FortressBot,2477,1296,0.5232,,observed_only
Candidate,bot_policy,Top3AwareDefenseBot,2524,1397,0.5535,,observed_only
Candidate,bot_policy,WeaknessHunterBot,2473,714,0.2887,,observed_only
Candidate,bot_policy,RandomBot,2546,383,0.1504,,observed_only
Candidate,bot_policy,GreedyAttackBot,2456,1364,0.5554,,observed_only
Candidate,bot_policy,AdaptiveBot,2447,912,0.3727,,observed_only
Candidate V3,bot_policy,BluffDefenseBot,2493,1634,0.6554,,observed_only
Candidate V3,bot_policy,BalancedBot,2584,1178,0.4559,,observed_only
Candidate V3,bot_policy,FortressBot,2477,1232,0.4974,,observed_only
Candidate V3,bot_policy,Top3AwareDefenseBot,2524,1693,0.6708,,observed_only
Candidate V3,bot_policy,WeaknessHunterBot,2473,707,0.2859,,observed_only
Candidate V3,bot_policy,RandomBot,2546,365,0.1434,,observed_only
Candidate V3,bot_policy,GreedyAttackBot,2456,1283,0.5224,,observed_only
Candidate V3,bot_policy,AdaptiveBot,2447,870,0.3555,,observed_only
Candidate V3,Fortress_defense_pattern,FortressBot:service:4/4/0/0/0,4321,,,0.1681,observed_only
Candidate V3,Fortress_defense_pattern,FortressBot:service:4/2/1/1/0,4306,,,0.1675,observed_only
Candidate V3,Fortress_defense_pattern,FortressBot:service:2/2/2/1/1,4288,,,0.1668,observed_only
Candidate V3,Fortress_defense_pattern,FortressBot:service:5/3/0/0/0,4276,,,0.1663,observed_only
Candidate V3,Fortress_defense_pattern,FortressBot:service:8/0/0/0/0,4274,,,0.1663,observed_only
Candidate V3,Fortress_defense_pattern,FortressBot:service:6/2/0/0/0,4240,,,0.1649,observed_only
Candidate V3,Fortress_defense_pattern,FortressBot:receive:6/2/0/0/0,1410,,,0.1733,observed_only
Candidate V3,Fortress_defense_pattern,FortressBot:receive:4/4/0/0/0,1383,,,0.1699,observed_only
Candidate V3,Fortress_defense_pattern,FortressBot:receive:4/2/1/1/0,1363,,,0.1675,observed_only
Candidate V3,Fortress_defense_pattern,FortressBot:receive:8/0/0/0/0,1339,,,0.1645,observed_only
Candidate V3,Fortress_defense_pattern,FortressBot:receive:5/3/0/0/0,1332,,,0.1637,observed_only
Candidate V3,Fortress_defense_pattern,FortressBot:receive:2/2/2/1/1,1311,,,0.1611,observed_only
Candidate V3,Fortress_defense_pattern,FortressBot:rally:4/4/0/0/0,865,,,0.1764,observed_only
Candidate V3,Fortress_defense_pattern,FortressBot:rally:2/2/2/1/1,844,,,0.1721,observed_only
Candidate V3,Fortress_defense_pattern,FortressBot:rally:8/0/0/0/0,810,,,0.1652,observed_only
Candidate V3,Fortress_defense_pattern,FortressBot:rally:5/3/0/0/0,806,,,0.1644,observed_only
Candidate V3,Fortress_defense_pattern,FortressBot:rally:6/2/0/0/0,799,,,0.1630,observed_only
Candidate V3,Fortress_defense_pattern,FortressBot:rally:4/2/1/1/0,779,,,0.1589,observed_only
Candidate V4,bot_policy,SaveForRallyBot,1507,230,0.1526,,observed_only
Candidate V4,bot_policy,WeaknessHunterBot,1487,811,0.5454,,observed_only
Candidate V4,bot_policy,BalancedReserveBot,1610,599,0.3720,,observed_only
Candidate V4,bot_policy,AllInEarlyBot,1530,1143,0.7471,,observed_only
Candidate V4,bot_policy,RandomBot,1500,762,0.5080,,observed_only
Candidate V4,bot_policy,FortressBot,1576,683,0.4334,,observed_only
Candidate V4,bot_policy,Top3AwareDefenseBot,1473,768,0.5214,,observed_only
Candidate V4,bot_policy,MinimumNeededBot,1572,541,0.3441,,observed_only
Candidate V4,bot_policy,SpendAllBot,1563,1147,0.7338,,observed_only
Candidate V4,bot_policy,BalancedBot,1548,762,0.4922,,observed_only
Candidate V4,bot_policy,AdaptiveBot,1525,787,0.5161,,observed_only
Candidate V4,bot_policy,BluffDefenseBot,1547,930,0.6012,,observed_only
Candidate V4,bot_policy,GreedyAttackBot,1562,757,0.4846,,observed_only
Candidate V4,Fortress_defense_pattern,FortressBot:service:5/4/1/0/0,1823,,,0.1385,observed_only
Candidate V4,Fortress_defense_pattern,FortressBot:service:6/3/1/0/0,1244,,,0.0945,observed_only
Candidate V4,Fortress_defense_pattern,FortressBot:service:5/3/1/1/0,1125,,,0.0855,observed_only
Candidate V4,Fortress_defense_pattern,FortressBot:service:4/3/2/1/0,991,,,0.0753,observed_only
Candidate V4,Fortress_defense_pattern,FortressBot:receive:6/5/1/0/0,862,,,0.1036,observed_only
Candidate V4,Fortress_defense_pattern,FortressBot:service:6/2/1/1/0,728,,,0.0553,observed_only
Candidate V4,Fortress_defense_pattern,FortressBot:service:4/4/1/1/0,716,,,0.0544,observed_only
Candidate V4,Fortress_defense_pattern,FortressBot:service:6/4/0/0/0,656,,,0.0498,observed_only
Candidate V4,Fortress_defense_pattern,FortressBot:service:5/3/2/0/0,628,,,0.0477,observed_only
Candidate V4,Fortress_defense_pattern,FortressBot:receive:6/4/1/1/0,610,,,0.0733,observed_only
Candidate V4,Fortress_defense_pattern,FortressBot:service:7/2/1/0/0,601,,,0.0457,observed_only
Candidate V4,Fortress_defense_pattern,FortressBot:receive:5/4/2/1/0,556,,,0.0668,observed_only
Candidate V4,Fortress_defense_pattern,FortressBot:receive:7/4/1/0/0,549,,,0.0660,observed_only
Candidate V4,Fortress_defense_pattern,FortressBot:service:5/2/2/1/0,538,,,0.0409,observed_only
Candidate V4,Fortress_defense_pattern,FortressBot:receive:6/3/2/1/0,474,,,0.0570,observed_only
Candidate V4,Fortress_defense_pattern,FortressBot:service:5/5/0/0/0,415,,,0.0315,observed_only
Candidate V4,Fortress_defense_pattern,FortressBot:service:7/3/0/0/0,385,,,0.0292,observed_only
Candidate V4,Fortress_defense_pattern,FortressBot:receive:7/3/1/1/0,378,,,0.0454,observed_only
Candidate V4,Fortress_defense_pattern,FortressBot:receive:5/5/1/1/0,376,,,0.0452,observed_only
Candidate V4,Fortress_defense_pattern,FortressBot:service:4/4/2/0/0,355,,,0.0270,observed_only
Candidate V4,Fortress_defense_pattern,FortressBot:service:4/3/1/1/1,306,,,0.0232,observed_only
Candidate V4,Fortress_defense_pattern,FortressBot:receive:8/3/1/0/0,297,,,0.0357,observed_only
Candidate V4,Fortress_defense_pattern,FortressBot:receive:6/4/2/0/0,289,,,0.0347,observed_only
Candidate V4,Fortress_defense_pattern,FortressBot:service:6/2/2/0/0,277,,,0.0210,observed_only
Candidate V4,Fortress_defense_pattern,FortressBot:receive:7/5/0/0/0,259,,,0.0311,observed_only
Candidate V4,Fortress_defense_pattern,FortressBot:service:4/2/2/1/1,249,,,0.0189,observed_only
Candidate V4,Fortress_defense_pattern,FortressBot:service:5/2/1/1/1,239,,,0.0182,observed_only
Candidate V4,Fortress_defense_pattern,FortressBot:receive:5/3/2/1/1,208,,,0.0250,observed_only
Candidate V4,Fortress_defense_pattern,FortressBot:receive:7/3/2/0/0,191,,,0.0229,observed_only
Candidate V4,Fortress_defense_pattern,FortressBot:service:3/3/2/1/1,184,,,0.0140,observed_only
Candidate V4,Fortress_defense_pattern,FortressBot:receive:5/4/1/1/1,183,,,0.0220,observed_only
Candidate V4,Fortress_defense_pattern,FortressBot:receive:5/5/2/0/0,177,,,0.0213,observed_only
Candidate V4,Fortress_defense_pattern,FortressBot:service:7/1/1/1/0,172,,,0.0131,observed_only
Candidate V4,Fortress_defense_pattern,FortressBot:receive:7/2/2/1/0,170,,,0.0204,observed_only
Candidate V4,Fortress_defense_pattern,FortressBot:receive:8/4/0/0/0,157,,,0.0189,observed_only
Candidate V4,Fortress_defense_pattern,FortressBot:receive:8/2/1/1/0,154,,,0.0185,observed_only
Candidate V4,Fortress_defense_pattern,FortressBot:rally:7/4/3/2/2/1/1/1/1/0,152,,,0.0209,observed_only
Candidate V4,Fortress_defense_pattern,FortressBot:service:8/2/0/0/0,149,,,0.0113,observed_only
Candidate V4,Fortress_defense_pattern,FortressBot:receive:6/6/0/0/0,146,,,0.0175,observed_only
Candidate V4,Fortress_defense_pattern,FortressBot:service:4/3/3/0/0,141,,,0.0107,observed_only
Candidate V4,Fortress_defense_pattern,FortressBot:rally:7/5/3/2/2/1/1/1/0/0,139,,,0.0191,observed_only
Candidate V4,Fortress_defense_pattern,FortressBot:service:8/1/1/0/0,138,,,0.0105,observed_only
Candidate V4,Fortress_defense_pattern,FortressBot:rally:7/4/3/2/2/2/1/1/0/0,137,,,0.0188,observed_only
Candidate V4,Fortress_defense_pattern,FortressBot:rally:6/4/3/2/2/2/1/1/1/0,132,,,0.0181,observed_only
Candidate V4,Fortress_defense_pattern,FortressBot:rally:6/5/3/2/2/1/1/1/1/0,130,,,0.0179,observed_only
Candidate V4,Fortress_defense_pattern,FortressBot:receive:5/3/3/1/0,123,,,0.0148,observed_only
Candidate V4,Fortress_defense_pattern,FortressBot:rally:7/4/3/3/2/1/1/1/0/0,123,,,0.0169,observed_only
Candidate V4,Fortress_defense_pattern,FortressBot:receive:6/3/1/1/1,123,,,0.0148,observed_only
Candidate V4,Fortress_defense_pattern,FortressBot:rally:6/5/3/2/2/2/1/1/0/0,121,,,0.0166,observed_only
Candidate V4,Fortress_defense_pattern,FortressBot:receive:4/4/2/1/1,118,,,0.0142,observed_only
Candidate V4,Fortress_defense_pattern,FortressBot:rally:8/4/3/2/2/1/1/1/0/0,113,,,0.0155,observed_only
Candidate V4,Fortress_defense_pattern,FortressBot:rally:6/5/3/3/2/1/1/1/0/0,112,,,0.0154,observed_only
Candidate V4,Fortress_defense_pattern,FortressBot:receive:9/2/1/0/0,110,,,0.0132,observed_only
Candidate V4,Fortress_defense_pattern,FortressBot:rally:6/5/4/2/2/1/1/1/0/0,110,,,0.0151,observed_only
Candidate V4,Fortress_defense_pattern,FortressBot:service:3/3/2/2/0,108,,,0.0082,observed_only
Candidate V4,Fortress_defense_pattern,FortressBot:service:4/2/2/2/0,104,,,0.0079,observed_only
Candidate V4,Fortress_defense_pattern,FortressBot:receive:4/3/2/2/1,104,,,0.0125,observed_only
Candidate V4,Fortress_defense_pattern,FortressBot:receive:6/2/2/1/1,102,,,0.0123,observed_only
Candidate V4,Fortress_defense_pattern,FortressBot:rally:6/4/3/3/2/2/1/1/0/0,100,,,0.0137,observed_only
Candidate V4,Fortress_defense_pattern,FortressBot:receive:5/4/3/0/0,94,,,0.0113,INSUFFICIENT_SAMPLE
Candidate V4,Fortress_defense_pattern,FortressBot:rally:7/5/4/2/2/1/1/0/0/0,94,,,0.0129,INSUFFICIENT_SAMPLE
Candidate V4,Fortress_defense_pattern,FortressBot:receive:5/3/2/2/0,93,,,0.0112,INSUFFICIENT_SAMPLE
Candidate V4,Fortress_defense_pattern,FortressBot:receive:4/4/3/1/0,92,,,0.0111,INSUFFICIENT_SAMPLE
Candidate V4,Fortress_defense_pattern,FortressBot:service:3/2/2/2/1,88,,,0.0067,INSUFFICIENT_SAMPLE
Candidate V4,Fortress_defense_pattern,FortressBot:rally:7/5/3/3/2/1/1/0/0/0,85,,,0.0117,INSUFFICIENT_SAMPLE
Candidate V4,Fortress_defense_pattern,FortressBot:rally:7/3/3/2/2/2/1/1/1/0,85,,,0.0117,INSUFFICIENT_SAMPLE
Candidate V4,Fortress_defense_pattern,FortressBot:rally:7/4/4/2/2/1/1/1/0/0,81,,,0.0111,INSUFFICIENT_SAMPLE
Candidate V4,Fortress_defense_pattern,FortressBot:service:3/3/3/1/0,80,,,0.0061,INSUFFICIENT_SAMPLE
Candidate V4,Fortress_defense_pattern,FortressBot:receive:7/2/1/1/1,76,,,0.0091,INSUFFICIENT_SAMPLE
Candidate V4,Fortress_defense_pattern,FortressBot:rally:5/4/3/3/2/2/1/1/1/0,74,,,0.0102,INSUFFICIENT_SAMPLE
Candidate V4,Fortress_defense_pattern,FortressBot:rally:6/6/3/2/2/1/1/1/0/0,68,,,0.0093,INSUFFICIENT_SAMPLE
Candidate V4,Fortress_defense_pattern,FortressBot:service:0/0/0/0/0,67,,,0.0051,INSUFFICIENT_SAMPLE
Candidate V4,Fortress_defense_pattern,FortressBot:receive:9/3/0/0/0,66,,,0.0079,INSUFFICIENT_SAMPLE
Candidate V4,Fortress_defense_pattern,FortressBot:rally:6/5/4/3/1/1/1/1/0/0,66,,,0.0091,INSUFFICIENT_SAMPLE
Candidate V4,Fortress_defense_pattern,FortressBot:rally:6/4/4/3/2/1/1/1/0/0,65,,,0.0089,INSUFFICIENT_SAMPLE
Candidate V4,Fortress_defense_pattern,FortressBot:rally:6/4/4/2/2/2/1/1/0/0,65,,,0.0089,INSUFFICIENT_SAMPLE
Candidate V4,Fortress_defense_pattern,FortressBot:rally:6/4/3/3/2/1/1/1/1/0,64,,,0.0088,INSUFFICIENT_SAMPLE
Candidate V4,Fortress_defense_pattern,FortressBot:rally:8/4/3/3/2/1/1/0/0/0,63,,,0.0087,INSUFFICIENT_SAMPLE
Candidate V4,Fortress_defense_pattern,FortressBot:rally:6/4/4/2/2/1/1/1/1/0,62,,,0.0085,INSUFFICIENT_SAMPLE
Candidate V4,Fortress_defense_pattern,FortressBot:service:1/0/0/0/0,62,,,0.0047,INSUFFICIENT_SAMPLE
Candidate V4,Fortress_defense_pattern,FortressBot:service:6/1/1/1/1,61,,,0.0046,INSUFFICIENT_SAMPLE
Candidate V4,Fortress_defense_pattern,FortressBot:rally:6/5/4/3/2/1/1/0/0/0,60,,,0.0082,INSUFFICIENT_SAMPLE
Candidate V4,Fortress_defense_pattern,FortressBot:rally:6/5/4/2/1/1/1/1/1/0,60,,,0.0082,INSUFFICIENT_SAMPLE
Candidate V4,Fortress_defense_pattern,FortressBot:rally:8/3/3/2/2/1/1/1/1/0,59,,,0.0081,INSUFFICIENT_SAMPLE
Candidate V4,Fortress_defense_pattern,FortressBot:rally:7/5/4/2/1/1/1/1/0/0,58,,,0.0080,INSUFFICIENT_SAMPLE
Candidate V4,Fortress_defense_pattern,FortressBot:receive:8/2/2/0/0,57,,,0.0068,INSUFFICIENT_SAMPLE
Candidate V4,Fortress_defense_pattern,FortressBot:rally:6/4/3/2/2/2/2/1/0/0,57,,,0.0078,INSUFFICIENT_SAMPLE
Candidate V4,Fortress_defense_pattern,FortressBot:rally:5/4/3/2/2/2/2/1/1/0,55,,,0.0076,INSUFFICIENT_SAMPLE
Candidate V4,Fortress_defense_pattern,FortressBot:receive:6/3/3/0/0,55,,,0.0066,INSUFFICIENT_SAMPLE
Candidate V4,Fortress_defense_pattern,FortressBot:rally:9/4/3/2/2/1/1/0/0/0,55,,,0.0076,INSUFFICIENT_SAMPLE
Candidate V4,Fortress_defense_pattern,FortressBot:receive:4/4/2/2/0,54,,,0.0065,INSUFFICIENT_SAMPLE
Candidate V4,Fortress_defense_pattern,FortressBot:service:1/1/0/0/0,54,,,0.0041,INSUFFICIENT_SAMPLE
Candidate V4,Fortress_defense_pattern,FortressBot:rally:6/6/4/2/2/1/1/0/0/0,53,,,0.0073,INSUFFICIENT_SAMPLE
Candidate V4,Fortress_defense_pattern,FortressBot:rally:5/5/3/2/2/2/1/1/1/0,53,,,0.0073,INSUFFICIENT_SAMPLE
Candidate V4,Fortress_defense_pattern,FortressBot:rally:9/3/3/2/2/1/1/1/0/0,52,,,0.0071,INSUFFICIENT_SAMPLE
Candidate V4,Fortress_defense_pattern,FortressBot:receive:4/3/3/2/0,51,,,0.0061,INSUFFICIENT_SAMPLE
Candidate V4,Fortress_defense_pattern,FortressBot:rally:8/3/3/2/2/2/1/1/0/0,50,,,0.0069,INSUFFICIENT_SAMPLE
Candidate V4,Fortress_defense_pattern,FortressBot:rally:6/6/3/3/2/1/1/0/0/0,50,,,0.0069,INSUFFICIENT_SAMPLE
Candidate V4,Fortress_defense_pattern,FortressBot:rally:6/3/3/3/2/2/1/1/1/0,49,,,0.0067,INSUFFICIENT_SAMPLE
Candidate V4,Fortress_defense_pattern,FortressBot:rally:7/4/3/3/2/2/1/0/0/0,49,,,0.0067,INSUFFICIENT_SAMPLE
Candidate V4,Fortress_defense_pattern,FortressBot:rally:5/4/3/2/2/2/1/1/1/1,48,,,0.0066,INSUFFICIENT_SAMPLE
Candidate V4,Fortress_defense_pattern,FortressBot:rally:5/5/3/3/2/2/1/1/0/0,48,,,0.0066,INSUFFICIENT_SAMPLE
Candidate V4,Fortress_defense_pattern,FortressBot:receive:4/3/3/1/1,48,,,0.0058,INSUFFICIENT_SAMPLE
Candidate V4,Fortress_defense_pattern,FortressBot:rally:6/3/3/2/2/2/1/1/1/1,48,,,0.0066,INSUFFICIENT_SAMPLE
Candidate V4,Fortress_defense_pattern,FortressBot:rally:7/4/4/2/1/1/1/1/1/0,48,,,0.0066,INSUFFICIENT_SAMPLE
Candidate V4,Fortress_defense_pattern,FortressBot:rally:8/4/4/3/1/1/1/0/0/0,47,,,0.0065,INSUFFICIENT_SAMPLE
Candidate V4,Fortress_defense_pattern,FortressBot:receive:5/2/2/2/1,47,,,0.0056,INSUFFICIENT_SAMPLE
Candidate V4,Fortress_defense_pattern,FortressBot:rally:8/4/4/2/2/1/1/0/0/0,47,,,0.0065,INSUFFICIENT_SAMPLE
Candidate V4,Fortress_defense_pattern,FortressBot:rally:5/4/4/3/2/2/1/1/0/0,45,,,0.0062,INSUFFICIENT_SAMPLE
Candidate V4,Fortress_defense_pattern,FortressBot:service:9/1/0/0/0,44,,,0.0033,INSUFFICIENT_SAMPLE
Candidate V4,Fortress_defense_pattern,FortressBot:receive:6/2/2/2/0,44,,,0.0053,INSUFFICIENT_SAMPLE
Candidate V4,Fortress_defense_pattern,FortressBot:rally:8/4/3/2/2/2/1/0/0/0,44,,,0.0060,INSUFFICIENT_SAMPLE
Candidate V4,Fortress_defense_pattern,FortressBot:rally:7/3/3/3/2/2/1/1/0/0,43,,,0.0059,INSUFFICIENT_SAMPLE
Candidate V4,Fortress_defense_pattern,FortressBot:rally:6/3/3/2/2/2/2/1/1/0,43,,,0.0059,INSUFFICIENT_SAMPLE
Candidate V4,Fortress_defense_pattern,FortressBot:rally:7/5/4/3/1/1/1/0/0/0,42,,,0.0058,INSUFFICIENT_SAMPLE
Candidate V4,Fortress_defense_pattern,FortressBot:rally:7/4/2/2/2/2/1/1/1/0,42,,,0.0058,INSUFFICIENT_SAMPLE
Candidate V4,Fortress_defense_pattern,FortressBot:rally:6/4/3/2/2/1/1/1/1/1,42,,,0.0058,INSUFFICIENT_SAMPLE
Candidate V4,Fortress_defense_pattern,FortressBot:rally:5/4/4/3/2/1/1/1/1/0,42,,,0.0058,INSUFFICIENT_SAMPLE
Candidate V4,Fortress_defense_pattern,FortressBot:rally:5/4/4/2/2/2/1/1/1/0,42,,,0.0058,INSUFFICIENT_SAMPLE
Candidate V4,Fortress_defense_pattern,FortressBot:rally:7/4/4/3/1/1/1/1/0/0,42,,,0.0058,INSUFFICIENT_SAMPLE
Candidate V4,Fortress_defense_pattern,FortressBot:receive:0/0/0/0/0,41,,,0.0049,INSUFFICIENT_SAMPLE
Candidate V4,Fortress_defense_pattern,FortressBot:rally:7/6/3/2/2/1/1/0/0/0,39,,,0.0054,INSUFFICIENT_SAMPLE
Candidate V4,Fortress_defense_pattern,FortressBot:rally:7/3/3/2/2/2/2/1/0/0,38,,,0.0052,INSUFFICIENT_SAMPLE
Candidate V4,Fortress_defense_pattern,FortressBot:rally:5/4/3/3/3/2/1/1/0/0,37,,,0.0051,INSUFFICIENT_SAMPLE
Candidate V4,Fortress_defense_pattern,FortressBot:rally:5/5/4/2/2/1/1/1/1/0,37,,,0.0051,INSUFFICIENT_SAMPLE
Candidate V4,Fortress_defense_pattern,FortressBot:rally:7/4/4/3/2/1/1/0/0/0,37,,,0.0051,INSUFFICIENT_SAMPLE
Candidate V4,Fortress_defense_pattern,FortressBot:rally:5/5/4/2/2/2/1/1/0/0,37,,,0.0051,INSUFFICIENT_SAMPLE
Candidate V4,Fortress_defense_pattern,FortressBot:rally:6/5/4/2/2/2/1/0/0/0,36,,,0.0049,INSUFFICIENT_SAMPLE
Candidate V4,Fortress_defense_pattern,FortressBot:rally:5/5/4/3/2/1/1/1/0/0,36,,,0.0049,INSUFFICIENT_SAMPLE
Candidate V4,Fortress_defense_pattern,FortressBot:receive:9/1/1/1/0,36,,,0.0043,INSUFFICIENT_SAMPLE
Candidate V4,Fortress_defense_pattern,FortressBot:rally:7/4/4/2/2/2/1/0/0/0,35,,,0.0048,INSUFFICIENT_SAMPLE
Candidate V4,Fortress_defense_pattern,FortressBot:rally:7/5/2/2/2/2/1/1/0/0,35,,,0.0048,INSUFFICIENT_SAMPLE
Candidate V4,Fortress_defense_pattern,FortressBot:service:1/1/1/0/0,35,,,0.0027,INSUFFICIENT_SAMPLE
Candidate V4,Fortress_defense_pattern,FortressBot:rally:8/3/2/2/2/2/1/1/1/0,35,,,0.0048,INSUFFICIENT_SAMPLE
Candidate V4,Fortress_defense_pattern,FortressBot:rally:5/4/3/3/2/2/2/1/0/0,35,,,0.0048,INSUFFICIENT_SAMPLE
Candidate V4,Fortress_defense_pattern,FortressBot:rally:7/4/3/3/1/1/1/1/1/0,34,,,0.0047,INSUFFICIENT_SAMPLE
Candidate V4,Fortress_defense_pattern,FortressBot:rally:8/5/3/2/2/1/1/0/0/0,33,,,0.0045,INSUFFICIENT_SAMPLE
Candidate V4,Fortress_defense_pattern,FortressBot:rally:8/3/3/3/2/1/1/1/0/0,32,,,0.0044,INSUFFICIENT_SAMPLE
Candidate V4,Fortress_defense_pattern,FortressBot:rally:7/5/3/2/2/2/1/0/0/0,32,,,0.0044,INSUFFICIENT_SAMPLE
Candidate V4,Fortress_defense_pattern,FortressBot:rally:6/5/2/2/2/2/1/1/1/0,32,,,0.0044,INSUFFICIENT_SAMPLE
Candidate V4,Fortress_defense_pattern,FortressBot:service:2/1/1/0/0,31,,,0.0024,INSUFFICIENT_SAMPLE
Candidate V4,Fortress_defense_pattern,FortressBot:rally:6/4/4/3/2/2/1/0/0/0,31,,,0.0043,INSUFFICIENT_SAMPLE
Candidate V4,Fortress_defense_pattern,FortressBot:rally:7/6/3/3/2/1/0/0/0/0,31,,,0.0043,INSUFFICIENT_SAMPLE
Candidate V4,Fortress_defense_pattern,FortressBot:receive:1/0/0/0/0,31,,,0.0037,INSUFFICIENT_SAMPLE
Candidate V4,Fortress_defense_pattern,FortressBot:receive:1/1/0/0/0,30,,,0.0036,INSUFFICIENT_SAMPLE
Candidate V4,Fortress_defense_pattern,FortressBot:rally:6/5/3/3/2/2/1/0/0/0,30,,,0.0041,INSUFFICIENT_SAMPLE
Candidate V4,Fortress_defense_pattern,FortressBot:rally:7/5/4/3/2/1/0/0/0/0,30,,,0.0041,INSUFFICIENT_SAMPLE
Candidate V4,Fortress_defense_pattern,FortressBot:service:2/1/0/0/0,29,,,0.0022,INSUFFICIENT_SAMPLE
Candidate V4,Fortress_defense_pattern,FortressBot:rally:7/3/3/3/2/1/1/1/1/0,29,,,0.0040,INSUFFICIENT_SAMPLE
Candidate V4,Fortress_defense_pattern,FortressBot:rally:8/4/4/2/1/1/1/1/0/0,29,,,0.0040,INSUFFICIENT_SAMPLE
Candidate V4,Fortress_defense_pattern,FortressBot:rally:7/6/4/2/2/1/0/0/0/0,29,,,0.0040,INSUFFICIENT_SAMPLE
Candidate V4,Fortress_defense_pattern,FortressBot:rally:6/4/2/2/2/2/2/1/1/0,28,,,0.0038,INSUFFICIENT_SAMPLE
Candidate V4,Fortress_defense_pattern,FortressBot:rally:8/4/3/3/1/1/1/1/0/0,28,,,0.0038,INSUFFICIENT_SAMPLE
Candidate V4,Fortress_defense_pattern,FortressBot:rally:6/6/4/3/1/1/1/0/0/0,28,,,0.0038,INSUFFICIENT_SAMPLE
Candidate V4,Fortress_defense_pattern,FortressBot:rally:7/5/3/3/1/1/1/1/0/0,27,,,0.0037,INSUFFICIENT_SAMPLE
Candidate V4,Fortress_defense_pattern,FortressBot:rally:4/4/3/3/2/2/2/1/1/0,27,,,0.0037,INSUFFICIENT_SAMPLE
Candidate V4,Fortress_defense_pattern,FortressBot:rally:5/3/3/2/2/2/2/1/1/1,27,,,0.0037,INSUFFICIENT_SAMPLE
Candidate V4,Fortress_defense_pattern,FortressBot:rally:8/5/3/3/2/1/0/0/0/0,26,,,0.0036,INSUFFICIENT_SAMPLE
Candidate V4,Fortress_defense_pattern,FortressBot:rally:5/3/3/3/2/2/2/1/1/0,26,,,0.0036,INSUFFICIENT_SAMPLE
Candidate V4,Fortress_defense_pattern,FortressBot:service:2/1/1/1/0,26,,,0.0020,INSUFFICIENT_SAMPLE
Candidate V4,Fortress_defense_pattern,FortressBot:rally:7/3/2/2/2/2/2/1/1/0,26,,,0.0036,INSUFFICIENT_SAMPLE
Candidate V4,Fortress_defense_pattern,FortressBot:rally:6/6/4/2/1/1/1/1/0/0,26,,,0.0036,INSUFFICIENT_SAMPLE
Candidate V4,Fortress_defense_pattern,FortressBot:rally:8/4/3/2/1/1/1/1/1/0,26,,,0.0036,INSUFFICIENT_SAMPLE
Candidate V4,Fortress_defense_pattern,FortressBot:rally:9/3/2/2/2/2/1/1/0/0,25,,,0.0034,INSUFFICIENT_SAMPLE
Candidate V4,Fortress_defense_pattern,FortressBot:rally:6/5/3/2/2/2/2/0/0/0,25,,,0.0034,INSUFFICIENT_SAMPLE
Candidate V4,Fortress_defense_pattern,FortressBot:rally:5/5/3/3/2/1/1/1/1/0,25,,,0.0034,INSUFFICIENT_SAMPLE
Candidate V4,Fortress_defense_pattern,FortressBot:receive:10/2/0/0/0,25,,,0.0030,INSUFFICIENT_SAMPLE
Candidate V4,Fortress_defense_pattern,FortressBot:receive:10/1/1/0/0,25,,,0.0030,INSUFFICIENT_SAMPLE
Candidate V4,Fortress_defense_pattern,FortressBot:receive:2/1/1/0/0,25,,,0.0030,INSUFFICIENT_SAMPLE
Candidate V4,Fortress_defense_pattern,FortressBot:rally:8/4/2/2/2/2/1/1/0/0,24,,,0.0033,INSUFFICIENT_SAMPLE
Candidate V4,Fortress_defense_pattern,FortressBot:receive:2/1/0/0/0,24,,,0.0029,INSUFFICIENT_SAMPLE
Candidate V4,Fortress_defense_pattern,FortressBot:rally:9/4/3/3/2/1/0/0/0/0,23,,,0.0032,INSUFFICIENT_SAMPLE
Candidate V4,Fortress_defense_pattern,FortressBot:rally:9/3/3/3/2/1/1/0/0/0,23,,,0.0032,INSUFFICIENT_SAMPLE
Candidate V4,Fortress_defense_pattern,FortressBot:rally:6/5/3/3/1/1/1/1/1/0,23,,,0.0032,INSUFFICIENT_SAMPLE
Candidate V4,Fortress_defense_pattern,FortressBot:rally:6/4/3/3/3/2/1/0/0/0,23,,,0.0032,INSUFFICIENT_SAMPLE
Candidate V4,Fortress_defense_pattern,FortressBot:service:3/2/1/1/0,22,,,0.0017,INSUFFICIENT_SAMPLE
Candidate V4,Fortress_defense_pattern,FortressBot:rally:7/3/2/2/2/2/1/1/1/1,21,,,0.0029,INSUFFICIENT_SAMPLE
Candidate V4,Fortress_defense_pattern,FortressBot:rally:6/6/3/2/2/2/1/0/0/0,21,,,0.0029,INSUFFICIENT_SAMPLE
Candidate V4,Fortress_defense_pattern,FortressBot:rally:8/4/4/3/2/1/0/0/0/0,21,,,0.0029,INSUFFICIENT_SAMPLE
Candidate V4,Fortress_defense_pattern,FortressBot:rally:8/5/4/2/2/1/0/0/0/0,21,,,0.0029,INSUFFICIENT_SAMPLE
Candidate V4,Fortress_defense_pattern,FortressBot:rally:5/5/3/2/2/1/1/1/1/1,21,,,0.0029,INSUFFICIENT_SAMPLE
Candidate V4,Fortress_defense_pattern,FortressBot:rally:1/0/0/0/0/0/0/0/0/0,21,,,0.0029,INSUFFICIENT_SAMPLE
Candidate V4,Fortress_defense_pattern,FortressBot:rally:9/4/3/2/1/1/1/1/0/0,20,,,0.0027,INSUFFICIENT_SAMPLE
Candidate V4,Fortress_defense_pattern,FortressBot:rally:9/4/3/3/1/1/1/0/0/0,20,,,0.0027,INSUFFICIENT_SAMPLE
Candidate V4,Fortress_defense_pattern,FortressBot:rally:9/3/2/2/2/1/1/1/1/0,20,,,0.0027,INSUFFICIENT_SAMPLE
Candidate V4,Fortress_defense_pattern,FortressBot:rally:9/4/2/2/2/1/1/1/0/0,19,,,0.0026,INSUFFICIENT_SAMPLE
Candidate V4,Fortress_defense_pattern,FortressBot:rally:7/3/3/2/2/1/1/1/1/1,19,,,0.0026,INSUFFICIENT_SAMPLE
Candidate V4,Fortress_defense_pattern,FortressBot:rally:6/4/2/2/2/2/1/1/1/1,19,,,0.0026,INSUFFICIENT_SAMPLE
Candidate V4,Fortress_defense_pattern,FortressBot:service:2/0/0/0/0,19,,,0.0014,INSUFFICIENT_SAMPLE
Candidate V4,Fortress_defense_pattern,FortressBot:rally:6/3/3/3/2/2/2/1/0/0,19,,,0.0026,INSUFFICIENT_SAMPLE
Candidate V4,Fortress_defense_pattern,FortressBot:rally:8/5/3/2/2/2/0/0/0/0,18,,,0.0025,INSUFFICIENT_SAMPLE
Candidate V4,Fortress_defense_pattern,FortressBot:rally:4/4/3/3/3/2/1/1/1/0,18,,,0.0025,INSUFFICIENT_SAMPLE
Candidate V4,Fortress_defense_pattern,FortressBot:rally:5/5/4/3/2/2/1/0/0/0,18,,,0.0025,INSUFFICIENT_SAMPLE
Candidate V4,Fortress_defense_pattern,FortressBot:rally:5/4/4/3/3/1/1/1/0/0,18,,,0.0025,INSUFFICIENT_SAMPLE
Candidate V4,Fortress_defense_pattern,FortressBot:rally:8/3/3/3/2/2/1/0/0/0,18,,,0.0025,INSUFFICIENT_SAMPLE
Candidate V4,Fortress_defense_pattern,FortressBot:rally:7/6/4/3/1/1/0/0/0/0,18,,,0.0025,INSUFFICIENT_SAMPLE
Candidate V4,Fortress_defense_pattern,FortressBot:rally:7/4/2/2/2/2/2/1/0/0,17,,,0.0023,INSUFFICIENT_SAMPLE
Candidate V4,Fortress_defense_pattern,FortressBot:rally:6/6/2/2/2/2/1/1/0/0,17,,,0.0023,INSUFFICIENT_SAMPLE
Candidate V4,Fortress_defense_pattern,FortressBot:rally:5/4/4/2/2/2/2/1/0/0,17,,,0.0023,INSUFFICIENT_SAMPLE
Candidate V4,Fortress_defense_pattern,FortressBot:rally:5/5/3/2/2/2/2/1/0/0,17,,,0.0023,INSUFFICIENT_SAMPLE
Candidate V4,Fortress_defense_pattern,FortressBot:rally:10/3/3/2/2/1/1/0/0/0,16,,,0.0022,INSUFFICIENT_SAMPLE
Candidate V4,Fortress_defense_pattern,FortressBot:rally:6/4/4/2/1/1/1/1/1/1,16,,,0.0022,INSUFFICIENT_SAMPLE
Candidate V4,Fortress_defense_pattern,FortressBot:receive:3/3/3/2/1,16,,,0.0019,INSUFFICIENT_SAMPLE
Candidate V4,Fortress_defense_pattern,FortressBot:rally:6/4/3/3/3/1/1/1/0/0,16,,,0.0022,INSUFFICIENT_SAMPLE
Candidate V4,Fortress_defense_pattern,FortressBot:rally:0/0/0/0/0/0/0/0/0/0,16,,,0.0022,INSUFFICIENT_SAMPLE
Candidate V4,Fortress_defense_pattern,FortressBot:service:2/2/1/1/0,15,,,0.0011,INSUFFICIENT_SAMPLE
Candidate V4,Fortress_defense_pattern,FortressBot:service:1/1/1/1/0,15,,,0.0011,INSUFFICIENT_SAMPLE
Candidate V4,Fortress_defense_pattern,FortressBot:rally:8/5/4/3/1/1/0/0/0/0,15,,,0.0021,INSUFFICIENT_SAMPLE
Candidate V4,Fortress_defense_pattern,FortressBot:rally:7/6/4/2/1/1/1/0/0/0,15,,,0.0021,INSUFFICIENT_SAMPLE
Candidate V4,Fortress_defense_pattern,FortressBot:service:3/2/1/0/0,15,,,0.0011,INSUFFICIENT_SAMPLE
Candidate V4,Fortress_defense_pattern,FortressBot:rally:4/4/4/3/2/2/1/1/1/0,15,,,0.0021,INSUFFICIENT_SAMPLE
Candidate V4,Fortress_defense_pattern,FortressBot:rally:6/5/4/3/2/2/0/0/0/0,15,,,0.0021,INSUFFICIENT_SAMPLE
Candidate V4,Fortress_defense_pattern,FortressBot:rally:6/6/4/3/2/1/0/0/0/0,15,,,0.0021,INSUFFICIENT_SAMPLE
Candidate V4,Fortress_defense_pattern,FortressBot:rally:5/4/3/3/2/1/1/1/1/1,15,,,0.0021,INSUFFICIENT_SAMPLE
Candidate V4,Fortress_defense_pattern,FortressBot:rally:7/4/3/2/2/2/2/0/0/0,15,,,0.0021,INSUFFICIENT_SAMPLE
Candidate V4,Fortress_defense_pattern,FortressBot:rally:7/6/3/2/2/2/0/0/0/0,14,,,0.0019,INSUFFICIENT_SAMPLE
Candidate V4,Fortress_defense_pattern,FortressBot:rally:4/4/3/2/2/2/2/1/1/1,14,,,0.0019,INSUFFICIENT_SAMPLE
Candidate V4,Fortress_defense_pattern,FortressBot:rally:6/5/2/2/2/2/2/1/0/0,14,,,0.0019,INSUFFICIENT_SAMPLE
Candidate V4,Fortress_defense_pattern,FortressBot:rally:5/4/4/2/2/1/1/1/1/1,14,,,0.0019,INSUFFICIENT_SAMPLE
Candidate V4,Fortress_defense_pattern,FortressBot:rally:5/5/2/2/2/2/2/1/1/0,14,,,0.0019,INSUFFICIENT_SAMPLE
Candidate V4,Fortress_defense_pattern,FortressBot:service:3/2/2/1/0,14,,,0.0011,INSUFFICIENT_SAMPLE
Candidate V4,Fortress_defense_pattern,FortressBot:rally:10/4/3/2/1/1/1/0/0/0,13,,,0.0018,INSUFFICIENT_SAMPLE
Candidate V4,Fortress_defense_pattern,FortressBot:rally:2/1/1/1/0/0/0/0/0/0,13,,,0.0018,INSUFFICIENT_SAMPLE
Candidate V4,Fortress_defense_pattern,FortressBot:rally:9/4/4/2/1/1/1/0/0/0,13,,,0.0018,INSUFFICIENT_SAMPLE
Candidate V4,Fortress_defense_pattern,FortressBot:receive:1/1/1/0/0,13,,,0.0016,INSUFFICIENT_SAMPLE
Candidate V4,Fortress_defense_pattern,FortressBot:rally:8/4/2/2/2/1/1/1/1/0,13,,,0.0018,INSUFFICIENT_SAMPLE
Candidate V4,Fortress_defense_pattern,FortressBot:rally:6/6/3/3/1/1/1/1/0/0,13,,,0.0018,INSUFFICIENT_SAMPLE
Candidate V4,Fortress_defense_pattern,FortressBot:rally:5/4/3/3/3/1/1/1/1/0,13,,,0.0018,INSUFFICIENT_SAMPLE
Candidate V4,Fortress_defense_pattern,FortressBot:rally:7/6/4/3/2/0/0/0/0/0,13,,,0.0018,INSUFFICIENT_SAMPLE
Candidate V4,Fortress_defense_pattern,FortressBot:rally:8/5/4/2/1/1/1/0/0/0,12,,,0.0016,INSUFFICIENT_SAMPLE
Candidate V4,Fortress_defense_pattern,FortressBot:service:3/1/1/1/0,12,,,0.0009,INSUFFICIENT_SAMPLE
Candidate V4,Fortress_defense_pattern,FortressBot:rally:9/4/4/2/2/1/0/0/0/0,12,,,0.0016,INSUFFICIENT_SAMPLE
Candidate V4,Fortress_defense_pattern,FortressBot:rally:1/1/1/0/0/0/0/0/0/0,12,,,0.0016,INSUFFICIENT_SAMPLE
Candidate V4,Fortress_defense_pattern,FortressBot:receive:6/5/1/1/0,12,,,0.0014,INSUFFICIENT_SAMPLE
Candidate V4,Fortress_defense_pattern,FortressBot:rally:5/3/3/2/2/2/2/2/1/0,12,,,0.0016,INSUFFICIENT_SAMPLE
Candidate V4,Fortress_defense_pattern,FortressBot:rally:7/6/2/2/2/2/1/0/0/0,12,,,0.0016,INSUFFICIENT_SAMPLE
Candidate V4,Fortress_defense_pattern,FortressBot:rally:8/3/2/2/2/2/2/1/0/0,12,,,0.0016,INSUFFICIENT_SAMPLE
Candidate V4,Fortress_defense_pattern,FortressBot:rally:6/4/3/3/2/2/2/0/0/0,11,,,0.0015,INSUFFICIENT_SAMPLE
Candidate V4,Fortress_defense_pattern,FortressBot:rally:4/4/3/3/3/2/2/1/0/0,11,,,0.0015,INSUFFICIENT_SAMPLE
Candidate V4,Fortress_defense_pattern,FortressBot:rally:2/1/1/0/0/0/0/0/0/0,11,,,0.0015,INSUFFICIENT_SAMPLE
Candidate V4,Fortress_defense_pattern,FortressBot:service:3/2/1/1/1,11,,,0.0008,INSUFFICIENT_SAMPLE
Candidate V4,Fortress_defense_pattern,FortressBot:rally:9/3/3/2/2/2/1/0/0/0,11,,,0.0015,INSUFFICIENT_SAMPLE
Candidate V4,Fortress_defense_pattern,FortressBot:rally:5/3/3/3/2/2/1/1/1/1,11,,,0.0015,INSUFFICIENT_SAMPLE
Candidate V4,Fortress_defense_pattern,FortressBot:rally:6/4/4/3/1/1/1/1/1/0,11,,,0.0015,INSUFFICIENT_SAMPLE
Candidate V4,Fortress_defense_pattern,FortressBot:rally:1/1/1/1/0/0/0/0/0/0,11,,,0.0015,INSUFFICIENT_SAMPLE
Candidate V4,Fortress_defense_pattern,FortressBot:receive:2/2/1/1/0,11,,,0.0013,INSUFFICIENT_SAMPLE
Candidate V4,Fortress_defense_pattern,FortressBot:rally:7/4/3/3/3/1/1/0/0/0,11,,,0.0015,INSUFFICIENT_SAMPLE
Candidate V4,Fortress_defense_pattern,FortressBot:rally:6/3/3/3/3/2/1/1/0/0,11,,,0.0015,INSUFFICIENT_SAMPLE
Candidate V4,Fortress_defense_pattern,FortressBot:rally:2/1/1/1/1/0/0/0/0/0,10,,,0.0014,INSUFFICIENT_SAMPLE
Candidate V4,Fortress_defense_pattern,FortressBot:service:3/2/2/1/1,10,,,0.0008,INSUFFICIENT_SAMPLE
Candidate V4,Fortress_defense_pattern,FortressBot:service:3/1/1/0/0,10,,,0.0008,INSUFFICIENT_SAMPLE
Candidate V4,Fortress_defense_pattern,FortressBot:service:3/3/2/1/0,10,,,0.0008,INSUFFICIENT_SAMPLE
Candidate V4,Fortress_defense_pattern,FortressBot:receive:2/1/1/1/0,10,,,0.0012,INSUFFICIENT_SAMPLE
Candidate V4,Fortress_defense_pattern,FortressBot:rally:4/4/3/2/2/2/2/2/1/0,10,,,0.0014,INSUFFICIENT_SAMPLE
Candidate V4,Fortress_defense_pattern,FortressBot:rally:8/3/2/2/2/1/1/1/1/1,10,,,0.0014,INSUFFICIENT_SAMPLE
Candidate V4,Fortress_defense_pattern,FortressBot:rally:5/3/3/3/3/2/1/1/1/0,10,,,0.0014,INSUFFICIENT_SAMPLE
Candidate V4,Fortress_defense_pattern,FortressBot:rally:6/4/4/4/2/1/1/0/0/0,10,,,0.0014,INSUFFICIENT_SAMPLE
Candidate V4,Fortress_defense_pattern,FortressBot:rally:5/4/4/3/3/2/1/0/0/0,10,,,0.0014,INSUFFICIENT_SAMPLE
Candidate V4,Fortress_defense_pattern,FortressBot:rally:4/4/3/3/2/2/1/1/1/1,10,,,0.0014,INSUFFICIENT_SAMPLE
Candidate V4,Fortress_defense_pattern,FortressBot:rally:5/5/4/3/1/1/1/1/1/0,10,,,0.0014,INSUFFICIENT_SAMPLE
Candidate V4,Fortress_defense_pattern,FortressBot:rally:1/1/0/0/0/0/0/0/0/0,10,,,0.0014,INSUFFICIENT_SAMPLE
Candidate V4,Fortress_defense_pattern,FortressBot:rally:9/4/4/3/1/1/0/0/0/0,10,,,0.0014,INSUFFICIENT_SAMPLE
Candidate V4,Fortress_defense_pattern,FortressBot:receive:4/4/4/0/0,10,,,0.0012,INSUFFICIENT_SAMPLE
Candidate V4,Fortress_defense_pattern,FortressBot:service:2/2/2/1/0,10,,,0.0008,INSUFFICIENT_SAMPLE
Candidate V4,Fortress_defense_pattern,FortressBot:rally:7/4/4/3/2/2/0/0/0/0,10,,,0.0014,INSUFFICIENT_SAMPLE
Candidate V4,Fortress_defense_pattern,FortressBot:receive:7/5/1/1/0,10,,,0.0012,INSUFFICIENT_SAMPLE
Candidate V4,Fortress_defense_pattern,FortressBot:receive:8/5/1/0/0,9,,,0.0011,INSUFFICIENT_SAMPLE
Candidate V4,Fortress_defense_pattern,FortressBot:rally:6/6/4/4/1/1/0/0/0/0,9,,,0.0012,INSUFFICIENT_SAMPLE
Candidate V4,Fortress_defense_pattern,FortressBot:rally:6/3/3/2/2/2/2/2/0/0,9,,,0.0012,INSUFFICIENT_SAMPLE
Candidate V4,Fortress_defense_pattern,FortressBot:rally:8/5/3/3/1/1/1/0/0/0,9,,,0.0012,INSUFFICIENT_SAMPLE
Candidate V4,Fortress_defense_pattern,FortressBot:rally:6/3/3/3/2/1/1/1/1/1,9,,,0.0012,INSUFFICIENT_SAMPLE
Candidate V4,Fortress_defense_pattern,FortressBot:rally:4/3/3/3/3/2/2/1/1/0,9,,,0.0012,INSUFFICIENT_SAMPLE
Candidate V4,Fortress_defense_pattern,FortressBot:receive:6/4/2/1/0,9,,,0.0011,INSUFFICIENT_SAMPLE
Candidate V4,Fortress_defense_pattern,FortressBot:rally:6/3/2/2/2/2/2/1/1/1,9,,,0.0012,INSUFFICIENT_SAMPLE
Candidate V4,Fortress_defense_pattern,FortressBot:receive:3/2/2/1/1,9,,,0.0011,INSUFFICIENT_SAMPLE
Candidate V4,Fortress_defense_pattern,FortressBot:rally:7/5/4/4/1/1/0/0/0/0,9,,,0.0012,INSUFFICIENT_SAMPLE
Candidate V4,Fortress_defense_pattern,FortressBot:service:2/2/1/0/0,9,,,0.0007,INSUFFICIENT_SAMPLE
Candidate V4,Fortress_defense_pattern,FortressBot:rally:4/3/3/3/2/2/2/1/1/1,9,,,0.0012,INSUFFICIENT_SAMPLE
Candidate V4,Fortress_defense_pattern,FortressBot:receive:3/3/2/1/1,9,,,0.0011,INSUFFICIENT_SAMPLE
Candidate V4,Fortress_defense_pattern,FortressBot:receive:2/2/1/0/0,9,,,0.0011,INSUFFICIENT_SAMPLE
Candidate V4,Fortress_defense_pattern,FortressBot:rally:8/3/3/3/1/1/1/1/1/0,9,,,0.0012,INSUFFICIENT_SAMPLE
Candidate V4,Fortress_defense_pattern,FortressBot:rally:7/3/3/3/3/2/1/0/0/0,9,,,0.0012,INSUFFICIENT_SAMPLE
Candidate V4,Fortress_defense_pattern,FortressBot:receive:6/5/2/1/0,9,,,0.0011,INSUFFICIENT_SAMPLE
Candidate V4,Fortress_defense_pattern,FortressBot:rally:10/3/2/2/2/1/1/1/0/0,9,,,0.0012,INSUFFICIENT_SAMPLE
Candidate V4,Fortress_defense_pattern,FortressBot:receive:8/1/1/1/1,9,,,0.0011,INSUFFICIENT_SAMPLE
Candidate V4,Fortress_defense_pattern,FortressBot:rally:8/4/3/3/2/2/0/0/0/0,9,,,0.0012,INSUFFICIENT_SAMPLE
Candidate V4,Fortress_defense_pattern,FortressBot:rally:9/4/2/2/2/2/1/0/0/0,9,,,0.0012,INSUFFICIENT_SAMPLE
Candidate V4,Fortress_defense_pattern,FortressBot:rally:5/3/3/3/3/2/2/1/0/0,9,,,0.0012,INSUFFICIENT_SAMPLE
Candidate V4,Fortress_defense_pattern,FortressBot:receive:1/1/1/1/0,8,,,0.0010,INSUFFICIENT_SAMPLE
Candidate V4,Fortress_defense_pattern,FortressBot:receive:3/2/1/0/0,8,,,0.0010,INSUFFICIENT_SAMPLE
Candidate V4,Fortress_defense_pattern,FortressBot:rally:10/4/2/2/2/1/1/0/0/0,8,,,0.0011,INSUFFICIENT_SAMPLE
Candidate V4,Fortress_defense_pattern,FortressBot:rally:5/4/2/2/2/2/2/2/1/0,8,,,0.0011,INSUFFICIENT_SAMPLE
Candidate V4,Fortress_defense_pattern,FortressBot:rally:10/3/2/2/2/2/1/0/0/0,8,,,0.0011,INSUFFICIENT_SAMPLE
Candidate V4,Fortress_defense_pattern,FortressBot:rally:7/6/3/3/1/1/1/0/0/0,8,,,0.0011,INSUFFICIENT_SAMPLE
Candidate V4,Fortress_defense_pattern,FortressBot:service:4/2/1/1/0,8,,,0.0006,INSUFFICIENT_SAMPLE
Candidate V4,Fortress_defense_pattern,FortressBot:service:2/2/2/1/1,8,,,0.0006,INSUFFICIENT_SAMPLE
Candidate V4,Fortress_defense_pattern,FortressBot:rally:11/4/2/2/1/1/1/0/0/0,8,,,0.0011,INSUFFICIENT_SAMPLE
Candidate V4,Fortress_defense_pattern,FortressBot:rally:5/4/4/4/2/1/1/1/0/0,8,,,0.0011,INSUFFICIENT_SAMPLE
Candidate V4,Fortress_defense_pattern,FortressBot:service:4/2/2/1/0,8,,,0.0006,INSUFFICIENT_SAMPLE
Candidate V4,Fortress_defense_pattern,FortressBot:rally:9/4/2/2/1/1/1/1/1/0,8,,,0.0011,INSUFFICIENT_SAMPLE
Candidate V4,Fortress_defense_pattern,FortressBot:rally:7/4/2/2/2/1/1/1/1/1,8,,,0.0011,INSUFFICIENT_SAMPLE
Candidate V4,Fortress_defense_pattern,FortressBot:receive:8/4/1/1/0,8,,,0.0010,INSUFFICIENT_SAMPLE
Candidate V4,Fortress_defense_pattern,FortressBot:rally:10/4/2/2/1/1/1/1/0/0,8,,,0.0011,INSUFFICIENT_SAMPLE
Candidate V4,Fortress_defense_pattern,FortressBot:rally:8/3/3/2/2/2/2/0/0/0,8,,,0.0011,INSUFFICIENT_SAMPLE
Candidate V4,Fortress_defense_pattern,FortressBot:service:2/2/1/1/1,7,,,0.0005,INSUFFICIENT_SAMPLE
Candidate V4,Fortress_defense_pattern,FortressBot:rally:4/4/4/3/3/2/1/1/0/0,7,,,0.0010,INSUFFICIENT_SAMPLE
Candidate V4,Fortress_defense_pattern,FortressBot:rally:1/1/1/1/1/0/0/0/0/0,7,,,0.0010,INSUFFICIENT_SAMPLE
Candidate V4,Fortress_defense_pattern,FortressBot:rally:5/4/3/2/2/2/2/2/0/0,7,,,0.0010,INSUFFICIENT_SAMPLE
Candidate V4,Fortress_defense_pattern,FortressBot:rally:9/3/3/2/1/1/1/1/1/0,7,,,0.0010,INSUFFICIENT_SAMPLE
Candidate V4,Fortress_defense_pattern,FortressBot:receive:3/3/2/2/1,7,,,0.0008,INSUFFICIENT_SAMPLE
Candidate V4,Fortress_defense_pattern,FortressBot:rally:8/4/2/2/1/1/1/1/1/1,7,,,0.0010,INSUFFICIENT_SAMPLE
Candidate V4,Fortress_defense_pattern,FortressBot:rally:10/3/3/3/2/1/0/0/0/0,7,,,0.0010,INSUFFICIENT_SAMPLE
Candidate V4,Fortress_defense_pattern,FortressBot:rally:5/5/4/2/1/1/1/1/1/1,7,,,0.0010,INSUFFICIENT_SAMPLE
Candidate V4,Fortress_defense_pattern,FortressBot:receive:11/1/0/0/0,7,,,0.0008,INSUFFICIENT_SAMPLE
Candidate V4,Fortress_defense_pattern,FortressBot:rally:6/4/3/3/1/1/1/1/1/1,7,,,0.0010,INSUFFICIENT_SAMPLE
Candidate V4,Fortress_defense_pattern,FortressBot:receive:2/0/0/0/0,7,,,0.0008,INSUFFICIENT_SAMPLE
Candidate V4,Fortress_defense_pattern,FortressBot:rally:5/5/2/2/2/2/1/1/1/1,7,,,0.0010,INSUFFICIENT_SAMPLE
Candidate V4,Fortress_defense_pattern,FortressBot:receive:7/4/2/1/0,7,,,0.0008,INSUFFICIENT_SAMPLE
Candidate V4,Fortress_defense_pattern,FortressBot:receive:3/1/1/1/0,7,,,0.0008,INSUFFICIENT_SAMPLE
Candidate V4,Fortress_defense_pattern,FortressBot:receive:2/1/1/1/1,7,,,0.0008,INSUFFICIENT_SAMPLE
Candidate V4,Fortress_defense_pattern,FortressBot:receive:5/4/1/0/0,7,,,0.0008,INSUFFICIENT_SAMPLE
Candidate V4,Fortress_defense_pattern,FortressBot:receive:4/2/2/2/2,7,,,0.0008,INSUFFICIENT_SAMPLE
Candidate V4,Fortress_defense_pattern,FortressBot:rally:6/3/2/2/2/2/2/2/1/0,7,,,0.0010,INSUFFICIENT_SAMPLE
Candidate V4,Fortress_defense_pattern,FortressBot:receive:3/3/2/2/2,7,,,0.0008,INSUFFICIENT_SAMPLE
Candidate V4,Fortress_defense_pattern,FortressBot:rally:6/5/4/4/2/1/0/0/0/0,7,,,0.0010,INSUFFICIENT_SAMPLE
Candidate V4,Fortress_defense_pattern,FortressBot:receive:8/4/2/0/0,7,,,0.0008,INSUFFICIENT_SAMPLE
Candidate V4,Fortress_defense_pattern,FortressBot:rally:4/4/4/3/2/2/2/1/0/0,6,,,0.0008,INSUFFICIENT_SAMPLE
Candidate V4,Fortress_defense_pattern,FortressBot:rally:8/2/2/2/2/2/2/1/1/0,6,,,0.0008,INSUFFICIENT_SAMPLE
Candidate V4,Fortress_defense_pattern,FortressBot:rally:8/5/4/3/2/0/0/0/0/0,6,,,0.0008,INSUFFICIENT_SAMPLE
Candidate V4,Fortress_defense_pattern,FortressBot:receive:3/1/1/0/0,6,,,0.0007,INSUFFICIENT_SAMPLE
Candidate V4,Fortress_defense_pattern,FortressBot:rally:6/4/4/3/3/1/1/0/0/0,6,,,0.0008,INSUFFICIENT_SAMPLE
Candidate V4,Fortress_defense_pattern,FortressBot:receive:4/3/2/1/1,6,,,0.0007,INSUFFICIENT_SAMPLE
Candidate V4,Fortress_defense_pattern,FortressBot:rally:2/1/1/1/1/1/0/0/0/0,6,,,0.0008,INSUFFICIENT_SAMPLE
Candidate V4,Fortress_defense_pattern,FortressBot:receive:2/2/2/1/0,6,,,0.0007,INSUFFICIENT_SAMPLE
Candidate V4,Fortress_defense_pattern,FortressBot:rally:6/5/4/4/1/1/1/0/0/0,6,,,0.0008,INSUFFICIENT_SAMPLE
Candidate V4,Fortress_defense_pattern,FortressBot:rally:2/2/1/1/1/0/0/0/0/0,6,,,0.0008,INSUFFICIENT_SAMPLE
Candidate V4,Fortress_defense_pattern,FortressBot:receive:5/4/1/1/0,6,,,0.0007,INSUFFICIENT_SAMPLE
Candidate V4,Fortress_defense_pattern,FortressBot:receive:2/2/1/1/1,6,,,0.0007,INSUFFICIENT_SAMPLE
Candidate V4,Fortress_defense_pattern,FortressBot:service:4/2/1/1/1,6,,,0.0005,INSUFFICIENT_SAMPLE
Candidate V4,Fortress_defense_pattern,FortressBot:rally:10/3/3/2/1/1/1/1/0/0,6,,,0.0008,INSUFFICIENT_SAMPLE
Candidate V4,Fortress_defense_pattern,FortressBot:receive:5/3/2/1/0,6,,,0.0007,INSUFFICIENT_SAMPLE
Candidate V4,Fortress_defense_pattern,FortressBot:receive:7/5/1/0/0,6,,,0.0007,INSUFFICIENT_SAMPLE
Candidate V4,Fortress_defense_pattern,FortressBot:rally:6/5/3/3/3/1/1/0/0/0,6,,,0.0008,INSUFFICIENT_SAMPLE
Candidate V4,Fortress_defense_pattern,FortressBot:receive:3/2/2/1/0,6,,,0.0007,INSUFFICIENT_SAMPLE
Candidate V4,Fortress_defense_pattern,FortressBot:receive:3/2/1/1/1,6,,,0.0007,INSUFFICIENT_SAMPLE
Candidate V4,Fortress_defense_pattern,FortressBot:rally:7/4/3/2/2/2/1/1/1/0,6,,,0.0008,INSUFFICIENT_SAMPLE
Candidate V4,Fortress_defense_pattern,FortressBot:rally:7/3/3/3/1/1/1/1/1/1,6,,,0.0008,INSUFFICIENT_SAMPLE
Candidate V4,Fortress_defense_pattern,FortressBot:rally:8/5/4/4/1/0/0/0/0/0,6,,,0.0008,INSUFFICIENT_SAMPLE
Candidate V4,Fortress_defense_pattern,FortressBot:rally:9/4/3/2/2/2/0/0/0/0,6,,,0.0008,INSUFFICIENT_SAMPLE
Candidate V4,Fortress_defense_pattern,FortressBot:rally:5/5/3/3/3/1/1/1/0/0,6,,,0.0008,INSUFFICIENT_SAMPLE
Candidate V4,Fortress_defense_pattern,FortressBot:receive:4/3/2/1/0,6,,,0.0007,INSUFFICIENT_SAMPLE
Candidate V4,Fortress_defense_pattern,FortressBot:rally:9/2/2/2/2/2/1/1/1/0,6,,,0.0008,INSUFFICIENT_SAMPLE
Candidate V4,Fortress_defense_pattern,FortressBot:rally:7/5/3/3/3/1/0/0/0/0,6,,,0.0008,INSUFFICIENT_SAMPLE
Candidate V4,Fortress_defense_pattern,FortressBot:receive:4/3/2/2/0,5,,,0.0006,INSUFFICIENT_SAMPLE
Candidate V4,Fortress_defense_pattern,FortressBot:rally:7/3/3/3/3/1/1/1/0/0,5,,,0.0007,INSUFFICIENT_SAMPLE
Candidate V4,Fortress_defense_pattern,FortressBot:receive:3/3/2/2/0,5,,,0.0006,INSUFFICIENT_SAMPLE
Candidate V4,Fortress_defense_pattern,FortressBot:rally:3/2/2/1/1/1/1/0/0/0,5,,,0.0007,INSUFFICIENT_SAMPLE
Candidate V4,Fortress_defense_pattern,FortressBot:rally:4/4/4/2/2/2/1/1/1/1,5,,,0.0007,INSUFFICIENT_SAMPLE
Candidate V4,Fortress_defense_pattern,FortressBot:receive:7/4/1/1/0,5,,,0.0006,INSUFFICIENT_SAMPLE
Candidate V4,Fortress_defense_pattern,FortressBot:rally:8/4/4/4/1/1/0/0/0/0,5,,,0.0007,INSUFFICIENT_SAMPLE
Candidate V4,Fortress_defense_pattern,FortressBot:service:4/1/1/1/0,5,,,0.0004,INSUFFICIENT_SAMPLE
Candidate V4,Fortress_defense_pattern,FortressBot:receive:5/5/1/0/0,5,,,0.0006,INSUFFICIENT_SAMPLE
Candidate V4,Fortress_defense_pattern,FortressBot:rally:5/4/2/2/2/2/2/1/1/1,5,,,0.0007,INSUFFICIENT_SAMPLE
Candidate V4,Fortress_defense_pattern,FortressBot:receive:3/2/2/2/1,5,,,0.0006,INSUFFICIENT_SAMPLE
Candidate V4,Fortress_defense_pattern,FortressBot:rally:2/2/1/1/1/1/1/0/0/0,5,,,0.0007,INSUFFICIENT_SAMPLE
Candidate V4,Fortress_defense_pattern,FortressBot:receive:2/2/2/1/1,5,,,0.0006,INSUFFICIENT_SAMPLE
Candidate V4,Fortress_defense_pattern,FortressBot:service:3/2/2/0/0,5,,,0.0004,INSUFFICIENT_SAMPLE
Candidate V4,Fortress_defense_pattern,FortressBot:service:3/3/1/1/1,5,,,0.0004,INSUFFICIENT_SAMPLE
Candidate V4,Fortress_defense_pattern,FortressBot:service:3/1/0/0/0,5,,,0.0004,INSUFFICIENT_SAMPLE
Candidate V4,Fortress_defense_pattern,FortressBot:rally:5/4/4/4/2/2/1/0/0/0,5,,,0.0007,INSUFFICIENT_SAMPLE
Candidate V4,Fortress_defense_pattern,FortressBot:receive:3/1/0/0/0,5,,,0.0006,INSUFFICIENT_SAMPLE
Candidate V4,Fortress_defense_pattern,FortressBot:rally:3/2/2/2/2/1/1/1/0/0,5,,,0.0007,INSUFFICIENT_SAMPLE
Candidate V4,Fortress_defense_pattern,FortressBot:receive:6/6/1/1/0,5,,,0.0006,INSUFFICIENT_SAMPLE
Candidate V4,Fortress_defense_pattern,FortressBot:rally:7/4/4/4/1/1/1/0/0/0,5,,,0.0007,INSUFFICIENT_SAMPLE
Candidate V4,Fortress_defense_pattern,FortressBot:rally:3/2/2/1/1/1/0/0/0/0,5,,,0.0007,INSUFFICIENT_SAMPLE
Candidate V4,Fortress_defense_pattern,FortressBot:rally:2/2/1/1/1/1/0/0/0/0,5,,,0.0007,INSUFFICIENT_SAMPLE
Candidate V4,Fortress_defense_pattern,FortressBot:rally:5/4/4/3/2/2/2/0/0/0,5,,,0.0007,INSUFFICIENT_SAMPLE
Candidate V4,Fortress_defense_pattern,FortressBot:rally:4/4/4/2/2/2/2/1/1/0,5,,,0.0007,INSUFFICIENT_SAMPLE
Candidate V4,Fortress_defense_pattern,FortressBot:rally:4/4/4/3/3/1/1/1/1/0,5,,,0.0007,INSUFFICIENT_SAMPLE
Candidate V4,Fortress_defense_pattern,FortressBot:rally:7/4/3/2/1/1/1/1/1/1,5,,,0.0007,INSUFFICIENT_SAMPLE
Candidate V4,Fortress_defense_pattern,FortressBot:receive:6/3/3/1/0,5,,,0.0006,INSUFFICIENT_SAMPLE
Candidate V4,Fortress_defense_pattern,FortressBot:receive:3/1/1/1/1,5,,,0.0006,INSUFFICIENT_SAMPLE
Candidate V4,Fortress_defense_pattern,FortressBot:rally:6/6/3/3/3/1/0/0/0/0,5,,,0.0007,INSUFFICIENT_SAMPLE
Candidate V4,Fortress_defense_pattern,FortressBot:service:2/2/2/0/0,5,,,0.0004,INSUFFICIENT_SAMPLE
Candidate V4,Fortress_defense_pattern,FortressBot:service:4/3/1/1/0,5,,,0.0004,INSUFFICIENT_SAMPLE
Candidate V4,Fortress_defense_pattern,FortressBot:receive:7/3/1/0/0,5,,,0.0006,INSUFFICIENT_SAMPLE
Candidate V4,Fortress_defense_pattern,FortressBot:receive:8/3/1/1/0,5,,,0.0006,INSUFFICIENT_SAMPLE
Candidate V4,Fortress_defense_pattern,FortressBot:receive:7/6/0/0/0,5,,,0.0006,INSUFFICIENT_SAMPLE
Candidate V4,Fortress_defense_pattern,FortressBot:rally:3/2/1/1/1/1/0/0/0/0,5,,,0.0007,INSUFFICIENT_SAMPLE
Candidate V4,Fortress_defense_pattern,FortressBot:rally:3/3/3/2/2/1/1/1/0/0,5,,,0.0007,INSUFFICIENT_SAMPLE
Candidate V4,Fortress_defense_pattern,FortressBot:receive:6/4/1/1/1,4,,,0.0005,INSUFFICIENT_SAMPLE
Candidate V4,Fortress_defense_pattern,FortressBot:rally:6/5/3/2/2/2/1/1/1/0,4,,,0.0005,INSUFFICIENT_SAMPLE
Candidate V4,Fortress_defense_pattern,FortressBot:receive:5/2/1/1/0,4,,,0.0005,INSUFFICIENT_SAMPLE
Candidate V4,Fortress_defense_pattern,FortressBot:service:3/1/1/1/1,4,,,0.0003,INSUFFICIENT_SAMPLE
Candidate V4,Fortress_defense_pattern,FortressBot:rally:7/6/3/2/2/2/1/1/0/0,4,,,0.0005,INSUFFICIENT_SAMPLE
Candidate V4,Fortress_defense_pattern,FortressBot:rally:10/3/3/2/2/2/0/0/0/0,4,,,0.0005,INSUFFICIENT_SAMPLE
Candidate V4,Fortress_defense_pattern,FortressBot:service:2/1/1/1/1,4,,,0.0003,INSUFFICIENT_SAMPLE
Candidate V4,Fortress_defense_pattern,FortressBot:service:3/2/0/0/0,4,,,0.0003,INSUFFICIENT_SAMPLE
Candidate V4,Fortress_defense_pattern,FortressBot:rally:8/5/2/2/2/2/1/0/0/0,4,,,0.0005,INSUFFICIENT_SAMPLE
Candidate V4,Fortress_defense_pattern,FortressBot:rally:10/2/2/2/2/2/1/1/0/0,4,,,0.0005,INSUFFICIENT_SAMPLE
Candidate V4,Fortress_defense_pattern,FortressBot:service:4/3/2/0/0,4,,,0.0003,INSUFFICIENT_SAMPLE
Candidate V4,Fortress_defense_pattern,FortressBot:receive:7/5/2/0/0,4,,,0.0005,INSUFFICIENT_SAMPLE
Candidate V4,Fortress_defense_pattern,FortressBot:receive:4/2/2/1/1,4,,,0.0005,INSUFFICIENT_SAMPLE
Candidate V4,Fortress_defense_pattern,FortressBot:rally:10/3/2/2/1/1/1/1/1/0,4,,,0.0005,INSUFFICIENT_SAMPLE
Candidate V4,Fortress_defense_pattern,FortressBot:rally:4/3/3/2/2/2/1/1/1/0,4,,,0.0005,INSUFFICIENT_SAMPLE
Candidate V4,Fortress_defense_pattern,FortressBot:rally:4/4/3/2/2/2/1/1/1/0,4,,,0.0005,INSUFFICIENT_SAMPLE
Candidate V4,Fortress_defense_pattern,FortressBot:service:10/0/0/0/0,4,,,0.0003,INSUFFICIENT_SAMPLE
Candidate V4,Fortress_defense_pattern,FortressBot:rally:4/2/2/2/1/1/0/0/0/0,4,,,0.0005,INSUFFICIENT_SAMPLE
Candidate V4,Fortress_defense_pattern,FortressBot:rally:3/2/2/2/1/1/1/0/0/0,4,,,0.0005,INSUFFICIENT_SAMPLE
Candidate V4,Fortress_defense_pattern,FortressBot:rally:6/5/3/3/2/2/1/1/1/0,4,,,0.0005,INSUFFICIENT_SAMPLE
Candidate V4,Fortress_defense_pattern,FortressBot:rally:7/6/4/4/1/0/0/0/0/0,4,,,0.0005,INSUFFICIENT_SAMPLE
Candidate V4,Fortress_defense_pattern,FortressBot:rally:9/3/2/2/2/2/2/0/0/0,4,,,0.0005,INSUFFICIENT_SAMPLE
Candidate V4,Fortress_defense_pattern,FortressBot:service:2/2/0/0/0,4,,,0.0003,INSUFFICIENT_SAMPLE
Candidate V4,Fortress_defense_pattern,FortressBot:rally:4/3/2/2/2/2/2/1/1/1,4,,,0.0005,INSUFFICIENT_SAMPLE
Candidate V4,Fortress_defense_pattern,FortressBot:rally:2/2/2/1/1/1/0/0/0/0,4,,,0.0005,INSUFFICIENT_SAMPLE
Candidate V4,Fortress_defense_pattern,FortressBot:rally:7/6/4/3/2/1/1/0/0/0,4,,,0.0005,INSUFFICIENT_SAMPLE
Candidate V4,Fortress_defense_pattern,FortressBot:receive:6/2/1/1/0,4,,,0.0005,INSUFFICIENT_SAMPLE
Candidate V4,Fortress_defense_pattern,FortressBot:service:3/2/2/2/0,4,,,0.0003,INSUFFICIENT_SAMPLE
Candidate V4,Fortress_defense_pattern,FortressBot:receive:3/3/3/3/0,4,,,0.0005,INSUFFICIENT_SAMPLE
Candidate V4,Fortress_defense_pattern,FortressBot:receive:6/3/1/1/0,4,,,0.0005,INSUFFICIENT_SAMPLE
Candidate V4,Fortress_defense_pattern,FortressBot:rally:11/3/2/2/2/1/1/0/0/0,4,,,0.0005,INSUFFICIENT_SAMPLE
Candidate V4,Fortress_defense_pattern,FortressBot:receive:5/3/1/1/0,4,,,0.0005,INSUFFICIENT_SAMPLE
Candidate V4,Fortress_defense_pattern,FortressBot:rally:7/2/2/2/2/2/2/1/1/1,4,,,0.0005,INSUFFICIENT_SAMPLE
Candidate V4,Fortress_defense_pattern,FortressBot:rally:4/4/4/3/2/1/1/1/1/1,4,,,0.0005,INSUFFICIENT_SAMPLE
Candidate V4,Fortress_defense_pattern,FortressBot:receive:4/2/2/1/0,4,,,0.0005,INSUFFICIENT_SAMPLE
Candidate V4,Fortress_defense_pattern,FortressBot:rally:5/5/4/3/3/1/1/0/0/0,4,,,0.0005,INSUFFICIENT_SAMPLE
Candidate V4,Fortress_defense_pattern,FortressBot:rally:4/3/3/2/2/2/2/2/1/1,4,,,0.0005,INSUFFICIENT_SAMPLE
Candidate V4,Fortress_defense_pattern,FortressBot:receive:3/2/2/0/0,4,,,0.0005,INSUFFICIENT_SAMPLE
Candidate V4,Fortress_defense_pattern,FortressBot:rally:10/4/3/3/1/1/0/0/0/0,4,,,0.0005,INSUFFICIENT_SAMPLE
Candidate V4,Fortress_defense_pattern,FortressBot:receive:6/3/1/0/0,4,,,0.0005,INSUFFICIENT_SAMPLE
Candidate V4,Fortress_defense_pattern,FortressBot:rally:10/4/3/2/2/1/0/0/0/0,4,,,0.0005,INSUFFICIENT_SAMPLE
Candidate V4,Fortress_defense_pattern,FortressBot:receive:4/2/1/1/0,4,,,0.0005,INSUFFICIENT_SAMPLE
Candidate V4,Fortress_defense_pattern,FortressBot:rally:5/5/3/3/3/2/1/0/0/0,4,,,0.0005,INSUFFICIENT_SAMPLE
Candidate V4,Fortress_defense_pattern,FortressBot:rally:5/4/4/4/3/1/1/0/0/0,4,,,0.0005,INSUFFICIENT_SAMPLE
Candidate V4,Fortress_defense_pattern,FortressBot:rally:4/4/2/2/2/2/2/2/1/1,3,,,0.0004,INSUFFICIENT_SAMPLE
Candidate V4,Fortress_defense_pattern,FortressBot:rally:11/4/2/2/2/1/0/0/0/0,3,,,0.0004,INSUFFICIENT_SAMPLE
Candidate V4,Fortress_defense_pattern,FortressBot:rally:4/3/3/2/2/1/1/1/0/0,3,,,0.0004,INSUFFICIENT_SAMPLE
Candidate V4,Fortress_defense_pattern,FortressBot:receive:2/2/2/0/0,3,,,0.0004,INSUFFICIENT_SAMPLE
Candidate V4,Fortress_defense_pattern,FortressBot:rally:5/3/3/3/2/2/1/1/0/0,3,,,0.0004,INSUFFICIENT_SAMPLE
Candidate V4,Fortress_defense_pattern,FortressBot:rally:4/2/2/1/1/1/1/0/0/0,3,,,0.0004,INSUFFICIENT_SAMPLE
Candidate V4,Fortress_defense_pattern,FortressBot:rally:3/2/1/1/1/0/0/0/0/0,3,,,0.0004,INSUFFICIENT_SAMPLE
Candidate V4,Fortress_defense_pattern,FortressBot:rally:6/4/4/3/2/1/1/0/0/0,3,,,0.0004,INSUFFICIENT_SAMPLE
Candidate V4,Fortress_defense_pattern,FortressBot:rally:6/5/3/3/3/2/0/0/0/0,3,,,0.0004,INSUFFICIENT_SAMPLE
Candidate V4,Fortress_defense_pattern,FortressBot:receive:9/4/1/0/0,3,,,0.0004,INSUFFICIENT_SAMPLE
Candidate V4,Fortress_defense_pattern,FortressBot:rally:6/4/3/2/2/1/1/1/1/0,3,,,0.0004,INSUFFICIENT_SAMPLE
Candidate V4,Fortress_defense_pattern,FortressBot:rally:4/3/3/3/2/2/2/2/1/0,3,,,0.0004,INSUFFICIENT_SAMPLE
Candidate V4,Fortress_defense_pattern,FortressBot:receive:6/5/2/0/0,3,,,0.0004,INSUFFICIENT_SAMPLE
Candidate V4,Fortress_defense_pattern,FortressBot:receive:5/3/2/0/0,3,,,0.0004,INSUFFICIENT_SAMPLE
Candidate V4,Fortress_defense_pattern,FortressBot:rally:6/4/4/4/1/1/1/1/0/0,3,,,0.0004,INSUFFICIENT_SAMPLE
Candidate V4,Fortress_defense_pattern,FortressBot:rally:8/3/3/3/3/2/0/0/0/0,3,,,0.0004,INSUFFICIENT_SAMPLE
Candidate V4,Fortress_defense_pattern,FortressBot:rally:6/2/2/2/2/2/2/2/1/1,3,,,0.0004,INSUFFICIENT_SAMPLE
Candidate V4,Fortress_defense_pattern,FortressBot:rally:5/5/4/4/2/1/1/0/0/0,3,,,0.0004,INSUFFICIENT_SAMPLE
Candidate V4,Fortress_defense_pattern,FortressBot:rally:6/4/3/3/2/1/1/1/0/0,3,,,0.0004,INSUFFICIENT_SAMPLE
Candidate V4,Fortress_defense_pattern,FortressBot:rally:5/4/3/2/2/1/1/1/1/0,3,,,0.0004,INSUFFICIENT_SAMPLE
Candidate V4,Fortress_defense_pattern,FortressBot:service:4/1/1/0/0,3,,,0.0002,INSUFFICIENT_SAMPLE
Candidate V4,Fortress_defense_pattern,FortressBot:rally:3/2/2/2/2/1/1/1/1/0,3,,,0.0004,INSUFFICIENT_SAMPLE
Candidate V4,Fortress_defense_pattern,FortressBot:receive:8/3/2/1/0,3,,,0.0004,INSUFFICIENT_SAMPLE
Candidate V4,Fortress_defense_pattern,FortressBot:rally:9/3/3/3/1/1/1/1/0/0,3,,,0.0004,INSUFFICIENT_SAMPLE
Candidate V4,Fortress_defense_pattern,FortressBot:receive:8/2/2/1/0,3,,,0.0004,INSUFFICIENT_SAMPLE
Candidate V4,Fortress_defense_pattern,FortressBot:rally:4/3/2/2/2/1/1/1/0/0,3,,,0.0004,INSUFFICIENT_SAMPLE
Candidate V4,Fortress_defense_pattern,FortressBot:rally:8/3/3/2/1/1/1/1/1/1,3,,,0.0004,INSUFFICIENT_SAMPLE
Candidate V4,Fortress_defense_pattern,FortressBot:rally:5/4/3/2/2/2/1/1/1/0,3,,,0.0004,INSUFFICIENT_SAMPLE
Candidate V4,Fortress_defense_pattern,FortressBot:service:3/3/2/0/0,3,,,0.0002,INSUFFICIENT_SAMPLE
Candidate V4,Fortress_defense_pattern,FortressBot:service:2/2/2/2/0,3,,,0.0002,INSUFFICIENT_SAMPLE
Candidate V4,Fortress_defense_pattern,FortressBot:rally:5/4/3/3/2/2/2/1/1/0,3,,,0.0004,INSUFFICIENT_SAMPLE
Candidate V4,Fortress_defense_pattern,FortressBot:rally:5/5/4/4/3/1/0/0/0/0,3,,,0.0004,INSUFFICIENT_SAMPLE
Candidate V4,Fortress_defense_pattern,FortressBot:rally:5/5/3/3/2/2/2/0/0/0,3,,,0.0004,INSUFFICIENT_SAMPLE
Candidate V4,Fortress_defense_pattern,FortressBot:receive:5/5/2/1/1,3,,,0.0004,INSUFFICIENT_SAMPLE
Candidate V4,Fortress_defense_pattern,FortressBot:service:4/2/1/0/0,3,,,0.0002,INSUFFICIENT_SAMPLE
Candidate V4,Fortress_defense_pattern,FortressBot:rally:2/2/2/2/2/1/1/0/0/0,3,,,0.0004,INSUFFICIENT_SAMPLE
Candidate V4,Fortress_defense_pattern,FortressBot:rally:7/4/3/3/3/2/0/0/0/0,3,,,0.0004,INSUFFICIENT_SAMPLE
Candidate V4,Fortress_defense_pattern,FortressBot:rally:4/4/4/4/3/1/1/1/0/0,3,,,0.0004,INSUFFICIENT_SAMPLE
Candidate V4,Fortress_defense_pattern,FortressBot:rally:3/2/2/1/1/0/0/0/0/0,3,,,0.0004,INSUFFICIENT_SAMPLE
Candidate V4,Fortress_defense_pattern,FortressBot:rally:4/3/3/2/2/2/1/1/1/1,3,,,0.0004,INSUFFICIENT_SAMPLE
Candidate V4,Fortress_defense_pattern,FortressBot:service:5/2/1/0/0,3,,,0.0002,INSUFFICIENT_SAMPLE
Candidate V4,Fortress_defense_pattern,FortressBot:rally:6/4/4/3/2/2/1/1/1/0,3,,,0.0004,INSUFFICIENT_SAMPLE
Candidate V4,Fortress_defense_pattern,FortressBot:receive:3/3/2/1/0,3,,,0.0004,INSUFFICIENT_SAMPLE
Candidate V4,Fortress_defense_pattern,FortressBot:receive:3/2/1/1/0,3,,,0.0004,INSUFFICIENT_SAMPLE
Candidate V4,Fortress_defense_pattern,FortressBot:rally:4/4/3/2/2/2/2/1/1/0,3,,,0.0004,INSUFFICIENT_SAMPLE
Candidate V4,Fortress_defense_pattern,FortressBot:service:5/3/1/0/0,3,,,0.0002,INSUFFICIENT_SAMPLE
Candidate V4,Fortress_defense_pattern,FortressBot:receive:4/4/2/1/0,3,,,0.0004,INSUFFICIENT_SAMPLE
Candidate V4,Fortress_defense_pattern,FortressBot:rally:3/3/3/3/2/2/1/1/1/0,3,,,0.0004,INSUFFICIENT_SAMPLE
Candidate V4,Fortress_defense_pattern,FortressBot:rally:5/3/3/3/2/2/2/2/0/0,3,,,0.0004,INSUFFICIENT_SAMPLE
Candidate V4,Fortress_defense_pattern,FortressBot:receive:7/3/2/1/0,3,,,0.0004,INSUFFICIENT_SAMPLE
Candidate V4,Fortress_defense_pattern,FortressBot:rally:1/1/1/1/1/1/0/0/0/0,3,,,0.0004,INSUFFICIENT_SAMPLE
Candidate V4,Fortress_defense_pattern,FortressBot:rally:7/5/4/2/2/1/1/1/1/0,3,,,0.0004,INSUFFICIENT_SAMPLE
Candidate V4,Fortress_defense_pattern,FortressBot:receive:5/3/1/1/1,3,,,0.0004,INSUFFICIENT_SAMPLE
Candidate V4,Fortress_defense_pattern,FortressBot:service:3/3/1/1/0,3,,,0.0002,INSUFFICIENT_SAMPLE
Candidate V4,Fortress_defense_pattern,FortressBot:rally:6/4/4/3/3/2/0/0/0/0,3,,,0.0004,INSUFFICIENT_SAMPLE
Candidate V4,Fortress_defense_pattern,FortressBot:rally:8/4/3/3/2/1/1/1/0/0,3,,,0.0004,INSUFFICIENT_SAMPLE
Candidate V4,Fortress_defense_pattern,FortressBot:rally:2/2/2/2/1/1/1/0/0/0,3,,,0.0004,INSUFFICIENT_SAMPLE
Candidate V4,Fortress_defense_pattern,FortressBot:rally:5/5/3/3/2/2/1/1/1/0,3,,,0.0004,INSUFFICIENT_SAMPLE
Candidate V4,Fortress_defense_pattern,FortressBot:receive:2/2/2/2/0,3,,,0.0004,INSUFFICIENT_SAMPLE
Candidate V4,Fortress_defense_pattern,FortressBot:service:4/3/1/0/0,3,,,0.0002,INSUFFICIENT_SAMPLE
Candidate V4,Fortress_defense_pattern,FortressBot:rally:3/3/2/2/2/1/1/1/1/0,3,,,0.0004,INSUFFICIENT_SAMPLE
Candidate V4,Fortress_defense_pattern,FortressBot:service:3/3/1/0/0,3,,,0.0002,INSUFFICIENT_SAMPLE
Candidate V4,Fortress_defense_pattern,FortressBot:receive:5/4/2/0/0,3,,,0.0004,INSUFFICIENT_SAMPLE
Candidate V4,Fortress_defense_pattern,FortressBot:rally:6/3/3/2/2/1/1/1/1/0,3,,,0.0004,INSUFFICIENT_SAMPLE
Candidate V4,Fortress_defense_pattern,FortressBot:receive:4/2/2/2/1,3,,,0.0004,INSUFFICIENT_SAMPLE
Candidate V4,Fortress_defense_pattern,FortressBot:rally:5/4/3/2/2/2/2/1/0/0,3,,,0.0004,INSUFFICIENT_SAMPLE
Candidate V4,Fortress_defense_pattern,FortressBot:rally:3/2/2/2/1/1/1/1/0/0,3,,,0.0004,INSUFFICIENT_SAMPLE
Candidate V4,Fortress_defense_pattern,FortressBot:receive:4/2/1/1/1,3,,,0.0004,INSUFFICIENT_SAMPLE
Candidate V4,Fortress_defense_pattern,FortressBot:rally:8/4/4/3/2/1/1/0/0/0,3,,,0.0004,INSUFFICIENT_SAMPLE
Candidate V4,Fortress_defense_pattern,FortressBot:rally:5/4/3/3/2/1/1/1/0/0,3,,,0.0004,INSUFFICIENT_SAMPLE
Candidate V4,Fortress_defense_pattern,FortressBot:rally:3/3/3/2/2/2/1/1/1/0,3,,,0.0004,INSUFFICIENT_SAMPLE
Candidate V4,Fortress_defense_pattern,FortressBot:rally:2/1/1/1/1/1/1/1/0/0,2,,,0.0003,INSUFFICIENT_SAMPLE
Candidate V4,Fortress_defense_pattern,FortressBot:receive:6/6/1/0/0,2,,,0.0002,INSUFFICIENT_SAMPLE
Candidate V4,Fortress_defense_pattern,FortressBot:rally:5/5/3/3/2/2/2/1/1/0,2,,,0.0003,INSUFFICIENT_SAMPLE
Candidate V4,Fortress_defense_pattern,FortressBot:rally:7/4/4/2/2/2/1/1/1/0,2,,,0.0003,INSUFFICIENT_SAMPLE
Candidate V4,Fortress_defense_pattern,FortressBot:rally:3/3/1/1/1/1/0/0/0/0,2,,,0.0003,INSUFFICIENT_SAMPLE
Candidate V4,Fortress_defense_pattern,FortressBot:rally:7/4/3/3/2/2/1/1/0/0,2,,,0.0003,INSUFFICIENT_SAMPLE
Candidate V4,Fortress_defense_pattern,FortressBot:receive:5/3/3/2/1,2,,,0.0002,INSUFFICIENT_SAMPLE
Candidate V4,Fortress_defense_pattern,FortressBot:receive:11/1/1/1/0,2,,,0.0002,INSUFFICIENT_SAMPLE
Candidate V4,Fortress_defense_pattern,FortressBot:rally:8/4/3/2/2/2/1/1/0/0,2,,,0.0003,INSUFFICIENT_SAMPLE
Candidate V4,Fortress_defense_pattern,FortressBot:rally:9/4/3/2/2/2/1/0/0/0,2,,,0.0003,INSUFFICIENT_SAMPLE
Candidate V4,Fortress_defense_pattern,FortressBot:rally:7/5/3/3/2/1/1/1/1/0,2,,,0.0003,INSUFFICIENT_SAMPLE
Candidate V4,Fortress_defense_pattern,FortressBot:rally:6/6/4/2/2/2/1/1/0/0,2,,,0.0003,INSUFFICIENT_SAMPLE
Candidate V4,Fortress_defense_pattern,FortressBot:rally:7/5/3/2/2/2/1/1/0/0,2,,,0.0003,INSUFFICIENT_SAMPLE
Candidate V4,Fortress_defense_pattern,FortressBot:rally:10/4/3/1/1/1/1/1/0/0,2,,,0.0003,INSUFFICIENT_SAMPLE
Candidate V4,Fortress_defense_pattern,FortressBot:service:2/2/2/2/2,2,,,0.0002,INSUFFICIENT_SAMPLE
Candidate V4,Fortress_defense_pattern,FortressBot:receive:6/3/2/2/1,2,,,0.0002,INSUFFICIENT_SAMPLE
Candidate V4,Fortress_defense_pattern,FortressBot:rally:6/4/4/2/1/1/1/1/1/0,2,,,0.0003,INSUFFICIENT_SAMPLE
Candidate V4,Fortress_defense_pattern,FortressBot:rally:4/4/4/4/2/1/1/1/1/0,2,,,0.0003,INSUFFICIENT_SAMPLE
Candidate V4,Fortress_defense_pattern,FortressBot:receive:5/2/2/2/0,2,,,0.0002,INSUFFICIENT_SAMPLE
Candidate V4,Fortress_defense_pattern,FortressBot:rally:3/3/2/1/1/1/0/0/0/0,2,,,0.0003,INSUFFICIENT_SAMPLE
Candidate V4,Fortress_defense_pattern,FortressBot:rally:2/2/1/1/0/0/0/0/0/0,2,,,0.0003,INSUFFICIENT_SAMPLE
Candidate V4,Fortress_defense_pattern,FortressBot:receive:8/2/1/0/0,2,,,0.0002,INSUFFICIENT_SAMPLE
Candidate V4,Fortress_defense_pattern,FortressBot:rally:2/2/2/0/0/0/0/0/0/0,2,,,0.0003,INSUFFICIENT_SAMPLE
Candidate V4,Fortress_defense_pattern,FortressBot:rally:9/3/3/3/3/1/0/0/0/0,2,,,0.0003,INSUFFICIENT_SAMPLE
Candidate V4,Fortress_defense_pattern,FortressBot:rally:6/4/4/3/2/2/2/1/0/0,2,,,0.0003,INSUFFICIENT_SAMPLE
Candidate V4,Fortress_defense_pattern,FortressBot:service:1/1/1/1/1,2,,,0.0002,INSUFFICIENT_SAMPLE
Candidate V4,Fortress_defense_pattern,FortressBot:rally:10/4/2/1/1/1/1/1/1/0,2,,,0.0003,INSUFFICIENT_SAMPLE
Candidate V4,Fortress_defense_pattern,FortressBot:rally:4/3/3/3/2/2/2/1/1/0,2,,,0.0003,INSUFFICIENT_SAMPLE
Candidate V4,Fortress_defense_pattern,FortressBot:receive:7/6/1/0/0,2,,,0.0002,INSUFFICIENT_SAMPLE
Candidate V4,Fortress_defense_pattern,FortressBot:rally:6/5/4/2/2/2/1/1/0/0,2,,,0.0003,INSUFFICIENT_SAMPLE
Candidate V4,Fortress_defense_pattern,FortressBot:receive:9/2/1/1/0,2,,,0.0002,INSUFFICIENT_SAMPLE
Candidate V4,Fortress_defense_pattern,FortressBot:receive:4/2/2/2/0,2,,,0.0002,INSUFFICIENT_SAMPLE
Candidate V4,Fortress_defense_pattern,FortressBot:receive:8/3/2/0/0,2,,,0.0002,INSUFFICIENT_SAMPLE
Candidate V4,Fortress_defense_pattern,FortressBot:rally:8/4/4/2/2/1/1/1/0/0,2,,,0.0003,INSUFFICIENT_SAMPLE
Candidate V4,Fortress_defense_pattern,FortressBot:rally:6/3/2/2/2/2/1/1/1/0,2,,,0.0003,INSUFFICIENT_SAMPLE
Candidate V4,Fortress_defense_pattern,FortressBot:rally:6/5/3/3/2/1/1/1/1/0,2,,,0.0003,INSUFFICIENT_SAMPLE
Candidate V4,Fortress_defense_pattern,FortressBot:rally:3/3/3/3/2/2/2/1/1/1,2,,,0.0003,INSUFFICIENT_SAMPLE
Candidate V4,Fortress_defense_pattern,FortressBot:receive:4/1/1/1/1,2,,,0.0002,INSUFFICIENT_SAMPLE
Candidate V4,Fortress_defense_pattern,FortressBot:rally:6/5/4/2/2/1/1/1/1/0,2,,,0.0003,INSUFFICIENT_SAMPLE
Candidate V4,Fortress_defense_pattern,FortressBot:rally:5/5/4/4/1/1/1/1/0/0,2,,,0.0003,INSUFFICIENT_SAMPLE
Candidate V4,Fortress_defense_pattern,FortressBot:rally:6/5/4/3/1/1/1/0/0/0,2,,,0.0003,INSUFFICIENT_SAMPLE
Candidate V4,Fortress_defense_pattern,FortressBot:rally:3/3/3/1/1/1/1/0/0/0,2,,,0.0003,INSUFFICIENT_SAMPLE
Candidate V4,Fortress_defense_pattern,FortressBot:rally:3/3/2/1/1/1/1/0/0/0,2,,,0.0003,INSUFFICIENT_SAMPLE
Candidate V4,Fortress_defense_pattern,FortressBot:rally:4/4/2/2/2/2/1/1/1/0,2,,,0.0003,INSUFFICIENT_SAMPLE
Candidate V4,Fortress_defense_pattern,FortressBot:rally:6/4/4/4/3/1/0/0/0/0,2,,,0.0003,INSUFFICIENT_SAMPLE
Candidate V4,Fortress_defense_pattern,FortressBot:rally:7/4/3/3/2/1/1/0/0/0,2,,,0.0003,INSUFFICIENT_SAMPLE
Candidate V4,Fortress_defense_pattern,FortressBot:service:3/0/0/0/0,2,,,0.0002,INSUFFICIENT_SAMPLE
Candidate V4,Fortress_defense_pattern,FortressBot:rally:5/3/3/2/2/2/2/1/1/0,2,,,0.0003,INSUFFICIENT_SAMPLE
Candidate V4,Fortress_defense_pattern,FortressBot:receive:5/3/3/2/0,2,,,0.0002,INSUFFICIENT_SAMPLE
Candidate V4,Fortress_defense_pattern,FortressBot:rally:6/4/4/3/2/2/1/1/0/0,2,,,0.0003,INSUFFICIENT_SAMPLE
Candidate V4,Fortress_defense_pattern,FortressBot:rally:4/3/3/3/2/2/1/1/1/0,2,,,0.0003,INSUFFICIENT_SAMPLE
Candidate V4,Fortress_defense_pattern,FortressBot:rally:4/3/3/2/2/2/1/1/0/0,2,,,0.0003,INSUFFICIENT_SAMPLE
Candidate V4,Fortress_defense_pattern,FortressBot:receive:3/2/0/0/0,2,,,0.0002,INSUFFICIENT_SAMPLE
Candidate V4,Fortress_defense_pattern,FortressBot:rally:9/4/3/3/2/2/1/1/1/0,2,,,0.0003,INSUFFICIENT_SAMPLE
Candidate V4,Fortress_defense_pattern,FortressBot:receive:5/5/2/2/0,2,,,0.0002,INSUFFICIENT_SAMPLE
Candidate V4,Fortress_defense_pattern,FortressBot:rally:3/3/3/2/2/2/2/2/0/0,2,,,0.0003,INSUFFICIENT_SAMPLE
Candidate V4,Fortress_defense_pattern,FortressBot:rally:9/4/3/1/1/1/1/1/1/0,2,,,0.0003,INSUFFICIENT_SAMPLE
Candidate V4,Fortress_defense_pattern,FortressBot:rally:6/5/3/2/2/2/1/1/1/1,2,,,0.0003,INSUFFICIENT_SAMPLE
Candidate V4,Fortress_defense_pattern,FortressBot:rally:3/2/2/1/0/0/0/0/0/0,2,,,0.0003,INSUFFICIENT_SAMPLE
Candidate V4,Fortress_defense_pattern,FortressBot:rally:4/4/4/3/3/2/2/0/0/0,2,,,0.0003,INSUFFICIENT_SAMPLE
Candidate V4,Fortress_defense_pattern,FortressBot:rally:4/4/3/3/2/2/2/2/0/0,2,,,0.0003,INSUFFICIENT_SAMPLE
Candidate V4,Fortress_defense_pattern,FortressBot:rally:2/2/2/1/1/1/1/1/0/0,2,,,0.0003,INSUFFICIENT_SAMPLE
Candidate V4,Fortress_defense_pattern,FortressBot:rally:3/1/1/1/1/1/1/0/0/0,2,,,0.0003,INSUFFICIENT_SAMPLE
Candidate V4,Fortress_defense_pattern,FortressBot:rally:8/5/4/4/1/1/0/0/0/0,2,,,0.0003,INSUFFICIENT_SAMPLE
Candidate V4,Fortress_defense_pattern,FortressBot:receive:7/4/0/0/0,2,,,0.0002,INSUFFICIENT_SAMPLE
Candidate V4,Fortress_defense_pattern,FortressBot:rally:5/5/3/3/1/1/1/1/1/1,2,,,0.0003,INSUFFICIENT_SAMPLE
Candidate V4,Fortress_defense_pattern,FortressBot:receive:5/5/2/1/0,2,,,0.0002,INSUFFICIENT_SAMPLE
Candidate V4,Fortress_defense_pattern,FortressBot:receive:6/4/3/1/0,2,,,0.0002,INSUFFICIENT_SAMPLE
Candidate V4,Fortress_defense_pattern,FortressBot:receive:9/3/1/1/0,2,,,0.0002,INSUFFICIENT_SAMPLE
Candidate V4,Fortress_defense_pattern,FortressBot:rally:5/3/3/3/2/2/1/1/1/0,2,,,0.0003,INSUFFICIENT_SAMPLE
Candidate V4,Fortress_defense_pattern,FortressBot:receive:3/3/1/0/0,2,,,0.0002,INSUFFICIENT_SAMPLE
Candidate V4,Fortress_defense_pattern,FortressBot:rally:7/5/3/2/2/2/1/1/1/0,2,,,0.0003,INSUFFICIENT_SAMPLE
Candidate V4,Fortress_defense_pattern,FortressBot:receive:8/3/3/0/0,2,,,0.0002,INSUFFICIENT_SAMPLE
Candidate V4,Fortress_defense_pattern,FortressBot:receive:4/3/1/1/1,2,,,0.0002,INSUFFICIENT_SAMPLE
Candidate V4,Fortress_defense_pattern,FortressBot:rally:3/3/2/2/2/2/1/1/1/0,2,,,0.0003,INSUFFICIENT_SAMPLE
Candidate V4,Fortress_defense_pattern,FortressBot:rally:8/3/3/2/2/2/1/1/1/0,2,,,0.0003,INSUFFICIENT_SAMPLE
Candidate V4,Fortress_defense_pattern,FortressBot:receive:6/3/2/2/0,2,,,0.0002,INSUFFICIENT_SAMPLE
Candidate V4,Fortress_defense_pattern,FortressBot:service:2/2/2/2/1,2,,,0.0002,INSUFFICIENT_SAMPLE
Candidate V4,Fortress_defense_pattern,FortressBot:receive:5/2/1/0/0,2,,,0.0002,INSUFFICIENT_SAMPLE
Candidate V4,Fortress_defense_pattern,FortressBot:receive:6/3/2/0/0,2,,,0.0002,INSUFFICIENT_SAMPLE
Candidate V4,Fortress_defense_pattern,FortressBot:rally:2/1/1/1/1/1/1/0/0/0,2,,,0.0003,INSUFFICIENT_SAMPLE
Candidate V4,Fortress_defense_pattern,FortressBot:rally:11/4/3/2/2/0/0/0/0/0,2,,,0.0003,INSUFFICIENT_SAMPLE
Candidate V4,Fortress_defense_pattern,FortressBot:rally:6/5/3/2/2/1/1/1/0/0,2,,,0.0003,INSUFFICIENT_SAMPLE
Candidate V4,Fortress_defense_pattern,FortressBot:rally:11/2/2/2/2/1/1/1/0/0,2,,,0.0003,INSUFFICIENT_SAMPLE
Candidate V4,Fortress_defense_pattern,FortressBot:receive:8/6/0/0/0,2,,,0.0002,INSUFFICIENT_SAMPLE
Candidate V4,Fortress_defense_pattern,FortressBot:rally:7/4/4/4/2/1/0/0/0/0,2,,,0.0003,INSUFFICIENT_SAMPLE
Candidate V4,Fortress_defense_pattern,FortressBot:rally:7/3/3/3/2/2/2/1/0/0,2,,,0.0003,INSUFFICIENT_SAMPLE
Candidate V4,Fortress_defense_pattern,FortressBot:rally:5/4/3/3/1/1/1/1/1/0,2,,,0.0003,INSUFFICIENT_SAMPLE
Candidate V4,Fortress_defense_pattern,FortressBot:rally:7/2/2/2/2/2/2/2/1/0,2,,,0.0003,INSUFFICIENT_SAMPLE
Candidate V4,Fortress_defense_pattern,FortressBot:receive:3/3/3/2/0,2,,,0.0002,INSUFFICIENT_SAMPLE
Candidate V4,Fortress_defense_pattern,FortressBot:receive:6/2/2/0/0,2,,,0.0002,INSUFFICIENT_SAMPLE
Candidate V4,Fortress_defense_pattern,FortressBot:receive:4/2/1/0/0,2,,,0.0002,INSUFFICIENT_SAMPLE
Candidate V4,Fortress_defense_pattern,FortressBot:rally:4/3/2/2/2/1/1/1/1/0,2,,,0.0003,INSUFFICIENT_SAMPLE
Candidate V4,Fortress_defense_pattern,FortressBot:rally:5/4/3/3/3/2/1/1/1/0,2,,,0.0003,INSUFFICIENT_SAMPLE
Candidate V4,Fortress_defense_pattern,FortressBot:rally:8/4/3/3/2/2/1/1/0/0,2,,,0.0003,INSUFFICIENT_SAMPLE
Candidate V4,Fortress_defense_pattern,FortressBot:receive:6/3/2/1/1,2,,,0.0002,INSUFFICIENT_SAMPLE
Candidate V4,Fortress_defense_pattern,FortressBot:receive:1/1/1/1/1,2,,,0.0002,INSUFFICIENT_SAMPLE
Candidate V4,Fortress_defense_pattern,FortressBot:rally:7/6/3/3/3/0/0/0/0/0,2,,,0.0003,INSUFFICIENT_SAMPLE
Candidate V4,Fortress_defense_pattern,FortressBot:rally:3/3/3/2/2/1/1/0/0/0,2,,,0.0003,INSUFFICIENT_SAMPLE
Candidate V4,Fortress_defense_pattern,FortressBot:rally:5/3/3/2/2/2/1/0/0/0,2,,,0.0003,INSUFFICIENT_SAMPLE
Candidate V4,Fortress_defense_pattern,FortressBot:receive:5/4/2/1/1,2,,,0.0002,INSUFFICIENT_SAMPLE
Candidate V4,Fortress_defense_pattern,FortressBot:rally:2/1/0/0/0/0/0/0/0/0,2,,,0.0003,INSUFFICIENT_SAMPLE
Candidate V4,Fortress_defense_pattern,FortressBot:rally:9/4/3/3/2/2/1/0/0/0,2,,,0.0003,INSUFFICIENT_SAMPLE
Candidate V4,Fortress_defense_pattern,FortressBot:rally:7/4/3/3/2/1/1/1/1/0,2,,,0.0003,INSUFFICIENT_SAMPLE
Candidate V4,Fortress_defense_pattern,FortressBot:receive:6/4/0/0/0,2,,,0.0002,INSUFFICIENT_SAMPLE
Candidate V4,Fortress_defense_pattern,FortressBot:rally:7/4/3/2/2/1/1/1/0/0,2,,,0.0003,INSUFFICIENT_SAMPLE
Candidate V4,Fortress_defense_pattern,FortressBot:rally:7/5/4/2/2/1/1/1/0/0,2,,,0.0003,INSUFFICIENT_SAMPLE
Candidate V4,Fortress_defense_pattern,FortressBot:rally:6/3/3/3/3/2/2/0/0/0,2,,,0.0003,INSUFFICIENT_SAMPLE
Candidate V4,Fortress_defense_pattern,FortressBot:receive:8/4/1/0/0,2,,,0.0002,INSUFFICIENT_SAMPLE
Candidate V4,Fortress_defense_pattern,FortressBot:rally:4/3/3/2/2/1/1/1/1/0,2,,,0.0003,INSUFFICIENT_SAMPLE
Candidate V4,Fortress_defense_pattern,FortressBot:receive:7/2/2/1/1,2,,,0.0002,INSUFFICIENT_SAMPLE
Candidate V4,Fortress_defense_pattern,FortressBot:rally:7/4/3/3/2/2/1/1/1/0,2,,,0.0003,INSUFFICIENT_SAMPLE
Candidate V4,Fortress_defense_pattern,FortressBot:rally:6/6/4/3/2/1/1/0/0/0,2,,,0.0003,INSUFFICIENT_SAMPLE
Candidate V4,Fortress_defense_pattern,FortressBot:rally:9/4/3/2/2/1/1/1/1/0,2,,,0.0003,INSUFFICIENT_SAMPLE
Candidate V4,Fortress_defense_pattern,FortressBot:rally:6/3/2/2/2/2/2/1/1/0,2,,,0.0003,INSUFFICIENT_SAMPLE
Candidate V4,Fortress_defense_pattern,FortressBot:receive:4/4/1/1/0,2,,,0.0002,INSUFFICIENT_SAMPLE
Candidate V4,Fortress_defense_pattern,FortressBot:receive:7/4/1/1/1,2,,,0.0002,INSUFFICIENT_SAMPLE
Candidate V4,Fortress_defense_pattern,FortressBot:rally:10/4/4/3/1/0/0/0/0/0,2,,,0.0003,INSUFFICIENT_SAMPLE
Candidate V4,Fortress_defense_pattern,FortressBot:rally:4/4/3/3/2/2/2/1/0/0,2,,,0.0003,INSUFFICIENT_SAMPLE
Candidate V4,Fortress_defense_pattern,FortressBot:rally:5/4/3/3/3/2/2/0/0/0,2,,,0.0003,INSUFFICIENT_SAMPLE
Candidate V4,Fortress_defense_pattern,FortressBot:receive:5/5/1/1/1,2,,,0.0002,INSUFFICIENT_SAMPLE
Candidate V4,Fortress_defense_pattern,FortressBot:receive:5/2/2/1/1,2,,,0.0002,INSUFFICIENT_SAMPLE
Candidate V4,Fortress_defense_pattern,FortressBot:service:5/2/1/1/0,2,,,0.0002,INSUFFICIENT_SAMPLE
Candidate V4,Fortress_defense_pattern,FortressBot:rally:3/3/3/3/2/1/1/1/0/0,2,,,0.0003,INSUFFICIENT_SAMPLE
Candidate V4,Fortress_defense_pattern,FortressBot:rally:4/3/2/2/1/1/0/0/0/0,2,,,0.0003,INSUFFICIENT_SAMPLE
Candidate V4,Fortress_defense_pattern,FortressBot:rally:4/2/2/2/2/1/1/0/0/0,2,,,0.0003,INSUFFICIENT_SAMPLE
Candidate V4,Fortress_defense_pattern,FortressBot:rally:8/3/3/2/2/2/1/1/1/1,2,,,0.0003,INSUFFICIENT_SAMPLE
Candidate V4,Fortress_defense_pattern,FortressBot:rally:3/2/2/2/2/2/1/0/0/0,2,,,0.0003,INSUFFICIENT_SAMPLE
Candidate V4,Fortress_defense_pattern,FortressBot:receive:2/2/2/2/1,2,,,0.0002,INSUFFICIENT_SAMPLE
Candidate V4,Fortress_defense_pattern,FortressBot:rally:7/3/2/2/2/2/2/1/0/0,2,,,0.0003,INSUFFICIENT_SAMPLE
Candidate V4,Fortress_defense_pattern,FortressBot:receive:7/3/2/1/1,2,,,0.0002,INSUFFICIENT_SAMPLE
Candidate V4,Fortress_defense_pattern,FortressBot:receive:7/4/2/0/0,2,,,0.0002,INSUFFICIENT_SAMPLE
Candidate V4,Fortress_defense_pattern,FortressBot:service:4/1/1/1/1,2,,,0.0002,INSUFFICIENT_SAMPLE
Candidate V4,Fortress_defense_pattern,FortressBot:rally:6/6/3/2/2/2/1/1/0/0,2,,,0.0003,INSUFFICIENT_SAMPLE
Candidate V4,Fortress_defense_pattern,FortressBot:rally:7/7/3/2/2/2/1/0/0/0,2,,,0.0003,INSUFFICIENT_SAMPLE
Candidate V4,Fortress_defense_pattern,FortressBot:rally:3/2/1/1/0/0/0/0/0/0,2,,,0.0003,INSUFFICIENT_SAMPLE
Candidate V4,Fortress_defense_pattern,FortressBot:rally:11/4/3/1/1/1/1/0/0/0,2,,,0.0003,INSUFFICIENT_SAMPLE
Candidate V4,Fortress_defense_pattern,FortressBot:rally:2/2/1/1/1/1/1/1/0/0,2,,,0.0003,INSUFFICIENT_SAMPLE
Candidate V4,Fortress_defense_pattern,FortressBot:rally:5/3/2/2/2/2/2/2/1/1,2,,,0.0003,INSUFFICIENT_SAMPLE
Candidate V4,Fortress_defense_pattern,FortressBot:rally:3/3/3/2/1/1/1/1/0/0,1,,,0.0001,INSUFFICIENT_SAMPLE
Candidate V4,Fortress_defense_pattern,FortressBot:rally:4/3/2/2/2/2/2/2/2/1,1,,,0.0001,INSUFFICIENT_SAMPLE
Candidate V4,Fortress_defense_pattern,FortressBot:rally:6/3/3/2/2/2/1/1/1/0,1,,,0.0001,INSUFFICIENT_SAMPLE
Candidate V4,Fortress_defense_pattern,FortressBot:rally:4/2/1/1/1/1/0/0/0/0,1,,,0.0001,INSUFFICIENT_SAMPLE
Candidate V4,Fortress_defense_pattern,FortressBot:rally:7/5/3/3/3/2/2/1/0/0,1,,,0.0001,INSUFFICIENT_SAMPLE
Candidate V4,Fortress_defense_pattern,FortressBot:rally:2/2/2/1/1/1/1/1/1/1,1,,,0.0001,INSUFFICIENT_SAMPLE
Candidate V4,Fortress_defense_pattern,FortressBot:rally:4/4/2/2/1/1/1/0/0/0,1,,,0.0001,INSUFFICIENT_SAMPLE
Candidate V4,Fortress_defense_pattern,FortressBot:receive:7/2/1/1/0,1,,,0.0001,INSUFFICIENT_SAMPLE
Candidate V4,Fortress_defense_pattern,FortressBot:rally:3/2/2/2/2/1/1/0/0/0,1,,,0.0001,INSUFFICIENT_SAMPLE
Candidate V4,Fortress_defense_pattern,FortressBot:rally:7/5/4/3/1/1/1/1/1/0,1,,,0.0001,INSUFFICIENT_SAMPLE
Candidate V4,Fortress_defense_pattern,FortressBot:rally:3/3/2/2/1/1/1/0/0/0,1,,,0.0001,INSUFFICIENT_SAMPLE
Candidate V4,Fortress_defense_pattern,FortressBot:rally:4/4/4/4/2/2/1/1/0/0,1,,,0.0001,INSUFFICIENT_SAMPLE
Candidate V4,Fortress_defense_pattern,FortressBot:rally:6/4/2/1/1/1/0/0/0/0,1,,,0.0001,INSUFFICIENT_SAMPLE
Candidate V4,Fortress_defense_pattern,FortressBot:rally:6/4/4/4/2/2/1/1/0/0,1,,,0.0001,INSUFFICIENT_SAMPLE
Candidate V4,Fortress_defense_pattern,FortressBot:service:7/1/1/0/0,1,,,0.0001,INSUFFICIENT_SAMPLE
Candidate V4,Fortress_defense_pattern,FortressBot:rally:6/4/3/3/2/2/2/1/0/0,1,,,0.0001,INSUFFICIENT_SAMPLE
Candidate V4,Fortress_defense_pattern,FortressBot:service:3/3/3/0/0,1,,,0.0001,INSUFFICIENT_SAMPLE
Candidate V4,Fortress_defense_pattern,FortressBot:rally:7/6/4/3/3/1/0/0/0/0,1,,,0.0001,INSUFFICIENT_SAMPLE
Candidate V4,Fortress_defense_pattern,FortressBot:receive:3/2/2/2/0,1,,,0.0001,INSUFFICIENT_SAMPLE
Candidate V4,Fortress_defense_pattern,FortressBot:rally:10/5/4/3/2/2/1/1/0/0,1,,,0.0001,INSUFFICIENT_SAMPLE
Candidate V4,Fortress_defense_pattern,FortressBot:rally:6/3/3/3/2/1/1/1/1/0,1,,,0.0001,INSUFFICIENT_SAMPLE
Candidate V4,Fortress_defense_pattern,FortressBot:rally:6/5/4/3/2/2/2/1/0/0,1,,,0.0001,INSUFFICIENT_SAMPLE
Candidate V4,Fortress_defense_pattern,FortressBot:rally:11/3/3/2/2/1/0/0/0/0,1,,,0.0001,INSUFFICIENT_SAMPLE
Candidate V4,Fortress_defense_pattern,FortressBot:rally:5/2/2/1/1/1/1/1/1/0,1,,,0.0001,INSUFFICIENT_SAMPLE
Candidate V4,Fortress_defense_pattern,FortressBot:receive:12/0/0/0/0,1,,,0.0001,INSUFFICIENT_SAMPLE
Candidate V4,Fortress_defense_pattern,FortressBot:rally:6/4/4/4/2/2/1/0/0/0,1,,,0.0001,INSUFFICIENT_SAMPLE
Candidate V4,Fortress_defense_pattern,FortressBot:rally:4/3/3/3/1/1/1/0/0/0,1,,,0.0001,INSUFFICIENT_SAMPLE
Candidate V4,Fortress_defense_pattern,FortressBot:rally:4/3/3/2/2/2/2/1/1/1,1,,,0.0001,INSUFFICIENT_SAMPLE
Candidate V4,Fortress_defense_pattern,FortressBot:rally:8/4/3/3/2/2/1/1/1/0,1,,,0.0001,INSUFFICIENT_SAMPLE
Candidate V4,Fortress_defense_pattern,FortressBot:rally:8/4/3/2/2/2/2/1/0/0,1,,,0.0001,INSUFFICIENT_SAMPLE
Candidate V4,Fortress_defense_pattern,FortressBot:rally:6/4/4/3/1/1/1/1/1/1,1,,,0.0001,INSUFFICIENT_SAMPLE
Candidate V4,Fortress_defense_pattern,FortressBot:receive:2/2/0/0/0,1,,,0.0001,INSUFFICIENT_SAMPLE
Candidate V4,Fortress_defense_pattern,FortressBot:rally:8/4/3/3/3/2/1/1/1/1,1,,,0.0001,INSUFFICIENT_SAMPLE
Candidate V4,Fortress_defense_pattern,FortressBot:rally:3/2/2/2/2/2/1/1/1/0,1,,,0.0001,INSUFFICIENT_SAMPLE
Candidate V4,Fortress_defense_pattern,FortressBot:rally:3/2/2/2/1/1/1/1/1/1,1,,,0.0001,INSUFFICIENT_SAMPLE
Candidate V4,Fortress_defense_pattern,FortressBot:rally:4/3/2/2/2/2/2/2/1/0,1,,,0.0001,INSUFFICIENT_SAMPLE
Candidate V4,Fortress_defense_pattern,FortressBot:rally:6/3/3/2/2/2/1/1/0/0,1,,,0.0001,INSUFFICIENT_SAMPLE
Candidate V4,Fortress_defense_pattern,FortressBot:rally:8/4/4/3/2/1/1/1/1/0,1,,,0.0001,INSUFFICIENT_SAMPLE
Candidate V4,Fortress_defense_pattern,FortressBot:rally:4/4/3/3/2/2/1/1/1/0,1,,,0.0001,INSUFFICIENT_SAMPLE
Candidate V4,Fortress_defense_pattern,FortressBot:rally:4/4/2/2/2/1/1/1/0/0,1,,,0.0001,INSUFFICIENT_SAMPLE
Candidate V4,Fortress_defense_pattern,FortressBot:rally:2/2/2/2/2/1/1/1/0/0,1,,,0.0001,INSUFFICIENT_SAMPLE
Candidate V4,Fortress_defense_pattern,FortressBot:rally:5/4/4/4/2/2/1/1/1/0,1,,,0.0001,INSUFFICIENT_SAMPLE
Candidate V4,Fortress_defense_pattern,FortressBot:rally:7/4/3/2/1/1/1/1/0/0,1,,,0.0001,INSUFFICIENT_SAMPLE
Candidate V4,Fortress_defense_pattern,FortressBot:rally:10/4/3/3/2/2/0/0/0/0,1,,,0.0001,INSUFFICIENT_SAMPLE
Candidate V4,Fortress_defense_pattern,FortressBot:rally:8/6/4/3/3/1/1/0/0/0,1,,,0.0001,INSUFFICIENT_SAMPLE
Candidate V4,Fortress_defense_pattern,FortressBot:rally:7/3/3/3/2/2/1/1/1/0,1,,,0.0001,INSUFFICIENT_SAMPLE
Candidate V4,Fortress_defense_pattern,FortressBot:receive:2/2/2/2/2,1,,,0.0001,INSUFFICIENT_SAMPLE
Candidate V4,Fortress_defense_pattern,FortressBot:rally:4/4/4/4/3/2/2/1/0/0,1,,,0.0001,INSUFFICIENT_SAMPLE
Candidate V4,Fortress_defense_pattern,FortressBot:receive:9/3/1/0/0,1,,,0.0001,INSUFFICIENT_SAMPLE
Candidate V4,Fortress_defense_pattern,FortressBot:rally:4/4/3/2/1/1/1/1/1/0,1,,,0.0001,INSUFFICIENT_SAMPLE
Candidate V4,Fortress_defense_pattern,FortressBot:rally:3/3/3/3/2/2/2/1/1/0,1,,,0.0001,INSUFFICIENT_SAMPLE
Candidate V4,Fortress_defense_pattern,FortressBot:rally:9/6/4/3/3/1/1/1/0/0,1,,,0.0001,INSUFFICIENT_SAMPLE
Candidate V4,Fortress_defense_pattern,FortressBot:receive:5/3/3/0/0,1,,,0.0001,INSUFFICIENT_SAMPLE
Candidate V4,Fortress_defense_pattern,FortressBot:rally:7/6/4/4/2/1/1/1/1/0,1,,,0.0001,INSUFFICIENT_SAMPLE
Candidate V4,Fortress_defense_pattern,FortressBot:receive:7/1/1/1/0,1,,,0.0001,INSUFFICIENT_SAMPLE
Candidate V4,Fortress_defense_pattern,FortressBot:rally:4/4/3/3/2/2/2/2/1/0,1,,,0.0001,INSUFFICIENT_SAMPLE
Candidate V4,Fortress_defense_pattern,FortressBot:rally:6/5/4/3/2/1/1/1/1/0,1,,,0.0001,INSUFFICIENT_SAMPLE
Candidate V4,Fortress_defense_pattern,FortressBot:receive:5/1/1/1/0,1,,,0.0001,INSUFFICIENT_SAMPLE
Candidate V4,Fortress_defense_pattern,FortressBot:rally:6/5/3/3/2/2/2/1/1/1,1,,,0.0001,INSUFFICIENT_SAMPLE
Candidate V4,Fortress_defense_pattern,FortressBot:rally:5/5/4/3/1/1/1/1/0/0,1,,,0.0001,INSUFFICIENT_SAMPLE
Candidate V4,Fortress_defense_pattern,FortressBot:rally:9/4/2/2/2/1/1/1/1/0,1,,,0.0001,INSUFFICIENT_SAMPLE
Candidate V4,Fortress_defense_pattern,FortressBot:rally:7/5/4/3/1/1/1/1/0/0,1,,,0.0001,INSUFFICIENT_SAMPLE
Candidate V4,Fortress_defense_pattern,FortressBot:rally:4/2/2/2/1/1/1/0/0/0,1,,,0.0001,INSUFFICIENT_SAMPLE
Candidate V4,Fortress_defense_pattern,FortressBot:rally:3/3/2/2/1/1/1/1/0/0,1,,,0.0001,INSUFFICIENT_SAMPLE
Candidate V4,Fortress_defense_pattern,FortressBot:rally:11/3/3/3/3/3/2/2/1/1,1,,,0.0001,INSUFFICIENT_SAMPLE
Candidate V4,Fortress_defense_pattern,FortressBot:rally:6/5/4/3/1/1/1/1/1/0,1,,,0.0001,INSUFFICIENT_SAMPLE
Candidate V4,Fortress_defense_pattern,FortressBot:rally:7/5/4/2/2/2/1/0/0/0,1,,,0.0001,INSUFFICIENT_SAMPLE
Candidate V4,Fortress_defense_pattern,FortressBot:rally:7/6/4/2/2/2/0/0/0/0,1,,,0.0001,INSUFFICIENT_SAMPLE
Candidate V4,Fortress_defense_pattern,FortressBot:rally:2/2/2/1/1/0/0/0/0/0,1,,,0.0001,INSUFFICIENT_SAMPLE
Candidate V4,Fortress_defense_pattern,FortressBot:rally:10/4/4/2/1/1/0/0/0/0,1,,,0.0001,INSUFFICIENT_SAMPLE
Candidate V4,Fortress_defense_pattern,FortressBot:rally:6/4/3/3/3/3/2/1/1/1,1,,,0.0001,INSUFFICIENT_SAMPLE
Candidate V4,Fortress_defense_pattern,FortressBot:rally:6/5/3/2/2/2/2/1/1/0,1,,,0.0001,INSUFFICIENT_SAMPLE
Candidate V4,Fortress_defense_pattern,FortressBot:rally:3/3/2/2/2/2/1/1/0/0,1,,,0.0001,INSUFFICIENT_SAMPLE
Candidate V4,Fortress_defense_pattern,FortressBot:rally:8/4/2/2/2/2/1/1/1/1,1,,,0.0001,INSUFFICIENT_SAMPLE
Candidate V4,Fortress_defense_pattern,FortressBot:rally:2/2/1/0/0/0/0/0/0/0,1,,,0.0001,INSUFFICIENT_SAMPLE
Candidate V4,Fortress_defense_pattern,FortressBot:rally:8/5/4/2/2/2/0/0/0/0,1,,,0.0001,INSUFFICIENT_SAMPLE
Candidate V4,Fortress_defense_pattern,FortressBot:rally:5/3/3/3/2/2/2/1/1/1,1,,,0.0001,INSUFFICIENT_SAMPLE
Candidate V4,Fortress_defense_pattern,FortressBot:rally:8/6/4/2/2/1/1/0/0/0,1,,,0.0001,INSUFFICIENT_SAMPLE
Candidate V4,Fortress_defense_pattern,FortressBot:rally:8/5/4/3/2/1/0/0/0/0,1,,,0.0001,INSUFFICIENT_SAMPLE
Candidate V4,Fortress_defense_pattern,FortressBot:rally:5/3/2/2/2/2/1/1/0/0,1,,,0.0001,INSUFFICIENT_SAMPLE
Candidate V4,Fortress_defense_pattern,FortressBot:rally:7/4/3/2/2/2/2/1/1/0,1,,,0.0001,INSUFFICIENT_SAMPLE
Candidate V4,Fortress_defense_pattern,FortressBot:rally:5/4/3/3/3/3/1/0/0/0,1,,,0.0001,INSUFFICIENT_SAMPLE
Candidate V4,Fortress_defense_pattern,FortressBot:rally:6/4/3/2/2/2/1/1/1/1,1,,,0.0001,INSUFFICIENT_SAMPLE
Candidate V4,Fortress_defense_pattern,FortressBot:service:4/1/0/0/0,1,,,0.0001,INSUFFICIENT_SAMPLE
Candidate V4,Fortress_defense_pattern,FortressBot:receive:6/1/1/1/0,1,,,0.0001,INSUFFICIENT_SAMPLE
Candidate V4,Fortress_defense_pattern,FortressBot:rally:7/5/4/3/3/2/2/2/0/0,1,,,0.0001,INSUFFICIENT_SAMPLE
Candidate V4,Fortress_defense_pattern,FortressBot:rally:6/4/4/2/2/1/1/1/0/0,1,,,0.0001,INSUFFICIENT_SAMPLE
Candidate V4,Fortress_defense_pattern,FortressBot:rally:4/3/1/1/1/1/1/0/0/0,1,,,0.0001,INSUFFICIENT_SAMPLE
Candidate V4,Fortress_defense_pattern,FortressBot:receive:5/4/2/2/1,1,,,0.0001,INSUFFICIENT_SAMPLE
Candidate V4,Fortress_defense_pattern,FortressBot:rally:4/3/3/3/3/2/1/1/1/0,1,,,0.0001,INSUFFICIENT_SAMPLE
Candidate V4,Fortress_defense_pattern,FortressBot:receive:3/3/2/0/0,1,,,0.0001,INSUFFICIENT_SAMPLE
Candidate V4,Fortress_defense_pattern,FortressBot:rally:3/3/3/3/3/2/1/1/1/0,1,,,0.0001,INSUFFICIENT_SAMPLE
Candidate V4,Fortress_defense_pattern,FortressBot:rally:8/3/3/2/2/1/1/1/0/0,1,,,0.0001,INSUFFICIENT_SAMPLE
Candidate V4,Fortress_defense_pattern,FortressBot:rally:4/2/1/0/0/0/0/0/0/0,1,,,0.0001,INSUFFICIENT_SAMPLE
Candidate V4,Fortress_defense_pattern,FortressBot:receive:5/4/3/1/1,1,,,0.0001,INSUFFICIENT_SAMPLE
Candidate V4,Fortress_defense_pattern,FortressBot:rally:7/7/4/2/2/1/1/0/0/0,1,,,0.0001,INSUFFICIENT_SAMPLE
Candidate V4,Fortress_defense_pattern,FortressBot:rally:9/4/3/3/2/1/1/1/0/0,1,,,0.0001,INSUFFICIENT_SAMPLE
Candidate V4,Fortress_defense_pattern,FortressBot:rally:7/6/4/4/2/2/2/1/0/0,1,,,0.0001,INSUFFICIENT_SAMPLE
Candidate V4,Fortress_defense_pattern,FortressBot:receive:6/4/4/0/0,1,,,0.0001,INSUFFICIENT_SAMPLE
Candidate V4,Fortress_defense_pattern,FortressBot:rally:3/3/2/1/1/1/1/1/1/0,1,,,0.0001,INSUFFICIENT_SAMPLE
Candidate V4,Fortress_defense_pattern,FortressBot:rally:3/3/2/2/2/2/2/2/1/1,1,,,0.0001,INSUFFICIENT_SAMPLE
Candidate V4,Fortress_defense_pattern,FortressBot:rally:7/5/4/4/3/2/1/1/0/0,1,,,0.0001,INSUFFICIENT_SAMPLE
Candidate V4,Fortress_defense_pattern,FortressBot:rally:3/3/2/2/2/2/1/1/1/1,1,,,0.0001,INSUFFICIENT_SAMPLE
Candidate V4,Fortress_defense_pattern,FortressBot:rally:9/3/2/2/1/1/1/1/1/1,1,,,0.0001,INSUFFICIENT_SAMPLE
Candidate V4,Fortress_defense_pattern,FortressBot:rally:7/5/3/3/2/2/1/0/0/0,1,,,0.0001,INSUFFICIENT_SAMPLE
Candidate V4,Fortress_defense_pattern,FortressBot:rally:9/4/4/4/3/2/1/1/1/0,1,,,0.0001,INSUFFICIENT_SAMPLE
Candidate V4,Fortress_defense_pattern,FortressBot:rally:10/3/3/2/2/2/1/1/0/0,1,,,0.0001,INSUFFICIENT_SAMPLE
Candidate V4,Fortress_defense_pattern,FortressBot:receive:7/3/1/1/1,1,,,0.0001,INSUFFICIENT_SAMPLE
Candidate V4,Fortress_defense_pattern,FortressBot:rally:6/6/4/4/1/1/1/0/0/0,1,,,0.0001,INSUFFICIENT_SAMPLE
Candidate V4,Fortress_defense_pattern,FortressBot:receive:6/4/1/0/0,1,,,0.0001,INSUFFICIENT_SAMPLE
Candidate V4,Fortress_defense_pattern,FortressBot:receive:4/4/2/0/0,1,,,0.0001,INSUFFICIENT_SAMPLE
Candidate V4,Fortress_defense_pattern,FortressBot:rally:4/4/4/3/3/3/2/1/0/0,1,,,0.0001,INSUFFICIENT_SAMPLE
Candidate V4,Fortress_defense_pattern,FortressBot:rally:8/5/3/2/2/2/1/1/0/0,1,,,0.0001,INSUFFICIENT_SAMPLE
Candidate V4,Fortress_defense_pattern,FortressBot:rally:4/3/2/2/2/2/2/1/0/0,1,,,0.0001,INSUFFICIENT_SAMPLE
Candidate V4,Fortress_defense_pattern,FortressBot:receive:5/1/1/0/0,1,,,0.0001,INSUFFICIENT_SAMPLE
Candidate V4,Fortress_defense_pattern,FortressBot:rally:3/3/2/2/2/1/1/1/0/0,1,,,0.0001,INSUFFICIENT_SAMPLE
Candidate V4,Fortress_defense_pattern,FortressBot:rally:5/4/4/3/2/1/1/1/0/0,1,,,0.0001,INSUFFICIENT_SAMPLE
Candidate V4,Fortress_defense_pattern,FortressBot:rally:8/3/2/2/2/1/1/1/0/0,1,,,0.0001,INSUFFICIENT_SAMPLE
Candidate V4,Fortress_defense_pattern,FortressBot:receive:9/2/2/1/0,1,,,0.0001,INSUFFICIENT_SAMPLE
Candidate V4,Fortress_defense_pattern,FortressBot:rally:4/3/3/2/2/2/2/2/0/0,1,,,0.0001,INSUFFICIENT_SAMPLE
Candidate V4,Fortress_defense_pattern,FortressBot:rally:7/4/4/3/2/1/1/1/1/0,1,,,0.0001,INSUFFICIENT_SAMPLE
Candidate V4,Fortress_defense_pattern,FortressBot:receive:8/2/1/1/1,1,,,0.0001,INSUFFICIENT_SAMPLE
Candidate V4,Fortress_defense_pattern,FortressBot:rally:3/2/2/1/1/1/1/1/1/0,1,,,0.0001,INSUFFICIENT_SAMPLE
Candidate V4,Fortress_defense_pattern,FortressBot:rally:3/3/3/2/2/2/2/2/1/0,1,,,0.0001,INSUFFICIENT_SAMPLE
Candidate V4,Fortress_defense_pattern,FortressBot:rally:3/2/1/0/0/0/0/0/0/0,1,,,0.0001,INSUFFICIENT_SAMPLE
Candidate V4,Fortress_defense_pattern,FortressBot:rally:3/2/2/2/1/1/1/1/1/0,1,,,0.0001,INSUFFICIENT_SAMPLE
Candidate V4,Fortress_defense_pattern,FortressBot:rally:7/4/3/2/2/2/2/2/0/0,1,,,0.0001,INSUFFICIENT_SAMPLE
Candidate V4,Fortress_defense_pattern,FortressBot:rally:7/6/4/4/2/2/1/1/0/0,1,,,0.0001,INSUFFICIENT_SAMPLE
Candidate V4,Fortress_defense_pattern,FortressBot:rally:7/5/4/2/2/2/2/0/0/0,1,,,0.0001,INSUFFICIENT_SAMPLE
Candidate V4,Fortress_defense_pattern,FortressBot:rally:7/5/4/3/3/2/2/0/0/0,1,,,0.0001,INSUFFICIENT_SAMPLE
Candidate V4,Fortress_defense_pattern,FortressBot:rally:4/3/3/2/2/2/1/0/0/0,1,,,0.0001,INSUFFICIENT_SAMPLE
Candidate V4,Fortress_defense_pattern,FortressBot:rally:5/2/2/2/2/2/2/2/2/1,1,,,0.0001,INSUFFICIENT_SAMPLE
Candidate V4,Fortress_defense_pattern,FortressBot:receive:6/4/3/0/0,1,,,0.0001,INSUFFICIENT_SAMPLE
Candidate V4,Fortress_defense_pattern,FortressBot:receive:7/3/0/0/0,1,,,0.0001,INSUFFICIENT_SAMPLE
Candidate V4,Fortress_defense_pattern,FortressBot:rally:5/3/3/2/2/2/1/1/0/0,1,,,0.0001,INSUFFICIENT_SAMPLE
Candidate V4,Fortress_defense_pattern,FortressBot:service:6/1/1/0/0,1,,,0.0001,INSUFFICIENT_SAMPLE
Candidate V4,Fortress_defense_pattern,FortressBot:rally:9/4/3/2/2/1/1/1/0/0,1,,,0.0001,INSUFFICIENT_SAMPLE
Candidate V4,Fortress_defense_pattern,FortressBot:receive:10/3/1/0/0,1,,,0.0001,INSUFFICIENT_SAMPLE
Candidate V4,Fortress_defense_pattern,FortressBot:rally:2/0/0/0/0/0/0/0/0/0,1,,,0.0001,INSUFFICIENT_SAMPLE
Candidate V4,Fortress_defense_pattern,FortressBot:rally:7/6/4/3/3/1/1/1/1/0,1,,,0.0001,INSUFFICIENT_SAMPLE
Candidate V4,Fortress_defense_pattern,FortressBot:rally:4/4/3/1/1/1/1/0/0/0,1,,,0.0001,INSUFFICIENT_SAMPLE
Candidate V4,Fortress_defense_pattern,FortressBot:receive:5/3/2/2/1,1,,,0.0001,INSUFFICIENT_SAMPLE
Candidate V4,Fortress_defense_pattern,FortressBot:rally:6/4/3/2/2/2/2/2/1/0,1,,,0.0001,INSUFFICIENT_SAMPLE
Candidate V4,Fortress_defense_pattern,FortressBot:rally:8/8/4/3/3/1/1/0/0/0,1,,,0.0001,INSUFFICIENT_SAMPLE
Candidate V4,Fortress_defense_pattern,FortressBot:rally:4/4/4/3/2/2/1/1/0/0,1,,,0.0001,INSUFFICIENT_SAMPLE
Candidate V4,Fortress_defense_pattern,FortressBot:rally:6/5/4/3/3/1/1/1/0/0,1,,,0.0001,INSUFFICIENT_SAMPLE
Candidate V4,Fortress_defense_pattern,FortressBot:rally:7/4/4/3/2/1/0/0/0/0,1,,,0.0001,INSUFFICIENT_SAMPLE
Candidate V4,Fortress_defense_pattern,FortressBot:rally:2/1/1/1/1/1/1/1/1/0,1,,,0.0001,INSUFFICIENT_SAMPLE
Candidate V4,Fortress_defense_pattern,FortressBot:rally:5/5/4/2/2/1/1/1/0/0,1,,,0.0001,INSUFFICIENT_SAMPLE
Candidate V4,Fortress_defense_pattern,FortressBot:receive:7/7/0/0/0,1,,,0.0001,INSUFFICIENT_SAMPLE
Candidate V4,Fortress_defense_pattern,FortressBot:rally:4/3/2/2/2/2/1/1/0/0,1,,,0.0001,INSUFFICIENT_SAMPLE
Candidate V4,Fortress_defense_pattern,FortressBot:rally:5/2/2/2/2/1/1/1/0/0,1,,,0.0001,INSUFFICIENT_SAMPLE
Candidate V4,Fortress_defense_pattern,FortressBot:rally:4/4/4/2/2/2/1/1/1/0,1,,,0.0001,INSUFFICIENT_SAMPLE
Candidate V4,Fortress_defense_pattern,FortressBot:rally:7/3/3/3/2/2/2/0/0/0,1,,,0.0001,INSUFFICIENT_SAMPLE
Candidate V4,Fortress_defense_pattern,FortressBot:rally:5/4/3/2/2/2/2/2/1/1,1,,,0.0001,INSUFFICIENT_SAMPLE
Candidate V4,Fortress_defense_pattern,FortressBot:rally:8/5/4/2/2/1/1/0/0/0,1,,,0.0001,INSUFFICIENT_SAMPLE
Candidate V4,Fortress_defense_pattern,FortressBot:rally:5/4/4/3/2/2/2/1/1/0,1,,,0.0001,INSUFFICIENT_SAMPLE
Candidate V4,Fortress_defense_pattern,FortressBot:rally:2/2/2/2/1/1/1/1/1/1,1,,,0.0001,INSUFFICIENT_SAMPLE
Candidate V4,Fortress_defense_pattern,FortressBot:rally:4/4/4/3/3/3/2/1/1/0,1,,,0.0001,INSUFFICIENT_SAMPLE
Candidate V4,Fortress_defense_pattern,FortressBot:rally:7/5/3/3/2/2/2/2/2/0,1,,,0.0001,INSUFFICIENT_SAMPLE
Candidate V4,Fortress_defense_pattern,FortressBot:service:5/1/1/0/0,1,,,0.0001,INSUFFICIENT_SAMPLE
Candidate V4,Fortress_defense_pattern,FortressBot:rally:5/4/3/3/3/2/2/1/1/0,1,,,0.0001,INSUFFICIENT_SAMPLE
Candidate V4,Fortress_defense_pattern,FortressBot:rally:6/4/3/3/2/1/1/0/0/0,1,,,0.0001,INSUFFICIENT_SAMPLE
Candidate V4,Fortress_defense_pattern,FortressBot:rally:8/4/3/2/2/2/1/1/1/0,1,,,0.0001,INSUFFICIENT_SAMPLE
Candidate V4,Fortress_defense_pattern,FortressBot:rally:5/5/3/3/2/2/2/1/0/0,1,,,0.0001,INSUFFICIENT_SAMPLE
Candidate V4,Fortress_defense_pattern,FortressBot:rally:7/3/3/3/2/2/2/1/1/0,1,,,0.0001,INSUFFICIENT_SAMPLE
Candidate V4,Fortress_defense_pattern,FortressBot:rally:7/6/2/2/2/2/2/0/0/0,1,,,0.0001,INSUFFICIENT_SAMPLE
Candidate V4,Fortress_defense_pattern,FortressBot:receive:4/4/3/0/0,1,,,0.0001,INSUFFICIENT_SAMPLE
Candidate V4,Fortress_defense_pattern,FortressBot:rally:7/7/3/3/2/1/1/0/0/0,1,,,0.0001,INSUFFICIENT_SAMPLE
Candidate V4,Fortress_defense_pattern,FortressBot:rally:7/3/3/2/2/2/1/0/0/0,1,,,0.0001,INSUFFICIENT_SAMPLE
Candidate V4,Fortress_defense_pattern,FortressBot:rally:5/5/3/3/3/2/2/1/1/0,1,,,0.0001,INSUFFICIENT_SAMPLE
Candidate V4,Fortress_defense_pattern,FortressBot:rally:4/3/1/1/1/1/0/0/0/0,1,,,0.0001,INSUFFICIENT_SAMPLE
Candidate V4,Fortress_defense_pattern,FortressBot:rally:6/4/3/3/2/2/2/1/1/0,1,,,0.0001,INSUFFICIENT_SAMPLE
Candidate V4,Fortress_defense_pattern,FortressBot:rally:6/5/4/4/2/1/1/1/0/0,1,,,0.0001,INSUFFICIENT_SAMPLE
Candidate V4,Fortress_defense_pattern,FortressBot:rally:6/3/3/3/3/1/1/1/1/0,1,,,0.0001,INSUFFICIENT_SAMPLE
Candidate V4,Fortress_defense_pattern,FortressBot:rally:11/2/2/2/2/2/1/0/0/0,1,,,0.0001,INSUFFICIENT_SAMPLE
Candidate V4,Fortress_defense_pattern,FortressBot:rally:7/3/3/2/2/1/1/1/0/0,1,,,0.0001,INSUFFICIENT_SAMPLE
Candidate V4,Fortress_defense_pattern,FortressBot:receive:10/2/1/1/0,1,,,0.0001,INSUFFICIENT_SAMPLE
Candidate V4,Fortress_defense_pattern,FortressBot:rally:3/3/3/2/2/2/2/1/1/0,1,,,0.0001,INSUFFICIENT_SAMPLE
Candidate V4,Fortress_defense_pattern,FortressBot:rally:4/4/4/2/2/2/2/1/0/0,1,,,0.0001,INSUFFICIENT_SAMPLE
Candidate V4,Fortress_defense_pattern,FortressBot:rally:6/4/4/2/2/2/1/1/1/0,1,,,0.0001,INSUFFICIENT_SAMPLE
Candidate V4,Fortress_defense_pattern,FortressBot:rally:4/3/3/2/2/2/2/1/1/0,1,,,0.0001,INSUFFICIENT_SAMPLE
Candidate V4,Fortress_defense_pattern,FortressBot:rally:9/5/3/3/2/1/1/0/0/0,1,,,0.0001,INSUFFICIENT_SAMPLE
Candidate V4,Fortress_defense_pattern,FortressBot:rally:8/6/4/4/2/1/1/1/0/0,1,,,0.0001,INSUFFICIENT_SAMPLE
Candidate V4,Fortress_defense_pattern,FortressBot:rally:9/6/3/3/3/2/2/2/1/0,1,,,0.0001,INSUFFICIENT_SAMPLE
Candidate V4,Fortress_defense_pattern,FortressBot:receive:6/3/3/1/1,1,,,0.0001,INSUFFICIENT_SAMPLE
Candidate V4,Fortress_defense_pattern,FortressBot:rally:2/2/2/1/0/0/0/0/0/0,1,,,0.0001,INSUFFICIENT_SAMPLE
Candidate V4,Fortress_defense_pattern,FortressBot:rally:4/4/3/3/3/1/1/1/1/1,1,,,0.0001,INSUFFICIENT_SAMPLE
Candidate V4,Fortress_defense_pattern,FortressBot:rally:6/6/4/3/2/0/0/0/0/0,1,,,0.0001,INSUFFICIENT_SAMPLE
Candidate V4,Fortress_defense_pattern,FortressBot:rally:3/2/2/1/1/1/1/1/0/0,1,,,0.0001,INSUFFICIENT_SAMPLE
Candidate V4,Fortress_defense_pattern,FortressBot:rally:3/2/2/2/2/2/2/2/1/0,1,,,0.0001,INSUFFICIENT_SAMPLE
Candidate V4,Fortress_defense_pattern,FortressBot:rally:7/3/3/3/2/1/1/0/0/0,1,,,0.0001,INSUFFICIENT_SAMPLE
Candidate V4,Fortress_defense_pattern,FortressBot:rally:8/4/2/2/1/1/1/1/0/0,1,,,0.0001,INSUFFICIENT_SAMPLE
Candidate V4,Fortress_defense_pattern,FortressBot:rally:7/4/3/2/2/1/1/0/0/0,1,,,0.0001,INSUFFICIENT_SAMPLE
Candidate V4,Fortress_defense_pattern,FortressBot:rally:4/3/3/2/1/1/1/1/0/0,1,,,0.0001,INSUFFICIENT_SAMPLE
Candidate V4,Fortress_defense_pattern,FortressBot:rally:5/4/4/4/3/2/1/1/0/0,1,,,0.0001,INSUFFICIENT_SAMPLE
Candidate V4,Fortress_defense_pattern,FortressBot:rally:4/2/2/2/2/1/1/1/0/0,1,,,0.0001,INSUFFICIENT_SAMPLE
Candidate V4,Fortress_defense_pattern,FortressBot:rally:5/2/2/1/1/1/1/1/0/0,1,,,0.0001,INSUFFICIENT_SAMPLE
Candidate V4,Fortress_defense_pattern,FortressBot:rally:9/4/2/2/1/1/1/1/0/0,1,,,0.0001,INSUFFICIENT_SAMPLE
Candidate V4,Fortress_defense_pattern,FortressBot:receive:12/1/1/0/0,1,,,0.0001,INSUFFICIENT_SAMPLE
Candidate V4,Fortress_defense_pattern,FortressBot:receive:4/4/1/1/1,1,,,0.0001,INSUFFICIENT_SAMPLE
Candidate V4,Fortress_defense_pattern,FortressBot:rally:6/6/4/3/3/3/2/1/0/0,1,,,0.0001,INSUFFICIENT_SAMPLE
Candidate V4,Fortress_defense_pattern,FortressBot:rally:3/2/1/1/1/1/1/1/1/0,1,,,0.0001,INSUFFICIENT_SAMPLE
Candidate V4,Fortress_defense_pattern,FortressBot:service:5/1/1/1/0,1,,,0.0001,INSUFFICIENT_SAMPLE
Candidate V4,Fortress_defense_pattern,FortressBot:rally:9/4/3/2/2/2/1/1/0/0,1,,,0.0001,INSUFFICIENT_SAMPLE
Candidate V4,Fortress_defense_pattern,FortressBot:rally:7/4/3/3/3/2/1/1/1/0,1,,,0.0001,INSUFFICIENT_SAMPLE
Candidate V4,Fortress_defense_pattern,FortressBot:rally:11/3/3/2/1/1/1/0/0/0,1,,,0.0001,INSUFFICIENT_SAMPLE
Candidate V4,Fortress_defense_pattern,FortressBot:rally:4/4/4/2/2/2/1/1/0/0,1,,,0.0001,INSUFFICIENT_SAMPLE
Candidate V4,Fortress_defense_pattern,FortressBot:rally:5/5/4/3/2/2/1/1/0/0,1,,,0.0001,INSUFFICIENT_SAMPLE
Candidate V4,Fortress_defense_pattern,FortressBot:rally:2/2/2/2/2/1/1/1/1/1,1,,,0.0001,INSUFFICIENT_SAMPLE
Candidate V4,Fortress_defense_pattern,FortressBot:rally:4/2/2/1/1/1/1/1/1/1,1,,,0.0001,INSUFFICIENT_SAMPLE
Candidate V4,Fortress_defense_pattern,FortressBot:rally:11/3/3/3/2/2/2/0/0/0,1,,,0.0001,INSUFFICIENT_SAMPLE
Candidate V4,Fortress_defense_pattern,FortressBot:rally:5/4/2/2/2/2/2/1/0/0,1,,,0.0001,INSUFFICIENT_SAMPLE
Candidate V4,Fortress_defense_pattern,FortressBot:rally:7/4/4/3/2/2/2/1/1/0,1,,,0.0001,INSUFFICIENT_SAMPLE
Candidate V4,Fortress_defense_pattern,FortressBot:rally:6/4/4/4/2/1/1/1/0/0,1,,,0.0001,INSUFFICIENT_SAMPLE
Candidate V4,Fortress_defense_pattern,FortressBot:rally:8/3/2/2/2/2/1/1/0/0,1,,,0.0001,INSUFFICIENT_SAMPLE
Candidate V4,Fortress_defense_pattern,FortressBot:service:5/1/0/0/0,1,,,0.0001,INSUFFICIENT_SAMPLE
Candidate V4,Fortress_defense_pattern,FortressBot:rally:7/4/3/2/2/2/2/1/0/0,1,,,0.0001,INSUFFICIENT_SAMPLE
Candidate V4,Fortress_defense_pattern,FortressBot:rally:8/5/3/2/2/2/1/0/0/0,1,,,0.0001,INSUFFICIENT_SAMPLE
Candidate V4,Fortress_defense_pattern,FortressBot:rally:9/4/4/3/2/1/1/0/0/0,1,,,0.0001,INSUFFICIENT_SAMPLE
Candidate V4,Fortress_defense_pattern,FortressBot:rally:9/2/2/2/2/2/2/1/0/0,1,,,0.0001,INSUFFICIENT_SAMPLE
Candidate V4,Fortress_defense_pattern,FortressBot:rally:6/3/3/3/2/1/1/1/0/0,1,,,0.0001,INSUFFICIENT_SAMPLE
Candidate V4,Fortress_defense_pattern,FortressBot:rally:3/2/1/1/1/1/1/0/0/0,1,,,0.0001,INSUFFICIENT_SAMPLE
Candidate V4,Fortress_defense_pattern,FortressBot:rally:5/5/4/4/2/1/1/1/1/0,1,,,0.0001,INSUFFICIENT_SAMPLE
Candidate V4,Fortress_defense_pattern,FortressBot:rally:7/6/4/3/1/1/1/1/0/0,1,,,0.0001,INSUFFICIENT_SAMPLE
Candidate V4,Fortress_defense_pattern,FortressBot:receive:6/3/3/2/0,1,,,0.0001,INSUFFICIENT_SAMPLE
Candidate V4,Fortress_defense_pattern,FortressBot:rally:6/5/4/3/2/1/0/0/0/0,1,,,0.0001,INSUFFICIENT_SAMPLE
Candidate V4,Fortress_defense_pattern,FortressBot:rally:10/4/3/2/2/2/2/2/1/1,1,,,0.0001,INSUFFICIENT_SAMPLE
Candidate V4,Fortress_defense_pattern,FortressBot:rally:3/3/3/2/2/2/1/1/0/0,1,,,0.0001,INSUFFICIENT_SAMPLE
Candidate V4,Fortress_defense_pattern,FortressBot:rally:6/4/3/2/2/2/2/1/1/1,1,,,0.0001,INSUFFICIENT_SAMPLE
Candidate V4,Fortress_defense_pattern,FortressBot:rally:10/4/3/2/2/2/1/0/0/0,1,,,0.0001,INSUFFICIENT_SAMPLE
Candidate V4,Fortress_defense_pattern,FortressBot:rally:4/4/4/4/2/2/1/1/1/1,1,,,0.0001,INSUFFICIENT_SAMPLE
Candidate V4,Fortress_defense_pattern,FortressBot:rally:5/4/4/4/3/2/0/0/0/0,1,,,0.0001,INSUFFICIENT_SAMPLE
Candidate V4,Fortress_defense_pattern,FortressBot:rally:7/4/3/3/3/2/1/1/0/0,1,,,0.0001,INSUFFICIENT_SAMPLE
Candidate V4,Fortress_defense_pattern,FortressBot:rally:7/5/4/3/2/2/1/0/0/0,1,,,0.0001,INSUFFICIENT_SAMPLE
Candidate V4,Fortress_defense_pattern,FortressBot:receive:4/3/3/1/0,1,,,0.0001,INSUFFICIENT_SAMPLE
Candidate V4,Fortress_defense_pattern,FortressBot:receive:5/4/3/1/0,1,,,0.0001,INSUFFICIENT_SAMPLE
Candidate V4,Fortress_defense_pattern,FortressBot:rally:5/4/3/2/2/2/1/1/0/0,1,,,0.0001,INSUFFICIENT_SAMPLE
Candidate V4,Fortress_defense_pattern,FortressBot:rally:9/4/4/3/3/2/2/2/1/0,1,,,0.0001,INSUFFICIENT_SAMPLE
Candidate V4,Fortress_defense_pattern,FortressBot:rally:7/6/4/4/2/2/1/1/1/0,1,,,0.0001,INSUFFICIENT_SAMPLE
Candidate V4,Fortress_defense_pattern,FortressBot:rally:4/2/2/2/2/2/2/2/2/1,1,,,0.0001,INSUFFICIENT_SAMPLE
Candidate V4,Fortress_defense_pattern,FortressBot:receive:7/3/3/1/0,1,,,0.0001,INSUFFICIENT_SAMPLE
Candidate V4,Fortress_defense_pattern,FortressBot:rally:6/2/2/2/2/2/1/1/1/0,1,,,0.0001,INSUFFICIENT_SAMPLE
Candidate V4,Fortress_defense_pattern,FortressBot:rally:7/3/3/2/2/1/1/1/1/0,1,,,0.0001,INSUFFICIENT_SAMPLE
Candidate V4,Fortress_defense_pattern,FortressBot:rally:9/4/3/3/3/2/2/2/1/1,1,,,0.0001,INSUFFICIENT_SAMPLE
Candidate V4,Fortress_defense_pattern,FortressBot:rally:9/3/3/3/2/1/1/1/0/0,1,,,0.0001,INSUFFICIENT_SAMPLE
Candidate V4,Fortress_defense_pattern,FortressBot:receive:7/1/1/1/1,1,,,0.0001,INSUFFICIENT_SAMPLE
Candidate V4,Fortress_defense_pattern,FortressBot:rally:4/3/3/3/3/3/2/1/0/0,1,,,0.0001,INSUFFICIENT_SAMPLE
Candidate V4,Fortress_defense_pattern,FortressBot:rally:9/7/3/3/3/2/2/1/0/0,1,,,0.0001,INSUFFICIENT_SAMPLE
Candidate V4,Fortress_defense_pattern,FortressBot:rally:5/3/3/2/2/2/1/1/1/0,1,,,0.0001,INSUFFICIENT_SAMPLE
Candidate V4,Fortress_defense_pattern,FortressBot:rally:8/4/3/3/2/2/2/1/1/0,1,,,0.0001,INSUFFICIENT_SAMPLE
Candidate V4,Fortress_defense_pattern,FortressBot:rally:8/5/4/2/2/1/1/1/0/0,1,,,0.0001,INSUFFICIENT_SAMPLE
Candidate V4,Fortress_defense_pattern,FortressBot:rally:8/6/3/3/3/2/1/1/1/0,1,,,0.0001,INSUFFICIENT_SAMPLE
Candidate V4,Fortress_defense_pattern,FortressBot:rally:4/3/2/2/1/1/1/1/1/0,1,,,0.0001,INSUFFICIENT_SAMPLE
Candidate V4,Fortress_defense_pattern,FortressBot:rally:9/5/4/4/3/1/1/1/1/0,1,,,0.0001,INSUFFICIENT_SAMPLE
Candidate V4,Fortress_defense_pattern,FortressBot:rally:4/3/3/3/3/2/1/1/1/1,1,,,0.0001,INSUFFICIENT_SAMPLE
Candidate V4,Fortress_defense_pattern,FortressBot:rally:6/4/4/3/2/1/1/1/1/0,1,,,0.0001,INSUFFICIENT_SAMPLE
Candidate V4,Fortress_defense_pattern,FortressBot:rally:7/5/3/3/2/1/1/1/0/0,1,,,0.0001,INSUFFICIENT_SAMPLE
Candidate V4,Fortress_defense_pattern,FortressBot:rally:5/4/3/3/3/2/2/1/0/0,1,,,0.0001,INSUFFICIENT_SAMPLE
Candidate V4,Fortress_defense_pattern,FortressBot:receive:5/2/1/1/1,1,,,0.0001,INSUFFICIENT_SAMPLE
Candidate V4,Fortress_defense_pattern,FortressBot:rally:6/5/4/4/1/0/0/0/0/0,1,,,0.0001,INSUFFICIENT_SAMPLE
Candidate V4,Fortress_defense_pattern,FortressBot:rally:6/3/2/2/2/2/2/1/0/0,1,,,0.0001,INSUFFICIENT_SAMPLE
Candidate V4,Fortress_defense_pattern,FortressBot:rally:3/3/2/2/2/2/1/0/0/0,1,,,0.0001,INSUFFICIENT_SAMPLE
Candidate V4,Fortress_defense_pattern,FortressBot:rally:4/4/4/3/2/1/1/1/1/0,1,,,0.0001,INSUFFICIENT_SAMPLE
Candidate V4,Fortress_defense_pattern,FortressBot:rally:7/4/4/3/2/1/1/1/0/0,1,,,0.0001,INSUFFICIENT_SAMPLE
Candidate V4,Fortress_defense_pattern,FortressBot:receive:4/2/2/0/0,1,,,0.0001,INSUFFICIENT_SAMPLE
Candidate V4,Fortress_defense_pattern,FortressBot:rally:5/4/3/3/2/2/1/1/0/0,1,,,0.0001,INSUFFICIENT_SAMPLE
Candidate V4,Fortress_defense_pattern,FortressBot:rally:8/3/3/3/3/2/1/0/0/0,1,,,0.0001,INSUFFICIENT_SAMPLE
Candidate V4,Fortress_defense_pattern,FortressBot:rally:7/5/3/3/2/2/1/1/0/0,1,,,0.0001,INSUFFICIENT_SAMPLE
Candidate V4,Fortress_defense_pattern,FortressBot:rally:5/4/2/2/2/1/1/1/0/0,1,,,0.0001,INSUFFICIENT_SAMPLE
Candidate V4,Fortress_defense_pattern,FortressBot:receive:5/2/2/1/0,1,,,0.0001,INSUFFICIENT_SAMPLE
Candidate V4,Fortress_defense_pattern,FortressBot:rally:4/2/2/2/1/1/1/1/0/0,1,,,0.0001,INSUFFICIENT_SAMPLE
Candidate V4,Fortress_defense_pattern,FortressBot:receive:4/3/3/0/0,1,,,0.0001,INSUFFICIENT_SAMPLE
Candidate V4,Fortress_defense_pattern,FortressBot:rally:3/3/2/2/2/2/2/1/1/0,1,,,0.0001,INSUFFICIENT_SAMPLE
Candidate V4,Fortress_defense_pattern,FortressBot:rally:9/5/4/3/1/1/1/0/0/0,1,,,0.0001,INSUFFICIENT_SAMPLE
Candidate V4,Fortress_defense_pattern,FortressBot:receive:6/5/0/0/0,1,,,0.0001,INSUFFICIENT_SAMPLE
Candidate V4,Fortress_defense_pattern,FortressBot:rally:5/3/3/1/1/1/1/0/0/0,1,,,0.0001,INSUFFICIENT_SAMPLE
Candidate V4,Fortress_defense_pattern,FortressBot:rally:6/6/4/3/2/2/2/1/1/0,1,,,0.0001,INSUFFICIENT_SAMPLE
Candidate V4,Fortress_defense_pattern,FortressBot:rally:9/3/3/2/2/2/1/1/1/0,1,,,0.0001,INSUFFICIENT_SAMPLE
Candidate V4,Fortress_defense_pattern,FortressBot:rally:9/4/3/2/1/1/1/0/0/0,1,,,0.0001,INSUFFICIENT_SAMPLE
Candidate V4,Fortress_defense_pattern,FortressBot:rally:4/3/2/2/2/2/1/0/0/0,1,,,0.0001,INSUFFICIENT_SAMPLE
Candidate V4,Fortress_defense_pattern,FortressBot:rally:11/4/4/3/2/1/1/0/0/0,1,,,0.0001,INSUFFICIENT_SAMPLE
Candidate V4,Fortress_defense_pattern,FortressBot:rally:3/3/3/2/1/1/1/1/1/1,1,,,0.0001,INSUFFICIENT_SAMPLE
Candidate V4,Fortress_defense_pattern,FortressBot:rally:5/4/3/2/2/2/2/1/1/1,1,,,0.0001,INSUFFICIENT_SAMPLE
Candidate V4,Fortress_defense_pattern,FortressBot:rally:4/4/3/2/1/1/1/1/1/1,1,,,0.0001,INSUFFICIENT_SAMPLE
Candidate V4,Fortress_defense_pattern,FortressBot:rally:11/4/2/1/1/1/1/1/0/0,1,,,0.0001,INSUFFICIENT_SAMPLE
Candidate V4,Fortress_defense_pattern,FortressBot:rally:6/3/3/3/3/2/1/1/1/0,1,,,0.0001,INSUFFICIENT_SAMPLE
Candidate V4,Fortress_defense_pattern,FortressBot:rally:8/5/4/3/2/2/1/0/0/0,1,,,0.0001,INSUFFICIENT_SAMPLE
Candidate V4,Fortress_defense_pattern,FortressBot:service:5/3/0/0/0,1,,,0.0001,INSUFFICIENT_SAMPLE
Candidate V4,Fortress_defense_pattern,FortressBot:rally:6/5/3/3/2/2/1/1/0/0,1,,,0.0001,INSUFFICIENT_SAMPLE
Candidate V4,Fortress_defense_pattern,FortressBot:rally:5/4/3/3/2/2/2/1/1/1,1,,,0.0001,INSUFFICIENT_SAMPLE
Candidate V4,Fortress_defense_pattern,FortressBot:rally:5/4/3/2/2/2/2/2/1/0,1,,,0.0001,INSUFFICIENT_SAMPLE
Candidate V4,Fortress_defense_pattern,FortressBot:rally:7/6/3/3/2/1/1/0/0/0,1,,,0.0001,INSUFFICIENT_SAMPLE
Candidate V4,Fortress_defense_pattern,FortressBot:rally:2/2/2/2/2/1/1/1/1/0,1,,,0.0001,INSUFFICIENT_SAMPLE
Candidate V4,Fortress_defense_pattern,FortressBot:receive:9/2/2/0/0,1,,,0.0001,INSUFFICIENT_SAMPLE
Candidate V4,Fortress_defense_pattern,FortressBot:rally:7/4/4/3/2/2/2/1/0/0,1,,,0.0001,INSUFFICIENT_SAMPLE
Candidate V4,Fortress_defense_pattern,FortressBot:rally:1/1/1/1/1/1/1/1/0/0,1,,,0.0001,INSUFFICIENT_SAMPLE
Candidate V4,Fortress_defense_pattern,FortressBot:rally:7/5/4/2/2/2/1/1/0/0,1,,,0.0001,INSUFFICIENT_SAMPLE
Candidate V4,Fortress_defense_pattern,FortressBot:rally:1/1/1/1/1/1/1/0/0/0,1,,,0.0001,INSUFFICIENT_SAMPLE
Candidate V4,Fortress_defense_pattern,FortressBot:rally:8/4/4/2/2/2/1/0/0/0,1,,,0.0001,INSUFFICIENT_SAMPLE
Candidate V4,Fortress_defense_pattern,FortressBot:rally:4/4/4/2/1/1/1/1/1/1,1,,,0.0001,INSUFFICIENT_SAMPLE
Candidate V4,Fortress_defense_pattern,FortressBot:rally:7/5/4/3/2/1/1/0/0/0,1,,,0.0001,INSUFFICIENT_SAMPLE
Candidate V4,Fortress_defense_pattern,FortressBot:rally:6/4/3/3/1/1/1/1/0/0,1,,,0.0001,INSUFFICIENT_SAMPLE
Candidate V4,Fortress_defense_pattern,FortressBot:receive:4/3/3/2/1,1,,,0.0001,INSUFFICIENT_SAMPLE
Candidate V4,Fortress_defense_pattern,FortressBot:rally:3/3/2/2/2/1/1/0/0/0,1,,,0.0001,INSUFFICIENT_SAMPLE
Candidate V4,Fortress_defense_pattern,FortressBot:receive:6/4/2/2/0,1,,,0.0001,INSUFFICIENT_SAMPLE
Candidate V4,Fortress_defense_pattern,FortressBot:rally:10/6/4/4/4/1/1/0/0/0,1,,,0.0001,INSUFFICIENT_SAMPLE
Candidate V4,Fortress_defense_pattern,FortressBot:rally:4/4/3/3/3/2/1/0/0/0,1,,,0.0001,INSUFFICIENT_SAMPLE
Candidate V4,Fortress_defense_pattern,FortressBot:rally:7/3/2/2/2/2/1/1/1/0,1,,,0.0001,INSUFFICIENT_SAMPLE
Candidate V4,Fortress_defense_pattern,FortressBot:rally:3/2/2/2/2/2/1/1/0/0,1,,,0.0001,INSUFFICIENT_SAMPLE
Candidate V4,Fortress_defense_pattern,FortressBot:rally:8/5/3/3/2/2/0/0/0/0,1,,,0.0001,INSUFFICIENT_SAMPLE
Candidate V4,Fortress_defense_pattern,FortressBot:rally:8/5/3/3/2/2/2/2/0/0,1,,,0.0001,INSUFFICIENT_SAMPLE
Candidate V4,Fortress_defense_pattern,FortressBot:rally:5/5/4/4/2/2/1/1/1/0,1,,,0.0001,INSUFFICIENT_SAMPLE
Candidate V4,Fortress_defense_pattern,FortressBot:rally:2/2/2/2/2/2/2/0/0/0,1,,,0.0001,INSUFFICIENT_SAMPLE
Candidate V4,Fortress_defense_pattern,FortressBot:rally:7/4/2/2/2/2/1/1/1/1,1,,,0.0001,INSUFFICIENT_SAMPLE
Candidate V4,Fortress_defense_pattern,FortressBot:rally:7/5/4/4/1/1/1/1/0/0,1,,,0.0001,INSUFFICIENT_SAMPLE
Candidate V4,Fortress_defense_pattern,FortressBot:rally:8/4/4/2/2/1/0/0/0/0,1,,,0.0001,INSUFFICIENT_SAMPLE
Candidate V4,Fortress_defense_pattern,FortressBot:rally:3/2/1/1/1/1/1/1/0/0,1,,,0.0001,INSUFFICIENT_SAMPLE
Candidate V4,Fortress_defense_pattern,FortressBot:rally:6/4/3/2/2/1/1/1/0/0,1,,,0.0001,INSUFFICIENT_SAMPLE
Candidate V4,Fortress_defense_pattern,FortressBot:rally:8/4/4/3/3/3/2/2/1/1,1,,,0.0001,INSUFFICIENT_SAMPLE
Candidate V4,Fortress_defense_pattern,FortressBot:rally:7/5/3/3/2/2/2/0/0/0,1,,,0.0001,INSUFFICIENT_SAMPLE
Candidate V4,Fortress_defense_pattern,FortressBot:service:5/2/0/0/0,1,,,0.0001,INSUFFICIENT_SAMPLE
Candidate V4,Fortress_defense_pattern,FortressBot:rally:8/3/3/2/1/1/1/1/0/0,1,,,0.0001,INSUFFICIENT_SAMPLE
Candidate V4,Fortress_defense_pattern,FortressBot:rally:9/3/2/2/2/2/2/1/1/0,1,,,0.0001,INSUFFICIENT_SAMPLE
Candidate V4,Fortress_defense_pattern,FortressBot:rally:6/3/2/1/1/1/1/1/1/0,1,,,0.0001,INSUFFICIENT_SAMPLE
Candidate V4,Fortress_defense_pattern,FortressBot:rally:11/4/4/2/1/1/1/1/1/0,1,,,0.0001,INSUFFICIENT_SAMPLE
Candidate V4,Fortress_defense_pattern,FortressBot:rally:8/4/3/2/1/1/1/1/0/0,1,,,0.0001,INSUFFICIENT_SAMPLE
Candidate V4,Fortress_defense_pattern,FortressBot:rally:6/5/4/3/2/2/1/1/1/0,1,,,0.0001,INSUFFICIENT_SAMPLE
Candidate V4,Fortress_defense_pattern,FortressBot:rally:5/3/2/2/2/2/2/1/1/1,1,,,0.0001,INSUFFICIENT_SAMPLE
Candidate V4,Fortress_defense_pattern,FortressBot:rally:4/4/3/3/3/1/1/1/1/0,1,,,0.0001,INSUFFICIENT_SAMPLE
Candidate V4,Fortress_defense_pattern,FortressBot:rally:10/4/4/4/3/2/2/1/0/0,1,,,0.0001,INSUFFICIENT_SAMPLE
Candidate V4,Fortress_defense_pattern,FortressBot:rally:8/4/3/2/2/1/1/0/0/0,1,,,0.0001,INSUFFICIENT_SAMPLE
Candidate V4,Fortress_defense_pattern,FortressBot:rally:3/3/1/0/0/0/0/0/0/0,1,,,0.0001,INSUFFICIENT_SAMPLE
Candidate V4,Fortress_defense_pattern,FortressBot:rally:8/3/2/2/2/2/2/1/1/0,1,,,0.0001,INSUFFICIENT_SAMPLE
Candidate V4,Fortress_defense_pattern,FortressBot:rally:5/5/4/3/2/1/1/1/1/0,1,,,0.0001,INSUFFICIENT_SAMPLE
Candidate V4,Fortress_defense_pattern,FortressBot:receive:3/2/2/2/2,1,,,0.0001,INSUFFICIENT_SAMPLE
Candidate V4,Fortress_defense_pattern,FortressBot:rally:12/4/4/4/2/2/1/0/0/0,1,,,0.0001,INSUFFICIENT_SAMPLE
Candidate V4,Fortress_defense_pattern,FortressBot:receive:8/5/0/0/0,1,,,0.0001,INSUFFICIENT_SAMPLE
Candidate V4,Fortress_defense_pattern,FortressBot:rally:4/4/4/4/3/2/1/0/0/0,1,,,0.0001,INSUFFICIENT_SAMPLE
Candidate V4,Fortress_defense_pattern,FortressBot:rally:5/5/4/3/2/2/1/1/1/0,1,,,0.0001,INSUFFICIENT_SAMPLE
Candidate V4,Fortress_defense_pattern,FortressBot:rally:3/3/3/3/2/1/1/1/1/0,1,,,0.0001,INSUFFICIENT_SAMPLE
Candidate V4,Fortress_defense_pattern,FortressBot:rally:5/3/2/2/1/1/1/0/0/0,1,,,0.0001,INSUFFICIENT_SAMPLE
Candidate V4,Fortress_defense_pattern,FortressBot:rally:7/4/4/3/2/2/1/0/0/0,1,,,0.0001,INSUFFICIENT_SAMPLE
Candidate V4,Fortress_defense_pattern,FortressBot:rally:6/5/3/3/3/2/2/1/0/0,1,,,0.0001,INSUFFICIENT_SAMPLE
Candidate V4,Fortress_defense_pattern,FortressBot:rally:4/4/4/2/2/1/1/1/1/1,1,,,0.0001,INSUFFICIENT_SAMPLE
Candidate V4,Fortress_defense_pattern,FortressBot:rally:6/5/3/3/3/1/1/1/0/0,1,,,0.0001,INSUFFICIENT_SAMPLE
Candidate V4,Fortress_defense_pattern,FortressBot:receive:9/5/0/0/0,1,,,0.0001,INSUFFICIENT_SAMPLE
Candidate V4,Fortress_defense_pattern,FortressBot:receive:6/6/2/0/0,1,,,0.0001,INSUFFICIENT_SAMPLE
Candidate V4,Fortress_defense_pattern,FortressBot:rally:9/4/3/3/2/1/1/0/0/0,1,,,0.0001,INSUFFICIENT_SAMPLE
Candidate V4,Fortress_defense_pattern,FortressBot:rally:5/3/3/3/3/3/2/1/1/0,1,,,0.0001,INSUFFICIENT_SAMPLE
Candidate V4,Fortress_defense_pattern,FortressBot:rally:5/3/2/2/2/2/1/1/1/0,1,,,0.0001,INSUFFICIENT_SAMPLE
Candidate V4,Fortress_defense_pattern,FortressBot:rally:4/2/2/1/1/1/0/0/0/0,1,,,0.0001,INSUFFICIENT_SAMPLE
Candidate V4,Fortress_defense_pattern,FortressBot:rally:4/3/2/2/2/2/2/2/1/1,1,,,0.0001,INSUFFICIENT_SAMPLE
Candidate V4,Fortress_defense_pattern,FortressBot:rally:6/3/3/3/2/2/1/1/1/1,1,,,0.0001,INSUFFICIENT_SAMPLE
Candidate V4,Fortress_defense_pattern,FortressBot:rally:6/3/3/3/2/2/2/1/1/0,1,,,0.0001,INSUFFICIENT_SAMPLE
Candidate V4,Fortress_defense_pattern,FortressBot:rally:5/5/4/3/3/2/1/0/0/0,1,,,0.0001,INSUFFICIENT_SAMPLE
Candidate V4,Fortress_defense_pattern,FortressBot:rally:8/3/3/3/2/1/1/0/0/0,1,,,0.0001,INSUFFICIENT_SAMPLE
Candidate V4,Fortress_defense_pattern,FortressBot:rally:8/4/3/2/2/2/2/0/0/0,1,,,0.0001,INSUFFICIENT_SAMPLE
Candidate V4,Fortress_defense_pattern,FortressBot:rally:9/4/4/3/3/2/1/1/1/0,1,,,0.0001,INSUFFICIENT_SAMPLE
Candidate V4,Fortress_defense_pattern,FortressBot:rally:2/2/2/2/2/2/2/2/1/1,1,,,0.0001,INSUFFICIENT_SAMPLE
Candidate V4,Fortress_defense_pattern,FortressBot:receive:8/3/1/1/1,1,,,0.0001,INSUFFICIENT_SAMPLE
Candidate V4,Fortress_defense_pattern,FortressBot:rally:8/4/3/3/2/2/2/2/1/0,1,,,0.0001,INSUFFICIENT_SAMPLE
Candidate V4,Fortress_defense_pattern,FortressBot:rally:7/4/4/3/1/1/1/0/0/0,1,,,0.0001,INSUFFICIENT_SAMPLE
Candidate V4,Fortress_defense_pattern,FortressBot:rally:8/4/4/2/2/2/1/1/1/0,1,,,0.0001,INSUFFICIENT_SAMPLE
Candidate V4,Fortress_defense_pattern,FortressBot:receive:3/3/1/1/0,1,,,0.0001,INSUFFICIENT_SAMPLE
Candidate V4,Fortress_defense_pattern,FortressBot:receive:6/4/2/1/1,1,,,0.0001,INSUFFICIENT_SAMPLE
Candidate V4,Fortress_defense_pattern,FortressBot:rally:8/4/4/2/2/2/1/1/0/0,1,,,0.0001,INSUFFICIENT_SAMPLE
Candidate V4,Fortress_defense_pattern,FortressBot:rally:8/4/3/3/1/1/1/1/1/0,1,,,0.0001,INSUFFICIENT_SAMPLE
Candidate V4,Fortress_defense_pattern,FortressBot:rally:9/4/3/3/3/2/2/1/1/1,1,,,0.0001,INSUFFICIENT_SAMPLE
Candidate V4,Fortress_defense_pattern,FortressBot:rally:9/6/4/4/3/1/1/1/1/0,1,,,0.0001,INSUFFICIENT_SAMPLE
Candidate V4,Fortress_defense_pattern,FortressBot:rally:5/4/3/2/1/1/1/1/1/0,1,,,0.0001,INSUFFICIENT_SAMPLE
Candidate V4,Fortress_defense_pattern,FortressBot:rally:3/3/3/2/2/2/2/1/1/1,1,,,0.0001,INSUFFICIENT_SAMPLE
Candidate V4,Fortress_defense_pattern,FortressBot:rally:9/3/3/2/2/1/1/1/1/0,1,,,0.0001,INSUFFICIENT_SAMPLE
Candidate V4,Fortress_defense_pattern,FortressBot:rally:10/4/3/3/1/1/1/1/0/0,1,,,0.0001,INSUFFICIENT_SAMPLE
Candidate V4,Fortress_defense_pattern,FortressBot:rally:9/4/3/3/3/0/0/0/0/0,1,,,0.0001,INSUFFICIENT_SAMPLE
Candidate V4,Fortress_defense_pattern,FortressBot:rally:6/4/3/3/2/2/1/1/1/1,1,,,0.0001,INSUFFICIENT_SAMPLE
Candidate V4,Fortress_defense_pattern,FortressBot:rally:4/4/3/3/3/3/2/0/0/0,1,,,0.0001,INSUFFICIENT_SAMPLE
Candidate V4,Fortress_defense_pattern,FortressBot:rally:8/4/3/3/3/1/0/0/0/0,1,,,0.0001,INSUFFICIENT_SAMPLE
Candidate V4,Fortress_defense_pattern,FortressBot:service:5/4/0/0/0,1,,,0.0001,INSUFFICIENT_SAMPLE
Candidate V4,Fortress_defense_pattern,FortressBot:rally:5/3/2/2/1/1/1/1/0/0,1,,,0.0001,INSUFFICIENT_SAMPLE
Candidate V4,Fortress_defense_pattern,FortressBot:rally:7/3/3/2/2/2/2/1/1/0,1,,,0.0001,INSUFFICIENT_SAMPLE
Candidate V4,Fortress_defense_pattern,FortressBot:rally:2/2/2/1/1/1/1/0/0/0,1,,,0.0001,INSUFFICIENT_SAMPLE
Candidate V4,Fortress_defense_pattern,FortressBot:rally:8/5/3/3/2/1/1/1/0/0,1,,,0.0001,INSUFFICIENT_SAMPLE
Candidate V4,Fortress_defense_pattern,FortressBot:receive:4/3/1/1/0,1,,,0.0001,INSUFFICIENT_SAMPLE
Candidate V4,Fortress_defense_pattern,FortressBot:rally:6/4/3/3/3/3/0/0/0/0,1,,,0.0001,INSUFFICIENT_SAMPLE
